case_id,dataset_id,dataset_name,source_record_id,source_index,model_id,model_name,input,reference,output,error,context_source,exact_match,edit_similarity,chrf,wer,length_ratio,input_tokens,output_tokens,generation_seconds,tokens_per_second
V01,voiceink-validation,VoiceInk validation sample,59,59,cleanup-2b-4bit,Cleanup Qwen3.5 2B 4-bit,mina where should i return the folding chairs the parish hall or the sports pavilion question mark and who has the storage key i can go tomorrow,"Mina, where should I return the folding chairs, the parish hall or the sports pavilion? And who has the storage key? I can go tomorrow.",Where should I return the folding chairs: the parish hall or the sports pavilion? Who has the storage key? I can go tomorrow.,,dataset_system_prompt,False,0.9384615384615383,0.8430541711685214,0.2,0.9259259259259259,102,28,0.6868321250003646,40.76687589414245
V02,voiceink-validation,VoiceInk validation sample,67,67,cleanup-2b-4bit,Cleanup Qwen3.5 2B 4-bit,message to dev colon the freezer door looks shut but it isnt sealing comma so push it until you hear two clicks not one full stop,"Message to Dev: The freezer door looks shut, but it isn’t sealing, so push it until you hear 2 clicks, not one.","Message to Dev: The freezer door looks shut, but it isn’t sealing. So push it until you hear two clicks.",,dataset_system_prompt,False,0.9209302325581397,0.8066944853765727,0.2727272727272727,0.9369369369369369,100,25,0.5835767919998034,42.839263560036194
V03,voiceink-validation,VoiceInk validation sample,113,113,cleanup-2b-4bit,Cleanup Qwen3.5 2B 4-bit,dear ken we heard about your new house period may we visit next sunday around tea time question mark warm wishes comma lou and fay,"Dear Ken,

We heard about your new house. May we visit next Sunday around teatime?

Warm wishes,
Lou and Fay","Dear Ken,

We heard about your new house. May we visit next Sunday around tea time? Warm wishes, Lou and Fay",,dataset_system_prompt,False,0.9722222222222221,0.9819977433574129,0.21052631578947367,1.0,100,26,0.6225055000004431,41.766699250017055
V04,voiceink-validation,VoiceInk validation sample,213,213,cleanup-2b-4bit,Cleanup Qwen3.5 2B 4-bit,can the taxi take four passengers plus a folding wheelchair and two medium cases or should we request a larger car question mark for the airport run,"Can the taxi take 4 passengers, a folding wheelchair, and 2 medium cases, or should we request a larger car for the airport run?","Can the taxi take four passengers plus a folding wheelchair and two medium cases, or should we request a larger car?",,dataset_system_prompt,False,0.8524590163934427,0.7076558470661475,0.4166666666666667,0.90625,101,23,0.5136878749999596,44.774270757318945
V05,voiceink-validation,VoiceInk validation sample,426,426,cleanup-2b-4bit,Cleanup Qwen3.5 2B 4-bit,before the guests arrive saturday morning comma separate the white laundry wash the towels at sixty and hang the linen shirts instead of machine drying them,"Before the guests arrive Saturday morning, separate the white laundry, wash the towels at 60 degrees, and hang the linen shirts instead of machine-drying them.","Before the guests arrive Saturday morning, separate the white laundry, wash the towels at sixty, and hang the linen shirts instead of machine drying them.",,dataset_system_prompt,False,0.952076677316294,0.8856037628468175,0.16,0.9685534591194969,101,29,0.6496267920001628,44.64101597582005
V06,voiceink-validation,VoiceInk validation sample,465,465,cleanup-2b-4bit,Cleanup Qwen3.5 2B 4-bit,dear neighbors please collect your post from the lower lobby shelf by friday evening period anything remaining there will move to reception before mondays delivery,"Dear Neighbors,

Please collect your post from the lower lobby shelf by Friday evening. Anything remaining there will move to Reception before Monday’s delivery.","Dear neighbors,

Please collect your post from the lower lobby shelf by Friday evening. Anything remaining there will be moved to reception before Monday's delivery.",,dataset_system_prompt,False,0.9693251533742331,0.8591032282242432,0.20833333333333334,1.0248447204968945,101,30,0.5607733329998155,53.49755103281609
V07,voiceink-validation,VoiceInk validation sample,582,582,cleanup-2b-4bit,Cleanup Qwen3.5 2B 4-bit,support closed the incident at eleven forty p m utc service had been stable since ten oh five and monitoring continued overnight with the incident commander remaining on call,"Support closed the incident at 11:40 PM UTC. Service had been stable since 10:05, and monitoring continued overnight. The Incident Commander remained on call.","Support closed the incident at 11:40 UTC. Service had been stable since 10:05, and monitoring continued overnight with the incident commander remaining on call.",,dataset_system_prompt,False,0.9371069182389937,0.8247407882006729,0.2916666666666667,1.0126582278481013,103,37,0.7363970000005793,50.24463706393548
V08,voiceink-validation,VoiceInk validation sample,650,650,cleanup-2b-4bit,Cleanup Qwen3.5 2B 4-bit,the sales manager approved the five percent discount but not the free implementation package shown in the latest quote despite a separate verbal concession request,"The Sales manager approved the 5% discount, but not the free implementation package shown in the latest quote. A separate verbal concession request remains unapproved.","The sales manager approved the 5% discount, but not the free implementation package shown in the latest quote despite a separate verbal concession request.",,dataset_system_prompt,False,0.9006211180124224,0.8269121004510483,0.28,0.9281437125748503,99,28,0.6359163750003063,44.03094667909206
V09,voiceink-validation,VoiceInk validation sample,948,948,cleanup-2b-4bit,Cleanup Qwen3.5 2B 4-bit,why did the nightly pipe line finish green even though the schema validation step logged seventeen errors is continue on error set somewhere question mark,Why did the nightly pipeline finish green even though the schema validation step logged 17 errors? Is continue-on-error set somewhere?,Why did the nightly pipeline finish green even though the schema validation step logged seventeen errors? Is it continue on error set somewhere?,,dataset_system_prompt,False,0.935251798561151,0.8637206332109523,0.25,1.0746268656716418,99,25,0.5633887089998098,44.374336227615885
V10,voiceink-validation,VoiceInk validation sample,1001,1001,cleanup-2b-4bit,Cleanup Qwen3.5 2B 4-bit,please shorten the permission dialog it currently says in order to continue we need to be able to access your microphone period keep the reason visible though,"Please shorten the permission dialog. It currently says, “In order to continue, we need to be able to access your microphone.” Keep the reason visible, though.","Please shorten the permission dialog. It currently says: “In order to continue, we need to be able to access your microphone.” Keep the reason visible though.",,dataset_system_prompt,False,0.9905362776025235,0.9376704584932898,0.07692307692307693,0.9937106918238994,101,32,0.6662800839994816,48.027850101587156
V11,voiceink-validation,VoiceInk validation sample,1107,1107,cleanup-2b-4bit,Cleanup Qwen3.5 2B 4-bit,the search index skipped records with emoji in the title reprocessing succeeds after unicode normalization form c is applied period existing records need back filling,The search index skipped records with emoji in the title. Reprocessing succeeds after Unicode Normalization Form C is applied. Existing records need backfilling.,The search index skipped records with emoji in the title. Reprocessing succeeds after Unicode normalization from C is applied. Existing records need backfilling.,,dataset_system_prompt,False,0.9813664596273292,0.9274900124776114,0.08695652173913043,1.0,100,29,0.6313215000000127,45.93539108045491
V12,voiceink-validation,VoiceInk validation sample,1111,1111,cleanup-2b-4bit,Cleanup Qwen3.5 2B 4-bit,paragraph break the tablet layout is usable in portrait period in landscape the sticky footer overlaps the final form field by twenty four pixels period rotation does not recalculate it,"The tablet layout is usable in portrait. In landscape, the sticky footer overlaps the final form field by 24 pixels. Rotation does not recalculate it.","The tablet layout is usable in portrait. In landscape, the sticky footer overlaps the final form field by 24 pixels. Rotation does not recalculate it.",,dataset_system_prompt,True,1.0,1.0,0.0,1.0,105,32,0.5852821669996047,54.67448318824587
V13,voiceink-validation,VoiceInk validation sample,1211,1211,cleanup-2b-4bit,Cleanup Qwen3.5 2B 4-bit,can you check whether the variance calculation uses n or n minus one results differ from the published table by point zero three before correcting the published appendix,Can you check whether the variance calculation uses n or n−1? Results differ from the published table by 0.03. Check this before correcting the published appendix.,Can you check whether the variance calculation uses n or n minus one? Results differ from the published table by 0.3 before correcting the published appendix.,,dataset_system_prompt,False,0.9221183800623052,0.8516110385088289,0.23076923076923078,0.9693251533742331,102,31,0.6846627499999158,45.277766316341605
V14,voiceink-validation,VoiceInk validation sample,1257,1257,cleanup-2b-4bit,Cleanup Qwen3.5 2B 4-bit,during the quarterly structural survey inspection at pier two found minor scaling above the water line comma no exposed reinforcement and no measurable change since march,"During the quarterly structural survey, inspection at Pier 2 found minor scaling above the waterline, no exposed reinforcement, and no measurable change since March.","During the quarterly structural survey inspection at Pier Two, minor scaling was found above the water line, no exposed reinforcement, and no measurable change since March.",,dataset_system_prompt,False,0.9376854599406528,0.8821719746649548,0.2916666666666667,1.0424242424242425,100,30,0.5881565409999894,51.00682880954399
V15,voiceink-validation,VoiceInk validation sample,1368,1368,cleanup-2b-4bit,Cleanup Qwen3.5 2B 4-bit,thirty minute discharge test reading colon battery bank voltage was twenty five point six at rest comma then dropped to twenty two point nine under inverter load,"30-minute discharge-test reading: Battery-bank voltage was 25.6 at rest, then dropped to 22.9 under inverter load.","Thirty-minute discharge test reading:

- Battery bank voltage was 25.6 V at rest.
- Then dropped to 22.9 V under inverter load.",,dataset_system_prompt,False,0.8962655601659751,0.7293383600341763,0.625,1.1140350877192982,103,37,0.6861702090000108,53.92248091610083
V16,voiceink-validation,VoiceInk validation sample,1396,1396,cleanup-2b-4bit,Cleanup Qwen3.5 2B 4-bit,dear nina before the accessibility review meeting note that the attached screen reader transcript timestamps correspond to build one eighty four not the latest beta,"Dear Nina,

Before the accessibility-review meeting, note that the attached screen-reader transcript timestamps correspond to Build 184, not the latest beta.","Dear Nina,

Before the accessibility review meeting, note that the attached screen reader transcript timestamps correspond to build 1.84, not the latest beta.",,dataset_system_prompt,False,0.9777777777777777,0.8680909552798406,0.2857142857142857,1.0063694267515924,101,32,0.7001390420000462,45.705207223678705
V17,voiceink-validation,VoiceInk validation sample,1605,1605,cleanup-2b-4bit,Cleanup Qwen3.5 2B 4-bit,dear garden club saturdays seed swap moves indoors to room four because rain is likely period label packets with variety and harvest year cheers comma monica,"Dear Garden Club,

Saturday’s seed swap moves indoors to Room 4 because rain is likely. Label packets with the variety and harvest year.

Cheers,
Monica","Dear Garden Club,

Saturdays seed swap moves indoors to Room 4 because rain is likely.

Label packets with variety and harvest year.

Cheers,
Monica",,dataset_system_prompt,False,0.9733333333333334,0.9246787582623088,0.08333333333333333,0.9736842105263158,103,35,0.6669513750002807,52.4775887897154
V18,voiceink-validation,VoiceInk validation sample,1616,1616,cleanup-2b-4bit,Cleanup Qwen3.5 2B 4-bit,event recap colon one hundred eighty four attendees checked in and seventeen walk ins paid at the door period the west room session filled first but but no one was turned away,"Event recap: 184 attendees checked in, and 17 walk-ins paid at the door. The West Room session filled first, but no one was turned away.","Event recap: 184 attendees checked in and 17 walk-ins paid at the door. The west room session filled first, but no one was turned away.",,dataset_system_prompt,False,0.981549815498155,0.8996949716468303,0.12,0.9926470588235294,106,35,0.6253207910003766,55.97127187152637
V19,voiceink-validation,VoiceInk validation sample,1711,1711,cleanup-2b-4bit,Cleanup Qwen3.5 2B 4-bit,our pickup window was one to three and and no driver came can you reschedule for tomorrow morning without creating a second charge question mark there are seven boxes,"Our pickup window was 1:00 to 3:00, and no driver came. Can you reschedule for tomorrow morning without creating a second charge? There are 7 boxes.","Our pickup window was one to three, and no driver came. Can you reschedule for tomorrow morning without creating a second charge? There are seven boxes.",,dataset_system_prompt,False,0.9266666666666665,0.8605101330453455,0.11538461538461539,1.027027027027027,104,31,0.7228452500003186,42.886081080267644
V20,voiceink-validation,VoiceInk validation sample,1826,1826,cleanup-2b-4bit,Cleanup Qwen3.5 2B 4-bit,lock report colon rear office lever sticks when pulled upward latch works from inside but but key rotation outside stops halfway do not force it,"Lock report: The rear-office lever sticks when pulled upward. The latch works from inside, but key rotation outside stops halfway. Do not force it.","Lock report: rear office lever sticks when pulled upward. Latch works from inside, but key rotation outside stops halfway. Do not force it.",,dataset_system_prompt,False,0.958041958041958,0.869979894533478,0.16666666666666666,0.9455782312925171,99,29,0.5865850830005002,49.43869327815019
V21,voiceink-validation,VoiceInk validation sample,57,57,cleanup-2b-4bit,Cleanup Qwen3.5 2B 4-bit,please ask the bus station whether the midnight coach has under floor luggage storage and um whether bicycles need a separate reservation question mark for next friday night,Please ask the bus station whether the midnight coach has underfloor luggage storage and whether bicycles need a separate reservation for next Friday night.,Please ask the bus station whether the midnight coach has under-floor luggage storage and whether bicycles need a separate reservation.,,dataset_system_prompt,False,0.9209621993127147,0.838937936312235,0.25,0.8653846153846154,102,22,0.5697399159998895,38.61411037243223
V22,voiceink-validation,VoiceInk validation sample,550,550,cleanup-2b-4bit,Cleanup Qwen3.5 2B 4-bit,ask operations why the overnight shipment went to phoenix instead of tucson comma include tracking number nine three six zero zero one and request a corrected delivery estimate,"Ask Operations why the overnight shipment went to Phoenix instead of Tucson, include tracking number 936001, and request a corrected delivery estimate.",Ask operations why the overnight shipment went to Phoenix instead of Tucson. Include tracking number 936001 and request a corrected delivery estimate.,,dataset_system_prompt,False,0.9767441860465115,0.8811646928713389,0.18181818181818182,0.9933774834437086,103,30,0.6466750829995362,46.39114879894254
V23,voiceink-validation,VoiceInk validation sample,629,629,cleanup-2b-4bit,Cleanup Qwen3.5 2B 4-bit,the budget deck accidentally labels fiscal year twenty twenty six as calendar year twenty twenty six period the underlying numbers are fiscal and the footnote uses the same incorrect label,The budget deck accidentally labels fiscal year 2026 as calendar year 2026. The underlying numbers are fiscal-year figures. The footnote uses the same incorrect label.,"The budget deck accidentally labels fiscal year 2026 as calendar year 2026. The underlying numbers are fiscal, and the footnote uses the same incorrect label.",,dataset_system_prompt,False,0.9415384615384617,0.8803745271713368,0.12,0.9461077844311377,104,36,0.6525045419994058,55.17202974509377
V24,voiceink-validation,VoiceInk validation sample,652,652,cleanup-2b-4bit,Cleanup Qwen3.5 2B 4-bit,the monday notes should say decision deferred pending tax advice comma not decision denied and the follow up owner is casey from treasury before circulating the revised record,"The Monday notes should say, “Decision deferred pending tax advice,” not “Decision denied,” and the follow-up owner is Casey from Treasury. Circulate the revised record afterward.","The Monday notes should say “decision deferred pending tax advice,” not “decision denied,” and the follow-up owner is Casey from Treasury before circulating the revised record.",,dataset_system_prompt,False,0.9183098591549296,0.8078436397523352,0.3076923076923077,0.9832402234636871,103,32,0.6391137499995239,50.069334293032874
V25,voiceink-validation,VoiceInk validation sample,658,658,cleanup-2b-4bit,Cleanup Qwen3.5 2B 4-bit,the service report lists priority one downtime as forty eight minutes the incident timeline supports only thirty eight because monitoring recovered earlier and customer success disputes the longer figure,The service report lists Priority 1 downtime as 48 minutes. The incident timeline supports only 38 minutes because monitoring recovered earlier. Customer Success disputes the longer figure.,"The service report lists priority one downtime as 48 minutes. The incident timeline supports only 38 because monitoring recovered earlier, and customer success disputes the longer figure.",,dataset_system_prompt,False,0.9361702127659575,0.825178938738624,0.25925925925925924,0.9894179894179894,103,34,0.7368806250005946,46.14044506866029
V26,voiceink-validation,VoiceInk validation sample,669,669,cleanup-2b-4bit,Cleanup Qwen3.5 2B 4-bit,the investigation scope covers expense approvals from january through april it does not include vendor selection or contract negotiation unless new evidence expands the review,The investigation scope covers expense approvals from January through April. It does not include vendor selection or contract negotiation. New evidence could expand the review.,The investigation scope covers expense approvals from January through April. It does not include vendor selection or contract negotiation unless new evidence expands the review.,,dataset_system_prompt,False,0.9518413597733713,0.8836023501462565,0.2,1.0056818181818181,100,27,0.5291517919995385,51.02505634153375
V27,voiceink-validation,VoiceInk validation sample,704,704,cleanup-2b-4bit,Cleanup Qwen3.5 2B 4-bit,following the latest litigation update the controller approved a two hundred fifty thousand reserve comma subject to receiving counsels final estimate before close by noon tomorrow,"Following the latest litigation update, the Controller approved a $250,000 reserve, subject to receiving counsel’s final estimate before close. Counsel’s estimate is due by noon tomorrow.","Following the latest litigation update, the controller approved a $250,000 reserve, subject to receiving counsel's final estimate before close by noon tomorrow.",,dataset_system_prompt,False,0.9106628242074928,0.8048897371736682,0.2692307692307692,0.8556149732620321,102,33,0.7174847090000185,45.99401156018107
V28,voiceink-validation,VoiceInk validation sample,811,811,cleanup-2b-4bit,Cleanup Qwen3.5 2B 4-bit,would you send the customer the maintenance window in both eastern and greenwich mean time comma make clear that service may be intermittent before the maintenance notice is translated,"Would you send the customer the maintenance window in both Eastern Time and Greenwich Mean Time, and make clear that service may be intermittent? The maintenance notice will be translated afterward.","Would you send the customer the maintenance window in both Eastern and Greenwich Mean Time, make clear that service may be intermittent before the maintenance notice is translated.",,dataset_system_prompt,False,0.9047619047619048,0.7935074179501254,0.2903225806451613,0.9090909090909091,104,30,0.6418289999992339,46.74142178062351
V29,voiceink-validation,VoiceInk validation sample,813,813,cleanup-2b-4bit,Cleanup Qwen3.5 2B 4-bit,who owns the response to the accessibility questionnaire question mark product answered the first section but legal and security sections remain blank before friday afternoons submission deadline,"Who owns the response to the accessibility questionnaire? Product answered the first section, but the Legal and Security sections remain blank. Friday afternoon’s submission deadline is approaching.","Who owns the response to the accessibility questionnaire? The product answered the first section, but legal and security sections remain blank before Friday afternoon's submission deadline.",,dataset_system_prompt,False,0.8992248062015504,0.7715165877345175,0.4074074074074074,0.9545454545454546,103,30,0.5756920409994564,52.11119463787815
V30,voiceink-validation,VoiceInk validation sample,817,817,cleanup-2b-4bit,Cleanup Qwen3.5 2B 4-bit,please route the exception request to ethics and compliance comma not employee relations and attach the original disclosure from february because the reporting path was incorrect,"Please route the exception request to Ethics and Compliance, not Employee Relations, and attach the original disclosure from February. The reporting path was incorrect.","Please route the exception request to Ethics and Compliance, not Employee Relations, and attach the original disclosure from February because the reporting path was incorrect.",,dataset_system_prompt,False,0.967930029154519,0.9473708135651926,0.125,1.0416666666666667,101,28,0.6493252919999577,43.12168391555865
V31,voiceink-validation,VoiceInk validation sample,840,840,cleanup-2b-4bit,Cleanup Qwen3.5 2B 4-bit,can we use the clients logo in the investor presentation question mark the marketing consent covers our website but does not mention fundraising materials before marketing finalizes the presentation,Can we use the client’s logo in the investor presentation? The marketing consent covers our website but does not mention fundraising materials. Marketing has not finalized the presentation.,"Can we use the client's logo in the investor presentation? The marketing consent covers our website, but does not mention fundraising materials before marketing finalizes the presentation.",,dataset_system_prompt,False,0.9389920424403183,0.8348758744039598,0.25,0.9947089947089947,104,32,0.6341220000003887,50.463475482604906
V32,voiceink-validation,VoiceInk validation sample,856,856,cleanup-2b-4bit,Cleanup Qwen3.5 2B 4-bit,could you request wheelchair access for the site tour comma including the production floor and emergency assembly area not only the lobby because the full group will participate,"Could you request wheelchair access for the site tour, including the production floor and emergency-assembly area, not only the lobby? The full group will participate.","Could you request wheelchair access for the site tour, including the production floor and emergency assembly area, not only the lobby because the full group will participate.",,dataset_system_prompt,False,0.9618768328445748,0.9153230702542069,0.2,1.0419161676646707,102,30,0.5783064580000428,51.875609523277674
V33,voiceink-validation,VoiceInk validation sample,902,902,cleanup-2b-4bit,Cleanup Qwen3.5 2B 4-bit,for all three finalists this week ask procurement for the evaluation rubric before vendor presentations we should not change weighting after seeing demonstrations before scoring begins,"For all 3 finalists this week, ask Procurement for the evaluation rubric before vendor presentations. We should not change weighting after seeing demonstrations. Finalize the rubric before scoring begins.","For all three finalists this week, ask procurement for the evaluation rubric before vendor presentations. We should not change weighting after seeing demonstrations before scoring begins.",,dataset_system_prompt,False,0.9258312020460358,0.842586499297147,0.20689655172413793,0.9166666666666666,101,30,0.6914624159999221,43.386306046174724
V34,voiceink-validation,VoiceInk validation sample,926,926,cleanup-2b-4bit,Cleanup Qwen3.5 2B 4-bit,before approving reimbursement can you change coding from client entertainment to employee meal question mark all attendees were internal and no customer joined in the expense system,"Before approving reimbursement, can you change coding from Client Entertainment to Employee Meal? All attendees were internal, and no customer joined. Make the change in the expense system.","Before approving reimbursement, can you change coding from ""client entertainment"" to ""employee meal""? All attendees were internal, and no customer joined in the expense system.",,dataset_system_prompt,False,0.9205479452054794,0.7772614034039738,0.2857142857142857,0.9312169312169312,101,32,0.5915077090003251,54.099041336386726
V35,voiceink-validation,VoiceInk validation sample,1083,1083,cleanup-2b-4bit,Cleanup Qwen3.5 2B 4-bit,inspection item bullet point north anchor secure bullet point south anchor needs re torque bullet point conduit label missing near junction box four new line photos saved in folder seven,"Inspection items:
- North anchor secure
- South anchor needs retorquing
- Conduit label missing near Junction Box 4

Photos are saved in Folder 7.","- Inspection item: North anchor secure
- Inspection item: South anchor needs re-torque
- Inspection item: Conduit label missing near junction box
- Photos saved in folder 7",,dataset_system_prompt,False,0.8113207547169812,0.6319312217375971,0.5909090909090909,1.178082191780822,104,38,0.7267650419998972,52.28649949292054
V36,voiceink-validation,VoiceInk validation sample,1100,1100,cleanup-2b-4bit,Cleanup Qwen3.5 2B 4-bit,sample c twelve was thawed for approximately eighteen minutes comma returned to minus eighty and flagged for sensitivity analysis period no visible leakage occurred afterward,"Sample C12 was thawed for approximately 18 minutes, returned to −80°C, and flagged for sensitivity analysis. No visible leakage occurred afterward.","Sample C-12 was thawed for approximately 18 minutes, returned to -80°C, and flagged for sensitivity analysis. No visible leakage occurred afterward.",,dataset_system_prompt,False,0.9898305084745763,0.9315904583265516,0.09523809523809523,1.0068027210884354,100,34,0.70986854199964,47.89619202482879
V37,voiceink-validation,VoiceInk validation sample,1177,1177,cleanup-2b-4bit,Cleanup Qwen3.5 2B 4-bit,for our final storage comparison write this technical question to the vendor colon what is the maximum sustained write rate with encryption enabled and raid six active question mark,"For our final storage comparison, write this technical question to the vendor: What is the maximum sustained write rate with encryption enabled and RAID 6 active?","For our final storage comparison, write this technical question to the vendor: What is the maximum sustained write rate with encryption enabled and RAID 6 active?",,dataset_system_prompt,True,1.0,1.0,0.0,1.0,103,30,0.5818893750001735,51.55619141523431
V38,voiceink-validation,VoiceInk validation sample,1209,1209,cleanup-2b-4bit,Cleanup Qwen3.5 2B 4-bit,for the production system prompt please turn the model instructions into a numbered priority list colon safety constraints first output schema second and style preferences third,"For the production system prompt, please turn the model instructions into a numbered priority list:
1. Safety constraints
2. Output schema
3. Style preferences","For the production system, please turn the model instructions into a numbered priority list:

1. Safety constraints
2. Output schema
3. Style preferences",,dataset_system_prompt,False,0.9743589743589743,0.9469221080257276,0.19047619047619047,0.9622641509433962,100,31,0.6004602500006513,51.62706440595589
V39,voiceink-validation,VoiceInk validation sample,1412,1412,cleanup-2b-4bit,Cleanup Qwen3.5 2B 4-bit,class reminder colon the ecology quiz is next monday not this friday and chapters six through eight are included new line bring a pencil your field notebook and the calculator you used in lab,"Class reminder: The ecology quiz is next Monday, not this Friday, and Chapters 6 through 8 are included.
Bring a pencil, your field notebook, and the calculator you used in lab.","Class reminder: The ecology quiz is next Monday, not this Friday. Chapters six through eight are included.

Bring a pencil, your field notebook, and the calculator you used in lab.",,dataset_system_prompt,False,0.9523809523809522,0.8911926351845676,0.2,1.0169491525423728,108,38,0.7448447920005492,51.01733999903161
V40,voiceink-validation,VoiceInk validation sample,1434,1434,cleanup-2b-4bit,Cleanup Qwen3.5 2B 4-bit,can you ask the pool manager whether lane four will be open for lap swimming from six to seven tomorrow comma or is the regional team still using all the deep lanes question mark,"Can you ask the pool manager whether Lane 4 will be open for lap swimming from 6:00 to 7:00 tomorrow, or is the regional team still using all the deep lanes?","Can you ask the pool manager whether Lane 4 will be open for lap swimming from 6:00 to 7:00 tomorrow, or is the regional team still using all the deep lanes?",,dataset_system_prompt,True,1.0,1.0,0.0,1.0,108,42,0.7048749579998912,59.58503635762087
V41,voiceink-validation,VoiceInk validation sample,1465,1465,cleanup-2b-4bit,Cleanup Qwen3.5 2B 4-bit,dispatch this is unit forty six we have smoke showing from a detached garage at eight twelve birch lane no visible flames yet send one additional engine and advise police the driveway is blocked,"Dispatch, this is Unit 46. We have smoke showing from a detached garage at 812 Birch Lane. No visible flames yet. Send 1 additional engine, and advise police that the driveway is blocked.",Dispatch this is Unit 46. We have smoke showing from a detached garage at 8:12 Birch Lane. No visible flames yet. Send one additional engine and advise police. The driveway is blocked.,,dataset_system_prompt,False,0.9595687331536388,0.8470664556923841,0.21212121212121213,0.983957219251337,109,43,0.6797653329995228,63.257124058178746
V42,voiceink-validation,VoiceInk validation sample,1469,1469,cleanup-2b-4bit,Cleanup Qwen3.5 2B 4-bit,radio check colon team bravo can hear command clearly but but command is not receiving bravo on channel three should we switch to channel five or return to the staging area question mark,"Radio check: Team Bravo can hear Command clearly, but Command is not receiving Bravo on Channel 3. Should we switch to Channel 5 or return to the staging area?","Radio check. Command, Bravo, can hear you clearly, but Command is not receiving Bravo on channel three. Should we switch to channel five or return to the staging area?",,dataset_system_prompt,False,0.8895705521472392,0.7526336268189253,0.27586206896551724,1.050314465408805,107,35,0.7136116669998955,49.04628331981171
V43,voiceink-validation,VoiceInk validation sample,1479,1479,cleanup-2b-4bit,Cleanup Qwen3.5 2B 4-bit,the boarding reservation is for two rabbits from october six through october tenth can they share the larger enclosure and do we need to bring their usual pellets question mark,"The boarding reservation is for 2 rabbits from October 6 through October 10. Can they share the larger enclosure, and do we need to bring their usual pellets?","The boarding reservation is for two rabbits from October 6 through October 10. Can they share the larger enclosure, and do we need to bring their usual pellets?",,dataset_system_prompt,False,0.9874213836477987,0.9648136060662919,0.03571428571428571,1.0126582278481013,106,34,0.6567106249995049,51.77318396519872
V44,voiceink-validation,VoiceInk validation sample,1510,1510,cleanup-2b-4bit,Cleanup Qwen3.5 2B 4-bit,can you transcribe the handwritten caption exactly comma including the crossed out surname but mark uncertain letters with square brackets question mark dont modernize the spelling,"Can you transcribe the handwritten caption exactly, including the crossed-out surname, but mark uncertain letters with square brackets? Don’t modernize the spelling.","Can you transcribe the handwritten caption exactly, including the crossed-out surname, but mark uncertain letters with square brackets? Don't modernize the spelling.",,dataset_system_prompt,False,0.9939393939393939,0.9665290868597745,0.045454545454545456,1.0,102,30,0.5594394999998258,53.62510155255276
V45,voiceink-validation,VoiceInk validation sample,1544,1544,cleanup-2b-4bit,Cleanup Qwen3.5 2B 4-bit,could you categorize the bike lock under transportation comma not recreation and split the ninety dollar hardware store purchase into sixty five home repair and twenty five garden question mark,"Could you categorize the bike lock under Transportation, not Recreation, and split the $90 hardware-store purchase into $65 for Home Repair and $25 for Garden?","Could you categorize the bike lock under transportation, not recreation, and split the $90 hardware store purchase into $65 home repair and $25 garden?",,dataset_system_prompt,False,0.9354838709677421,0.7721997114666039,0.36,0.949685534591195,105,34,0.7215831670000625,47.118615781120425
V46,voiceink-validation,VoiceInk validation sample,1545,1545,cleanup-2b-4bit,Cleanup Qwen3.5 2B 4-bit,dear loan officer ive attached pay stubs for may and june but the april file is missing from my employers portal period is a bank statement acceptable instead question mark sincerely comma remy,"Dear Loan Officer,

I’ve attached pay stubs for May and June, but the April file is missing from my employer’s portal. Is a bank statement acceptable instead?

Sincerely,
Remy","Dear Loan Officer,

I have attached pay stubs for May and June, but the April file is missing from my employer's portal. A bank statement is acceptable instead.

Sincerely,
Remy",,dataset_system_prompt,False,0.9545454545454546,0.8463567328505124,0.25,1.0114285714285713,111,42,0.7419010000003254,56.611326848166506
V47,voiceink-validation,VoiceInk validation sample,1621,1621,cleanup-2b-4bit,Cleanup Qwen3.5 2B 4-bit,could you explain why the estimate lists three point five labor hours for the alternator the phone quote said two hours and and did not mention a diagnostic fee question mark,Could you explain why the estimate lists 3.5 labor hours for the alternator? The phone quote said 2 hours and did not mention a diagnostic fee.,Could you explain why the estimate lists three.5 labor hours for the alternator? The phone quote said two hours and did not mention a diagnostic fee.,,dataset_system_prompt,False,0.9657534246575342,0.919591873591407,0.07692307692307693,1.0419580419580419,106,31,0.557612832999439,55.594129412784135
V48,voiceink-validation,VoiceInk validation sample,1639,1639,cleanup-2b-4bit,Cleanup Qwen3.5 2B 4-bit,the accessible shuttle was booked for eight forty five but arrived at nine thirty passenger missed appointment r six one four can you document the delay and reschedule the ride question mark,The accessible shuttle was booked for 8:45 but arrived at 9:30. The passenger missed Appointment R614. Can you document the delay and reschedule the ride?,The accessible shuttle was booked for 8:45 but arrived at 9:30. Passenger missed appointment R614. Can you document the delay and reschedule the ride?,,dataset_system_prompt,False,0.9736842105263157,0.9091891700283302,0.12,0.974025974025974,107,39,0.7295402919999106,53.45832221697877
V49,voiceink-validation,VoiceInk validation sample,1673,1673,cleanup-2b-4bit,Cleanup Qwen3.5 2B 4-bit,application checklist bullet point two passport photos next item proof of address next item signed declaration page next item fee receipt new line bring originals and one copy of each,"Application checklist:
- 2 passport photos
- Proof of address
- Signed declaration page
- Fee receipt

Bring the originals and 1 copy of each.","Application checklist:

- Passport photos
- Proof of address
- Signed declaration page
- Fee receipt

Bring originals and one copy of each.",,dataset_system_prompt,False,0.9537366548042705,0.8653854356049167,0.23809523809523808,0.9788732394366197,104,30,0.6692064589997244,44.82921465647772
V50,voiceink-validation,VoiceInk validation sample,1691,1691,cleanup-2b-4bit,Cleanup Qwen3.5 2B 4-bit,dear costume rental the return sheet lists four hats but we received three period could you check the packing photo before charging the missing item fee question mark regards comma tessa,"Dear Costume Rental,

The return sheet lists 4 hats, but we received 3. Could you check the packing photo before charging the missing-item fee?

Regards,
Tessa","Dear Costume Rental,

The return sheet lists four hats, but we received three. Could you check the packing photo before charging the missing item fee?

Regards,
Tessa",,dataset_system_prompt,False,0.96,0.8939875531656591,0.16,1.0440251572327044,107,36,0.6038800830001492,59.61448475191904
C01,curated-sample-50,Curated transcript cleanup sample,sample_001,,cleanup-2b-4bit,Cleanup Qwen3.5 2B 4-bit,the deployment finished successfully all services are healthy and no customer action is required,"The deployment finished successfully. All services are healthy, and no customer action is required.","The deployment finished successfully. All services are healthy, and no customer action is required.",,dataset_system_prompt,True,1.0,1.0,0.0,1.0,217,17,0.6751302920001763,25.18032474833104
C02,curated-sample-50,Curated transcript cleanup sample,sample_002,,cleanup-2b-4bit,Cleanup Qwen3.5 2B 4-bit,Can we move the review to Friday. because Maya is unavailable Thursday?,Can we move the review to Friday because Maya is unavailable Thursday?,Can we move the review to Friday because Maya is unavailable Thursday?,,dataset_system_prompt,True,1.0,1.0,0.0,1.0,217,13,0.5571110410000983,23.33466588036568
C03,curated-sample-50,Curated transcript cleanup sample,sample_003,,cleanup-2b-4bit,Cleanup Qwen3.5 2B 4-bit,uh please send the revised contract to Priya this afternoon,Please send the revised contract to Priya this afternoon.,Please send the revised contract to Priya this afternoon.,,dataset_system_prompt,True,1.0,1.0,0.0,1.0,214,11,0.5613436670000738,19.595838782302597
C04,curated-sample-50,Curated transcript cleanup sample,sample_004,,cleanup-2b-4bit,Cleanup Qwen3.5 2B 4-bit,I mean the main issue is basically that the export takes too long,The main issue is that the export takes too long.,I mean the main issue is that the export takes too long.,,dataset_system_prompt,False,0.9142857142857143,0.9288600483975062,0.3,1.1428571428571428,216,13,0.5908374170003299,22.00266879846701
C05,curated-sample-50,Curated transcript cleanup sample,sample_005,,cleanup-2b-4bit,Cleanup Qwen3.5 2B 4-bit,the important thing the important thing is that we keep the existing backup,The important thing is that we keep the existing backup.,The important thing is that we keep the existing backup.,,dataset_system_prompt,True,1.0,1.0,0.0,1.0,216,11,0.49635637500068697,22.161496364350665
C06,curated-sample-50,Curated transcript cleanup sample,sample_006,,cleanup-2b-4bit,Cleanup Qwen3.5 2B 4-bit,p please confirm that the customer received the refund,Please confirm that the customer received the refund.,Please confirm that the customer received the refund.,,dataset_system_prompt,True,1.0,1.0,0.0,1.0,212,9,0.5722452910003994,15.727521294698985
C07,curated-sample-50,Curated transcript cleanup sample,sample_007,,cleanup-2b-4bit,Cleanup Qwen3.5 2B 4-bit,I wanted to ask whether actually please cancel tomorrow's check-in,Please cancel tomorrow's check-in.,I wanted to ask whether I should cancel tomorrow's check-in.,,dataset_system_prompt,False,0.6808510638297872,0.6956930238104253,1.75,1.7647058823529411,215,13,0.5063510829995721,25.673886037705948
C08,curated-sample-50,Curated transcript cleanup sample,sample_008,,cleanup-2b-4bit,Cleanup Qwen3.5 2B 4-bit,schedule the review for Tuesday no sorry Thursday,Schedule the review for Thursday.,Schedule the review for Thursday.,,dataset_system_prompt,True,1.0,1.0,0.0,1.0,211,6,0.5288555420002012,11.345253142866218
C09,curated-sample-50,Curated transcript cleanup sample,sample_009,,cleanup-2b-4bit,Cleanup Qwen3.5 2B 4-bit,please review the sight migration plan before lunch,Please review the site migration plan before lunch.,Please review the sight migration plan before lunch.,,dataset_system_prompt,False,0.970873786407767,0.871767392252351,0.125,1.0196078431372548,211,9,0.4755652080002619,18.92484952346439
C10,curated-sample-50,Curated transcript cleanup sample,sample_010,,cleanup-2b-4bit,Cleanup Qwen3.5 2B 4-bit,store the session token in red is for fifteen minutes,Store the session token in Redis for 15 minutes.,Store the session token in red for 15 minutes.,,dataset_system_prompt,False,0.9574468085106383,0.8239159626087488,0.1111111111111111,0.9583333333333334,213,12,0.5790322499997274,20.72423427193503
C11,curated-sample-50,Curated transcript cleanup sample,sample_011,,cleanup-2b-4bit,Cleanup Qwen3.5 2B 4-bit,we received one thousand two hundred and forty six responses,"We received 1,246 responses.","We received 1,246 responses.",,dataset_system_prompt,True,1.0,1.0,0.0,1.0,213,10,0.5061626669994439,19.756494605341935
C12,curated-sample-50,Curated transcript cleanup sample,sample_012,,cleanup-2b-4bit,Cleanup Qwen3.5 2B 4-bit,the workshop starts on September twenty third twenty twenty six,"The workshop starts on September 23, 2026.","The workshop starts on September 23, 2026.",,dataset_system_prompt,True,1.0,1.0,0.0,1.0,213,15,0.5726434999996854,26.194307627709456
C13,curated-sample-50,Curated transcript cleanup sample,sample_013,,cleanup-2b-4bit,Cleanup Qwen3.5 2B 4-bit,the call begins at four thirty p m,The call begins at 4:30 PM.,The call begins at 4:30 PM.,,dataset_system_prompt,True,1.0,1.0,0.0,1.0,211,11,0.5538002089997462,19.862758845591262
C14,curated-sample-50,Curated transcript cleanup sample,sample_014,,cleanup-2b-4bit,Cleanup Qwen3.5 2B 4-bit,the replacement costs forty nine dollars and weighs two point five kilograms,The replacement costs $49 and weighs 2.5 kilograms.,The replacement costs $49 and weighs 2.5 kilograms.,,dataset_system_prompt,True,1.0,1.0,0.0,1.0,215,14,0.5374945829998978,26.046774130936054
C15,curated-sample-50,Curated transcript cleanup sample,sample_015,,cleanup-2b-4bit,Cleanup Qwen3.5 2B 4-bit,send the receipt to finance at acme dot com,Send the receipt to finance@acme.com.,Send the receipt to finance@acme.com,,dataset_system_prompt,False,0.9863013698630136,0.942792549390486,0.2,0.972972972972973,213,9,0.5494945410000582,16.378688646515684
C16,curated-sample-50,Curated transcript cleanup sample,sample_016,,cleanup-2b-4bit,Cleanup Qwen3.5 2B 4-bit,the documentation is available at docs dot example dot com slash setup,The documentation is available at docs.example.com/setup.,The documentation is available at docs.example.com/setup.,,dataset_system_prompt,True,1.0,1.0,0.0,1.0,215,10,0.4805010830004903,20.811607619185732
C17,curated-sample-50,Curated transcript cleanup sample,sample_017,,cleanup-2b-4bit,Cleanup Qwen3.5 2B 4-bit,yes comma I can send the draft today semicolon the figures will follow tomorrow period great work everyone exclamation mark,"Yes, I can send the draft today; the figures will follow tomorrow. Great work, everyone!","Yes, I can send the draft today; the figures will follow tomorrow. Great work, everyone!",,dataset_system_prompt,True,1.0,1.0,0.0,1.0,225,20,0.6737962079996578,29.68256538482947
C18,curated-sample-50,Curated transcript cleanup sample,sample_018,,cleanup-2b-4bit,Cleanup Qwen3.5 2B 4-bit,Maya said open quote the release is ready close quote,"Maya said, “The release is ready.”","Maya said: ""The release is ready.""",,dataset_system_prompt,False,0.9117647058823529,0.6982261554967412,0.5,1.0,214,10,0.4882062910000968,20.48314449106109
C19,curated-sample-50,Curated transcript cleanup sample,sample_019,,cleanup-2b-4bit,Cleanup Qwen3.5 2B 4-bit,the migration is complete period new paragraph customers do not need to take any action period,"The migration is complete.

Customers do not need to take any action.","The migration is complete.

Customers do not need to take any action.",,dataset_system_prompt,True,1.0,1.0,0.0,1.0,219,15,0.5967970829997284,25.13417110654146
C20,curated-sample-50,Curated transcript cleanup sample,sample_020,,cleanup-2b-4bit,Cleanup Qwen3.5 2B 4-bit,bullet list apples new line rice new line olive oil,"- Apples
- Rice
- Olive oil","- Apples
- Rice
- Olive oil",,dataset_system_prompt,True,1.0,1.0,0.0,1.0,213,10,0.5273853750004491,18.96146627120914
C21,curated-sample-50,Curated transcript cleanup sample,sample_021,,cleanup-2b-4bit,Cleanup Qwen3.5 2B 4-bit,numbered list first back up the database second deploy the service third run the smoke tests,"1. Back up the database.
2. Deploy the service.
3. Run the smoke tests.","1. Back up the database.
2. Deploy the service.
3. Run the smoke tests.",,dataset_system_prompt,True,1.0,1.0,0.0,1.0,220,22,0.6162487080000574,35.69987200686829
C22,curated-sample-50,Curated transcript cleanup sample,sample_022,,cleanup-2b-4bit,Cleanup Qwen3.5 2B 4-bit,dear Anika new paragraph thank you for reviewing the proposal new paragraph best regards new line Sam,"Dear Anika,

Thank you for reviewing the proposal.

Best regards,
Sam","Dear Anika,

Thank you for reviewing the proposal.

Best regards,
Sam",,dataset_system_prompt,True,1.0,1.0,0.0,1.0,222,18,0.6693754580001041,26.890737903326595
C23,curated-sample-50,Curated transcript cleanup sample,sample_023,,cleanup-2b-4bit,Cleanup Qwen3.5 2B 4-bit,heading weekly status new paragraph all planned work is complete,"# Weekly Status

All planned work is complete.","**Weekly Status**

All planned work is complete.",,dataset_system_prompt,False,0.9361702127659575,0.8207070067739164,0.375,1.0434782608695652,213,11,0.5517927089995283,19.935022374515288
C24,curated-sample-50,Curated transcript cleanup sample,sample_024,,cleanup-2b-4bit,Cleanup Qwen3.5 2B 4-bit,the word comma appears twice in the first paragraph,The word “comma” appears twice in the first paragraph.,"The word ""comma"" appears twice in the first paragraph.",,dataset_system_prompt,False,0.962962962962963,0.8324602890769888,0.1111111111111111,1.0,212,12,0.5564946249996865,21.56355059135883
C25,curated-sample-50,Curated transcript cleanup sample,sample_025,,cleanup-2b-4bit,Cleanup Qwen3.5 2B 4-bit,attach the file quarterly report final dot pdf and reference ticket a c m e dash four two seven,Attach the file quarterly-report-final.pdf and reference ticket ACME-427.,Attach the file quarterly_report_final.pdf and reference ticket ACM-4-2-7.,,dataset_system_prompt,False,0.9523809523809522,0.7701716698634662,0.25,1.0136986301369864,222,18,0.6081004999996367,29.600370333539857
C26,curated-sample-50,Curated transcript cleanup sample,sample_026,,cleanup-2b-4bit,Cleanup Qwen3.5 2B 4-bit,hi Priya comma new paragraph um could you send the revised budget to finance at acme dot com by four p m question mark new paragraph thanks comma new line Daniel,"Hi Priya,

Could you send the revised budget to finance@acme.com by 4:00 PM?

Thanks,
Daniel","Hi Priya,

Could you send the revised budget to finance at acme.com by 4:00 PM?

Thanks,
Daniel",,dataset_system_prompt,False,0.9732620320855615,0.9354211830030705,0.21428571428571427,1.0326086956521738,236,30,0.6913747079997847,43.39181004580419
C27,curated-sample-50,Curated transcript cleanup sample,sample_027,,cleanup-2b-4bit,Cleanup Qwen3.5 2B 4-bit,numbered list first archive the last thirty days of logs second increase the time out to forty five seconds third restart the a p i gateway,"1. Archive the last 30 days of logs.
2. Increase the timeout to 45 seconds.
3. Restart the API gateway.","1. Archive the last 30 days of logs.
2. Increase the timeout to 45 seconds.
3. Restart the API gateway.",,dataset_system_prompt,True,1.0,1.0,0.0,1.0,230,32,0.811649834000491,39.42586896405457
C28,curated-sample-50,Curated transcript cleanup sample,sample_028,,cleanup-2b-4bit,Cleanup Qwen3.5 2B 4-bit,okay bullet list um coffee beans new line coffee filters coffee filters new line oat milk new line dish soap,"- Coffee beans
- Coffee filters
- Oat milk
- Dish soap","Okay.

- Coffee beans
- Coffee filters
- Oat milk
- Dish soap",,dataset_system_prompt,False,0.9391304347826087,0.9735438320288626,0.1111111111111111,1.1296296296296295,223,19,0.6631873750002342,28.64952005455968
C29,curated-sample-50,Curated transcript cleanup sample,sample_029,,cleanup-2b-4bit,Cleanup Qwen3.5 2B 4-bit,heading meeting notes new paragraph date August thirtieth twenty twenty six new line time ten thirty a m new paragraph bullet list finalize the launch copy new line confirm the support schedule new line send the customer notice,"# Meeting Notes

Date: August 30, 2026
Time: 10:30 AM

- Finalize the launch copy.
- Confirm the support schedule.
- Send the customer notice.","**Meeting Notes**

**Date:** August 30, 2026
**Time:** 10:30 AM

- Finalize the launch copy.
- Confirm the support schedule.
- Send the customer notice.",,dataset_system_prompt,False,0.9523809523809522,0.8510636317757537,0.22727272727272727,1.0704225352112675,243,51,0.9494872909999685,53.71319920068492
C30,curated-sample-50,Curated transcript cleanup sample,sample_030,,cleanup-2b-4bit,Cleanup Qwen3.5 2B 4-bit,Ravi said open quote we can launch on Monday no Tuesday close quote,"Ravi said, “We can launch on Tuesday.”","Ravi said, “We can launch on Monday.” No, Tuesday.",,dataset_system_prompt,False,0.8409090909090909,0.8321815170416216,0.42857142857142855,1.3157894736842106,217,15,0.5329180419994373,28.14691719522575
C31,curated-sample-50,Curated transcript cleanup sample,sample_031,,cleanup-2b-4bit,Cleanup Qwen3.5 2B 4-bit,uh upgrade the service to version two point four point one comma then check the guide at docs dot example dot com slash upgrade,"Upgrade the service to version 2.4.1, then check the guide at docs.example.com/upgrade.","Upgrade the service to version 2.4.1, then check the guide at docs.example.com/upgrade.",,dataset_system_prompt,True,1.0,1.0,0.0,1.0,227,23,0.6911336250004751,33.27865866746707
C32,curated-sample-50,Curated transcript cleanup sample,sample_032,,cleanup-2b-4bit,Cleanup Qwen3.5 2B 4-bit,ship three boxes to twenty four lake view road apartment seven b Kathmandu,"Ship 3 boxes to 24 Lake View Road, Apartment 7B, Kathmandu.","Ship three boxes to 24 Lake View Road, Apartment 7, Kathmandu.",,dataset_system_prompt,False,0.9421487603305785,0.8234242547408347,0.18181818181818182,1.0508474576271187,218,19,0.6492159999997966,29.26606861199655
C33,curated-sample-50,Curated transcript cleanup sample,sample_033,,cleanup-2b-4bit,Cleanup Qwen3.5 2B 4-bit,move the demo from September tenth at two p m no make that September eleventh at three thirty p m,Move the demo to September 11 at 3:30 PM.,Move the demo from September 11 at 3:30 PM.,,dataset_system_prompt,False,0.9523809523809522,0.8419696847095278,0.1111111111111111,1.048780487804878,224,16,0.553681499999584,28.89747986886327
C34,curated-sample-50,Curated transcript cleanup sample,sample_034,,cleanup-2b-4bit,Cleanup Qwen3.5 2B 4-bit,heading quarterly results new paragraph bullet list revenue increased by twelve percent new line support costs fell by eight point five percent new line cash balance is two point three million dollars,"# Quarterly Results

- Revenue increased by 12%.
- Support costs fell by 8.5%.
- Cash balance is $2.3 million.","Heading: Quarterly Results

- Revenue increased by 12%.
- Support costs fell by 8.5%.
- Cash balance is $2.3 million.",,dataset_system_prompt,False,0.960352422907489,0.9671186418641013,0.05555555555555555,1.0636363636363637,235,35,0.8247947909994764,42.4347975786649
C35,curated-sample-50,Curated transcript cleanup sample,sample_035,,cleanup-2b-4bit,Cleanup Qwen3.5 2B 4-bit,okay steps colon first download the archive second unzip it into the tools folder third run setup dot sh,"Steps:

1. Download the archive.
2. Unzip it into the tools folder.
3. Run setup.sh.","Okay, steps:

1. Download the archive.
2. Unzip it into the tools folder.
3. Run setup.sh",,dataset_system_prompt,False,0.9479768786127167,0.9434222790631268,0.23076923076923078,1.0595238095238095,222,28,0.7556632089999766,37.05354404782312
C36,curated-sample-50,Curated transcript cleanup sample,sample_036,,cleanup-2b-4bit,Cleanup Qwen3.5 2B 4-bit,the pilot went well period new paragraph um twelve people completed onboarding comma and ten activated their accounts period new paragraph the next session is Friday at nine a m full stop,"The pilot went well.

Twelve people completed onboarding, and 10 activated their accounts.

The next session is Friday at 9:00 AM.","The pilot went well.

12 people completed onboarding, and 10 activated their accounts.

The next session is Friday at 9:00 AM.",,dataset_system_prompt,False,0.96875,0.9292526490259928,0.047619047619047616,0.9692307692307692,236,35,0.8102421660005348,43.19696193147383
C37,curated-sample-50,Curated transcript cleanup sample,sample_037,,cleanup-2b-4bit,Cleanup Qwen3.5 2B 4-bit,hello Marcus comma new paragraph please send the invoice to billing at north star dot io no sorry accounts at north star dot io new paragraph kind regards comma new line Lena,"Hello Marcus,

Please send the invoice to accounts@northstar.io.

Kind regards,
Lena","Hello Marcus,

Please send the invoice to billing@northstar.io.

Kind regards,
Lena",,dataset_system_prompt,False,0.9221556886227544,0.8615915116470677,0.1,0.9880952380952381,235,22,0.6094412910006213,36.09863710395949
C38,curated-sample-50,Curated transcript cleanup sample,sample_038,,cleanup-2b-4bit,Cleanup Qwen3.5 2B 4-bit,bug report colon the app crashes when opening settings dot j son period attach crash log dash two zero two six zero eight three zero dot text and reference issue v o i dash nine one eight,Bug report: The app crashes when opening settings.json. Attach crash-log-20260830.txt and reference issue VOI-918.,"Bug report: The app crashes when opening settings.j.

Attach crash log: 2026-03-08-30.txt and reference issue v-o-i-9-1-8.",,dataset_system_prompt,False,0.8898305084745762,0.7492286906827565,0.35714285714285715,1.0701754385964912,240,44,0.8661140840004009,50.801621648701456
C39,curated-sample-50,Curated transcript cleanup sample,sample_039,,cleanup-2b-4bit,Cleanup Qwen3.5 2B 4-bit,note colon the trial period ends tomorrow comma but the word period in the heading should remain lowercase period,"Note: The trial period ends tomorrow, but the word “period” in the heading should remain lowercase.","Note: The trial period ends tomorrow, but the word ""period"" in the heading should remain lowercase.",,dataset_system_prompt,False,0.9797979797979798,0.9120492259293733,0.0625,1.0,222,21,0.6809980000007272,30.83709496940898
C40,curated-sample-50,Curated transcript cleanup sample,sample_040,,cleanup-2b-4bit,Cleanup Qwen3.5 2B 4-bit,open quote good writing is clear writing close quote new line dash Maya Chen,"“Good writing is clear writing.”
—Maya Chen","Good writing is clear writing.

Maya Chen",,dataset_system_prompt,False,0.9523809523809522,0.7499566976077031,0.5,0.9534883720930233,217,10,0.5098069579998992,19.6152677853447
C41,curated-sample-50,Curated transcript cleanup sample,sample_041,,cleanup-2b-4bit,Cleanup Qwen3.5 2B 4-bit,recipe colon new paragraph numbered list first mix two cups of flour and one teaspoon of salt second add three hundred milliliters of water third bake for forty minutes at two hundred degrees Celsius,"Recipe:

1. Mix 2 cups of flour and 1 teaspoon of salt.
2. Add 300 milliliters of water.
3. Bake for 40 minutes at 200 degrees Celsius.","Recipe:

1. Mix two cups of flour and one teaspoon of salt.
2. Add three hundred milliliters of water.
3. Bake for forty minutes at two hundred degrees Celsius.",,dataset_system_prompt,False,0.847457627118644,0.7563899041140523,0.28,1.1851851851851851,239,41,0.8315512499993929,49.305439682797584
C42,curated-sample-50,Curated transcript cleanup sample,sample_042,,cleanup-2b-4bit,Cleanup Qwen3.5 2B 4-bit,travel plan colon new paragraph September fifth flight at seven fifteen a m new line September sixth workshop at nine a m new line hotel budget one hundred eighty dollars per night,"Travel Plan:

- September 5: Flight at 7:15 AM.
- September 6: Workshop at 9:00 AM.
- Hotel budget: $180 per night.","Travel Plan

- September 5: Flight at 7:15 AM
- September 6: Workshop at 9:00 AM
- Hotel budget: $180 per night",,dataset_system_prompt,False,0.9823008849557522,0.8687513031806242,0.2,0.9652173913043478,235,41,0.8543366670000978,47.990448711474194
C43,curated-sample-50,Curated transcript cleanup sample,sample_043,,cleanup-2b-4bit,Cleanup Qwen3.5 2B 4-bit,heading customer update new paragraph um three updates colon the mobile fix is live comma the desktop release is in review in review comma and support has answered all open tickets,"# Customer Update

- The mobile fix is live.
- The desktop release is in review.
- Support has answered all open tickets.","Customer Update

Three updates:

- The mobile fix is live.
- The desktop release is in review.
- Support has answered all open tickets.",,dataset_system_prompt,False,0.9296875,0.9361739815064751,0.14285714285714285,1.115702479338843,234,32,0.8035916670005463,39.82121930089433
C44,curated-sample-50,Curated transcript cleanup sample,sample_044,,cleanup-2b-4bit,Cleanup Qwen3.5 2B 4-bit,the c c d n cache cache should expire after three hundred seconds and the key belongs in red is,"The CDN cache should expire after 300 seconds, and the key belongs in Redis.","The CDN cache should expire after 300 seconds, and the key belongs in red.",,dataset_system_prompt,False,0.9733333333333334,0.9136307991162588,0.07142857142857142,0.9736842105263158,223,19,0.6251628749996598,30.392079824014402
C45,curated-sample-50,Curated transcript cleanup sample,sample_045,,cleanup-2b-4bit,Cleanup Qwen3.5 2B 4-bit,question colon are we still planning to launch Friday question mark new paragraph answer colon yes comma assuming the final review passes period,"Question: Are we still planning to launch Friday?

Answer: Yes, assuming the final review passes.","Are we still planning to launch Friday?

Yes, assuming the final review passes.",,dataset_system_prompt,False,0.8977272727272727,0.7994799747547151,0.13333333333333333,0.8144329896907216,226,17,0.5797483750002357,29.323066235404436
C46,curated-sample-50,Curated transcript cleanup sample,sample_046,,cleanup-2b-4bit,Cleanup Qwen3.5 2B 4-bit,hello this is Nina from Acme support comma I'm calling about ticket a c dash seven four two period please call me back at five p m period thank you,"Hello, this is Nina from Acme Support. I'm calling about ticket AC-742. Please call me back at 5:00 PM. Thank you.","Hello, this is Nina from Acme Support. I'm calling about ticket AC-742. Please call me back at 5:00 PM. Thank you.",,dataset_system_prompt,True,1.0,1.0,0.0,1.0,235,36,0.8371007499999905,43.00557609105046
C47,curated-sample-50,Curated transcript cleanup sample,sample_047,,cleanup-2b-4bit,Cleanup Qwen3.5 2B 4-bit,heading launch checklist new paragraph bullet list open quote release approved close quote from Maya new line deploy version three point two new line email status at acme dot com after launch,"# Launch Checklist

- “Release approved,” from Maya.
- Deploy version 3.2.
- Email status@acme.com after launch.","**Launch Checklist**

- [ ] Release approved
- [ ] Deploy version 3.2
- [ ] Email status at acme.com after launch",,dataset_system_prompt,False,0.8266666666666667,0.5971018573981197,1.0666666666666667,1.0089285714285714,236,32,0.8131745830005457,39.35194319763746
C48,curated-sample-50,Curated transcript cleanup sample,sample_048,,cleanup-2b-4bit,Cleanup Qwen3.5 2B 4-bit,dear team comma uh the launch is complete period the launch is complete and all systems are healthy period please report issues at status dot example dot com slash support period best comma Arjun,"Dear Team,

The launch is complete, and all systems are healthy.

Please report issues at status.example.com/support.

Best,
Arjun","Dear team,

The launch is complete, and all systems are healthy. Please report issues at status.example.com/support.

Best,
Arjun",,dataset_system_prompt,False,0.9806949806949806,0.9597779126236939,0.058823529411764705,0.9923076923076923,239,30,0.7713515420000476,38.89277244745321
C49,curated-sample-50,Curated transcript cleanup sample,sample_049,,cleanup-2b-4bit,Cleanup Qwen3.5 2B 4-bit,"The migration completed successfully, and no customer action is required.","The migration completed successfully, and no customer action is required.","The migration completed successfully, and no customer action is required.",,dataset_system_prompt,True,1.0,1.0,0.0,1.0,215,12,0.49836054100069305,24.078952912091232
C50,curated-sample-50,Curated transcript cleanup sample,sample_050,,cleanup-2b-4bit,Cleanup Qwen3.5 2B 4-bit,Could you send the revised proposal before Friday afternoon?,Could you send the revised proposal before Friday afternoon?,Could you send the revised proposal before Friday afternoon?,,dataset_system_prompt,True,1.0,1.0,0.0,1.0,213,10,0.5757331659997362,17.36915743360976
V01,voiceink-validation,VoiceInk validation sample,59,59,fluid-1-mini-2b-6bit,Fluid-1 Mini 2B 6-bit,mina where should i return the folding chairs the parish hall or the sports pavilion question mark and who has the storage key i can go tomorrow,"Mina, where should I return the folding chairs, the parish hall or the sports pavilion? And who has the storage key? I can go tomorrow.","Mina, where should I return the folding chairs: the parish hall or the sports pavilion? And who has the storage key? I can go tomorrow.",,dataset_system_prompt,False,0.9925925925925925,0.9628272004837606,0.04,1.0,102,32,0.9762694579840172,32.77783580987933
V02,voiceink-validation,VoiceInk validation sample,67,67,fluid-1-mini-2b-6bit,Fluid-1 Mini 2B 6-bit,message to dev colon the freezer door looks shut but it isnt sealing comma so push it until you hear two clicks not one full stop,"Message to Dev: The freezer door looks shut, but it isn’t sealing, so push it until you hear 2 clicks, not one.","Message to dev: The freezer door looks shut, but it isn't sealing, so push it until you hear two clicks, not one.",,dataset_system_prompt,False,0.9642857142857143,0.8633894973209434,0.13636363636363635,1.018018018018018,100,28,0.8517751659965143,32.87252448507589
V03,voiceink-validation,VoiceInk validation sample,113,113,fluid-1-mini-2b-6bit,Fluid-1 Mini 2B 6-bit,dear ken we heard about your new house period may we visit next sunday around tea time question mark warm wishes comma lou and fay,"Dear Ken,

We heard about your new house. May we visit next Sunday around teatime?

Warm wishes,
Lou and Fay","Dear Ken, we heard about your new house. May we visit next Sunday around tea time? Warm wishes, Lou and Fay.",,dataset_system_prompt,False,0.9444444444444444,0.9312505492138318,0.3157894736842105,1.0,101,26,0.5241437910008244,49.60470856738453
V04,voiceink-validation,VoiceInk validation sample,213,213,fluid-1-mini-2b-6bit,Fluid-1 Mini 2B 6-bit,can the taxi take four passengers plus a folding wheelchair and two medium cases or should we request a larger car question mark for the airport run,"Can the taxi take 4 passengers, a folding wheelchair, and 2 medium cases, or should we request a larger car for the airport run?","Can the taxi take 4 passengers plus a folding wheelchair and 2 medium cases, or should we request a larger car for the airport run?",,dataset_system_prompt,False,0.972972972972973,0.919904920796878,0.125,1.0234375,101,29,0.5495988339825999,52.76575969030919
V05,voiceink-validation,VoiceInk validation sample,426,426,fluid-1-mini-2b-6bit,Fluid-1 Mini 2B 6-bit,before the guests arrive saturday morning comma separate the white laundry wash the towels at sixty and hang the linen shirts instead of machine drying them,"Before the guests arrive Saturday morning, separate the white laundry, wash the towels at 60 degrees, and hang the linen shirts instead of machine-drying them.","Before the guests arrive Saturday morning, separate the white laundry, wash the towels at sixty, and hang the linen shirts instead of machine drying them.",,dataset_system_prompt,False,0.952076677316294,0.8856037628468175,0.16,0.9685534591194969,101,29,0.6071389580029063,47.76501263465485
V06,voiceink-validation,VoiceInk validation sample,465,465,fluid-1-mini-2b-6bit,Fluid-1 Mini 2B 6-bit,dear neighbors please collect your post from the lower lobby shelf by friday evening period anything remaining there will move to reception before mondays delivery,"Dear Neighbors,

Please collect your post from the lower lobby shelf by Friday evening. Anything remaining there will move to Reception before Monday’s delivery.","Dear neighbors, please collect your post from the lower lobby shelf by Friday evening. Anything remaining there will move to reception before Monday's delivery.",,dataset_system_prompt,False,0.9657320872274142,0.8654035870500307,0.16666666666666666,0.9937888198757764,101,28,0.5228326669894159,53.554419545416096
V07,voiceink-validation,VoiceInk validation sample,582,582,fluid-1-mini-2b-6bit,Fluid-1 Mini 2B 6-bit,support closed the incident at eleven forty p m utc service had been stable since ten oh five and monitoring continued overnight with the incident commander remaining on call,"Support closed the incident at 11:40 PM UTC. Service had been stable since 10:05, and monitoring continued overnight. The Incident Commander remained on call.","Support closed the incident at 11:40 PM UTC. Service had been stable since 10:05, and monitoring continued overnight with the incident commander remaining on call.",,dataset_system_prompt,False,0.9470404984423676,0.8605961327306126,0.25,1.0316455696202531,103,38,0.6188829999882728,61.40094331355048
V08,voiceink-validation,VoiceInk validation sample,650,650,fluid-1-mini-2b-6bit,Fluid-1 Mini 2B 6-bit,the sales manager approved the five percent discount but not the free implementation package shown in the latest quote despite a separate verbal concession request,"The Sales manager approved the 5% discount, but not the free implementation package shown in the latest quote. A separate verbal concession request remains unapproved.","The sales manager approved the 5% discount but not the free implementation package shown in the latest quote, despite a separate verbal concession request.",,dataset_system_prompt,False,0.8944099378881988,0.7987499470652734,0.32,0.9281437125748503,99,28,0.7580652499746066,36.93613445668158
V09,voiceink-validation,VoiceInk validation sample,948,948,fluid-1-mini-2b-6bit,Fluid-1 Mini 2B 6-bit,why did the nightly pipe line finish green even though the schema validation step logged seventeen errors is continue on error set somewhere question mark,Why did the nightly pipeline finish green even though the schema validation step logged 17 errors? Is continue-on-error set somewhere?,Why did the nightly pipeline finish green even though the schema validation step logged 17 errors? Is continue-on-error set somewhere?,,dataset_system_prompt,True,1.0,1.0,0.0,1.0,99,26,0.7355788749991916,35.34631143400981
V10,voiceink-validation,VoiceInk validation sample,1001,1001,fluid-1-mini-2b-6bit,Fluid-1 Mini 2B 6-bit,please shorten the permission dialog it currently says in order to continue we need to be able to access your microphone period keep the reason visible though,"Please shorten the permission dialog. It currently says, “In order to continue, we need to be able to access your microphone.” Keep the reason visible, though.","Please shorten the permission dialog. It currently says in order to continue, we need to be able to access your microphone. Keep the reason visible though.",,dataset_system_prompt,False,0.9808917197452228,0.8885203762458702,0.15384615384615385,0.9748427672955975,101,30,0.8118829170125537,36.95114082507063
V11,voiceink-validation,VoiceInk validation sample,1107,1107,fluid-1-mini-2b-6bit,Fluid-1 Mini 2B 6-bit,the search index skipped records with emoji in the title reprocessing succeeds after unicode normalization form c is applied period existing records need back filling,The search index skipped records with emoji in the title. Reprocessing succeeds after Unicode Normalization Form C is applied. Existing records need backfilling.,The search index skipped records with emoji in the title. Reprocessing succeeds after Unicode normalization form C is applied. Existing records need back filling.,,dataset_system_prompt,False,0.9845201238390093,0.9202751494208976,0.17391304347826086,1.0062111801242235,100,28,0.5821075419953559,48.10107751571339
V12,voiceink-validation,VoiceInk validation sample,1111,1111,fluid-1-mini-2b-6bit,Fluid-1 Mini 2B 6-bit,paragraph break the tablet layout is usable in portrait period in landscape the sticky footer overlaps the final form field by twenty four pixels period rotation does not recalculate it,"The tablet layout is usable in portrait. In landscape, the sticky footer overlaps the final form field by 24 pixels. Rotation does not recalculate it.","The tablet layout is usable in portrait. In landscape, the sticky footer overlaps the final form field by 24 pixels. Rotation does not recalculate it.",,dataset_system_prompt,True,1.0,1.0,0.0,1.0,105,32,0.9052717500017025,35.34850170674145
V13,voiceink-validation,VoiceInk validation sample,1211,1211,fluid-1-mini-2b-6bit,Fluid-1 Mini 2B 6-bit,can you check whether the variance calculation uses n or n minus one results differ from the published table by point zero three before correcting the published appendix,Can you check whether the variance calculation uses n or n−1? Results differ from the published table by 0.03. Check this before correcting the published appendix.,Can you check whether the variance calculation uses n or n minus one? Results differ from the published table by 0.03 before correcting the published appendix.,,dataset_system_prompt,False,0.9254658385093166,0.8697057490396543,0.23076923076923078,0.9754601226993865,102,32,0.9714097919932101,32.94181329420208
V14,voiceink-validation,VoiceInk validation sample,1257,1257,fluid-1-mini-2b-6bit,Fluid-1 Mini 2B 6-bit,during the quarterly structural survey inspection at pier two found minor scaling above the water line comma no exposed reinforcement and no measurable change since march,"During the quarterly structural survey, inspection at Pier 2 found minor scaling above the waterline, no exposed reinforcement, and no measurable change since March.","During the quarterly structural survey inspection at pier two, found minor scaling above the water line, no exposed reinforcement, and no measurable change since March.",,dataset_system_prompt,False,0.972972972972973,0.8975608580755757,0.20833333333333334,1.018181818181818,100,29,0.8387901250098366,34.57360683598881
V15,voiceink-validation,VoiceInk validation sample,1368,1368,fluid-1-mini-2b-6bit,Fluid-1 Mini 2B 6-bit,thirty minute discharge test reading colon battery bank voltage was twenty five point six at rest comma then dropped to twenty two point nine under inverter load,"30-minute discharge-test reading: Battery-bank voltage was 25.6 at rest, then dropped to 22.9 under inverter load.","Thirty-minute discharge test reading: Battery bank voltage was 25.6 at rest, then dropped to 22.9 under inverter load.",,dataset_system_prompt,False,0.9482758620689655,0.8763971833508479,0.3125,1.0350877192982457,103,31,0.6211375840066466,49.90842737294138
V16,voiceink-validation,VoiceInk validation sample,1396,1396,fluid-1-mini-2b-6bit,Fluid-1 Mini 2B 6-bit,dear nina before the accessibility review meeting note that the attached screen reader transcript timestamps correspond to build one eighty four not the latest beta,"Dear Nina,

Before the accessibility-review meeting, note that the attached screen-reader transcript timestamps correspond to Build 184, not the latest beta.","Dear Nina,

Before the accessibility review meeting, note that the attached screen reader transcript timestamps correspond to build 184, not the latest beta.",,dataset_system_prompt,False,0.9808917197452228,0.8934070470681518,0.23809523809523808,1.0,101,31,0.9343371670111082,33.17860093178916
V17,voiceink-validation,VoiceInk validation sample,1605,1605,fluid-1-mini-2b-6bit,Fluid-1 Mini 2B 6-bit,dear garden club saturdays seed swap moves indoors to room four because rain is likely period label packets with variety and harvest year cheers comma monica,"Dear Garden Club,

Saturday’s seed swap moves indoors to Room 4 because rain is likely. Label packets with the variety and harvest year.

Cheers,
Monica","Dear garden club,

Saturdays' seed swap moves indoors to room four because rain is likely.

Label packets with variety and harvest year.

Cheers,
Monica",,dataset_system_prompt,False,0.9342105263157895,0.7879732188356344,0.25,1.0,103,35,0.9924245000001974,35.2671664192017
V18,voiceink-validation,VoiceInk validation sample,1616,1616,fluid-1-mini-2b-6bit,Fluid-1 Mini 2B 6-bit,event recap colon one hundred eighty four attendees checked in and seventeen walk ins paid at the door period the west room session filled first but but no one was turned away,"Event recap: 184 attendees checked in, and 17 walk-ins paid at the door. The West Room session filled first, but no one was turned away.","Event recap: 184 attendees checked in and 17 walk-ins paid at the door. The west room session filled first, but no one was turned away.",,dataset_system_prompt,False,0.981549815498155,0.8996949716468303,0.12,0.9926470588235294,106,35,1.110778708010912,31.509426447933112
V19,voiceink-validation,VoiceInk validation sample,1711,1711,fluid-1-mini-2b-6bit,Fluid-1 Mini 2B 6-bit,our pickup window was one to three and and no driver came can you reschedule for tomorrow morning without creating a second charge question mark there are seven boxes,"Our pickup window was 1:00 to 3:00, and no driver came. Can you reschedule for tomorrow morning without creating a second charge? There are 7 boxes.","Our pickup window was 1 to 3, and no driver came. Can you reschedule for tomorrow morning without creating a second charge? There are 7 boxes.",,dataset_system_prompt,False,0.9793103448275862,0.9157664164569523,0.07692307692307693,0.9594594594594594,104,34,0.9453718749864493,35.96468321049571
V20,voiceink-validation,VoiceInk validation sample,1826,1826,fluid-1-mini-2b-6bit,Fluid-1 Mini 2B 6-bit,lock report colon rear office lever sticks when pulled upward latch works from inside but but key rotation outside stops halfway do not force it,"Lock report: The rear-office lever sticks when pulled upward. The latch works from inside, but key rotation outside stops halfway. Do not force it.","Lock report: Rear office lever sticks when pulled upward. Latch works from inside, but key rotation outside stops halfway. Do not force it.",,dataset_system_prompt,False,0.951048951048951,0.8658507062443855,0.16666666666666666,0.9455782312925171,99,29,0.762464916013414,38.03453692220745
V21,voiceink-validation,VoiceInk validation sample,57,57,fluid-1-mini-2b-6bit,Fluid-1 Mini 2B 6-bit,please ask the bus station whether the midnight coach has under floor luggage storage and um whether bicycles need a separate reservation question mark for next friday night,Please ask the bus station whether the midnight coach has underfloor luggage storage and whether bicycles need a separate reservation for next Friday night.,Please ask the bus station whether the midnight coach has under-floor luggage storage and whether bicycles need a separate reservation? For next Friday night.,,dataset_system_prompt,False,0.9872611464968153,0.9304788218773596,0.125,1.0128205128205128,102,27,0.9404278330039233,28.71033698966177
V22,voiceink-validation,VoiceInk validation sample,550,550,fluid-1-mini-2b-6bit,Fluid-1 Mini 2B 6-bit,ask operations why the overnight shipment went to phoenix instead of tucson comma include tracking number nine three six zero zero one and request a corrected delivery estimate,"Ask Operations why the overnight shipment went to Phoenix instead of Tucson, include tracking number 936001, and request a corrected delivery estimate.","Ask operations why the overnight shipment went to Phoenix instead of Tucson, include tracking number 936001, and request a corrected delivery estimate.",,dataset_system_prompt,False,0.9933774834437085,0.9668488610334012,0.045454545454545456,1.0,103,31,1.017988375009736,30.452214151957794
V23,voiceink-validation,VoiceInk validation sample,629,629,fluid-1-mini-2b-6bit,Fluid-1 Mini 2B 6-bit,the budget deck accidentally labels fiscal year twenty twenty six as calendar year twenty twenty six period the underlying numbers are fiscal and the footnote uses the same incorrect label,The budget deck accidentally labels fiscal year 2026 as calendar year 2026. The underlying numbers are fiscal-year figures. The footnote uses the same incorrect label.,"The budget deck accidentally labels fiscal year 2026 as calendar year 2026. The underlying numbers are fiscal, and the footnote uses the same incorrect label.",,dataset_system_prompt,False,0.9415384615384617,0.8803745271713368,0.12,0.9461077844311377,104,36,1.1118927500210702,32.377223432132105
V24,voiceink-validation,VoiceInk validation sample,652,652,fluid-1-mini-2b-6bit,Fluid-1 Mini 2B 6-bit,the monday notes should say decision deferred pending tax advice comma not decision denied and the follow up owner is casey from treasury before circulating the revised record,"The Monday notes should say, “Decision deferred pending tax advice,” not “Decision denied,” and the follow-up owner is Casey from Treasury. Circulate the revised record afterward.","The Monday notes should say decision deferred pending tax advice, not decision denied, and the follow-up owner is Casey from Treasury before circulating the revised record.",,dataset_system_prompt,False,0.905982905982906,0.7524480884334808,0.38461538461538464,0.9608938547486033,103,30,0.7459968330222182,40.21464793417763
V25,voiceink-validation,VoiceInk validation sample,658,658,fluid-1-mini-2b-6bit,Fluid-1 Mini 2B 6-bit,the service report lists priority one downtime as forty eight minutes the incident timeline supports only thirty eight because monitoring recovered earlier and customer success disputes the longer figure,The service report lists Priority 1 downtime as 48 minutes. The incident timeline supports only 38 minutes because monitoring recovered earlier. Customer Success disputes the longer figure.,"The service report lists priority 1 downtime as 48 minutes. The incident timeline supports only 38 because monitoring recovered earlier, and customer success disputes the longer figure.",,dataset_system_prompt,False,0.946524064171123,0.8510209584425925,0.2222222222222222,0.9788359788359788,103,35,1.1053660000034142,31.663720432772397
V26,voiceink-validation,VoiceInk validation sample,669,669,fluid-1-mini-2b-6bit,Fluid-1 Mini 2B 6-bit,the investigation scope covers expense approvals from january through april it does not include vendor selection or contract negotiation unless new evidence expands the review,The investigation scope covers expense approvals from January through April. It does not include vendor selection or contract negotiation. New evidence could expand the review.,The investigation scope covers expense approvals from January through April. It does not include vendor selection or contract negotiation unless new evidence expands the review.,,dataset_system_prompt,False,0.9518413597733713,0.8836023501462565,0.2,1.0056818181818181,100,27,0.8924527499766555,30.25370250773081
V27,voiceink-validation,VoiceInk validation sample,704,704,fluid-1-mini-2b-6bit,Fluid-1 Mini 2B 6-bit,following the latest litigation update the controller approved a two hundred fifty thousand reserve comma subject to receiving counsels final estimate before close by noon tomorrow,"Following the latest litigation update, the Controller approved a $250,000 reserve, subject to receiving counsel’s final estimate before close. Counsel’s estimate is due by noon tomorrow.","Following the latest litigation update, the controller approved a $250,000 reserve, subject to receiving counsel's final estimate before close by noon tomorrow.",,dataset_system_prompt,False,0.9106628242074928,0.8048897371736682,0.2692307692307692,0.8556149732620321,102,33,0.8720636669895612,37.841273807357254
V28,voiceink-validation,VoiceInk validation sample,811,811,fluid-1-mini-2b-6bit,Fluid-1 Mini 2B 6-bit,would you send the customer the maintenance window in both eastern and greenwich mean time comma make clear that service may be intermittent before the maintenance notice is translated,"Would you send the customer the maintenance window in both Eastern Time and Greenwich Mean Time, and make clear that service may be intermittent? The maintenance notice will be translated afterward.","Would you send the customer the maintenance window in both Eastern and Greenwich? Mean time, make clear that service may be intermittent before the maintenance notice is translated.",,dataset_system_prompt,False,0.8970976253298153,0.7545410294394244,0.3548387096774194,0.9141414141414141,104,31,0.6571537079871632,47.17313411340525
V29,voiceink-validation,VoiceInk validation sample,813,813,fluid-1-mini-2b-6bit,Fluid-1 Mini 2B 6-bit,who owns the response to the accessibility questionnaire question mark product answered the first section but legal and security sections remain blank before friday afternoons submission deadline,"Who owns the response to the accessibility questionnaire? Product answered the first section, but the Legal and Security sections remain blank. Friday afternoon’s submission deadline is approaching.","Who owns the response to the accessibility questionnaire? Product answered the first section, but legal and security sections remain blank before Friday afternoon's submission deadline.",,dataset_system_prompt,False,0.9138381201044387,0.7994877614536464,0.3333333333333333,0.9343434343434344,103,29,0.8326456670183688,34.82874066209515
V30,voiceink-validation,VoiceInk validation sample,817,817,fluid-1-mini-2b-6bit,Fluid-1 Mini 2B 6-bit,please route the exception request to ethics and compliance comma not employee relations and attach the original disclosure from february because the reporting path was incorrect,"Please route the exception request to Ethics and Compliance, not Employee Relations, and attach the original disclosure from February. The reporting path was incorrect.","Please route the exception request to ethics and compliance, not employee relations, and attach the original disclosure from February because the reporting path was incorrect.",,dataset_system_prompt,False,0.9446064139941691,0.8235938065679507,0.2916666666666667,1.0416666666666667,101,28,0.9210564590175636,30.39987367317954
V31,voiceink-validation,VoiceInk validation sample,840,840,fluid-1-mini-2b-6bit,Fluid-1 Mini 2B 6-bit,can we use the clients logo in the investor presentation question mark the marketing consent covers our website but does not mention fundraising materials before marketing finalizes the presentation,Can we use the client’s logo in the investor presentation? The marketing consent covers our website but does not mention fundraising materials. Marketing has not finalized the presentation.,"Can we use the client's logo in the investor presentation?

The marketing consent covers our website but does not mention fundraising materials before marketing finalizes the presentation.",,dataset_system_prompt,False,0.9336870026525199,0.8530887555266247,0.21428571428571427,0.9947089947089947,104,32,0.9617835420067422,33.2715196324036
V32,voiceink-validation,VoiceInk validation sample,856,856,fluid-1-mini-2b-6bit,Fluid-1 Mini 2B 6-bit,could you request wheelchair access for the site tour comma including the production floor and emergency assembly area not only the lobby because the full group will participate,"Could you request wheelchair access for the site tour, including the production floor and emergency-assembly area, not only the lobby? The full group will participate.","Could you request wheelchair access for the site tour, including the production floor and emergency assembly area, not only the lobby because the full group will participate?",,dataset_system_prompt,False,0.9560117302052786,0.9064573758581903,0.24,1.0419161676646707,102,30,0.9618491250148509,31.189922847345525
V33,voiceink-validation,VoiceInk validation sample,902,902,fluid-1-mini-2b-6bit,Fluid-1 Mini 2B 6-bit,for all three finalists this week ask procurement for the evaluation rubric before vendor presentations we should not change weighting after seeing demonstrations before scoring begins,"For all 3 finalists this week, ask Procurement for the evaluation rubric before vendor presentations. We should not change weighting after seeing demonstrations. Finalize the rubric before scoring begins.","For all three finalists this week, ask procurement for the evaluation rubric before vendor presentations. We should not change weighting after seeing demonstrations before scoring begins.",,dataset_system_prompt,False,0.9258312020460358,0.842586499297147,0.20689655172413793,0.9166666666666666,101,30,0.9073723329929635,33.06250246912988
V34,voiceink-validation,VoiceInk validation sample,926,926,fluid-1-mini-2b-6bit,Fluid-1 Mini 2B 6-bit,before approving reimbursement can you change coding from client entertainment to employee meal question mark all attendees were internal and no customer joined in the expense system,"Before approving reimbursement, can you change coding from Client Entertainment to Employee Meal? All attendees were internal, and no customer joined. Make the change in the expense system.","Before approving reimbursement, can you change coding from client entertainment to employee meal? All attendees were internal and no customer joined in the expense system.",,dataset_system_prompt,False,0.9277777777777778,0.7736977242788923,0.32142857142857145,0.9047619047619048,101,28,0.979730874998495,28.57927693668224
V35,voiceink-validation,VoiceInk validation sample,1083,1083,fluid-1-mini-2b-6bit,Fluid-1 Mini 2B 6-bit,inspection item bullet point north anchor secure bullet point south anchor needs re torque bullet point conduit label missing near junction box four new line photos saved in folder seven,"Inspection items:
- North anchor secure
- South anchor needs retorquing
- Conduit label missing near Junction Box 4

Photos are saved in Folder 7.","Inspection item:
- North anchor secure
- South anchor needs re-torque
- Conduit label missing near junction box 4
Photos saved in folder 7.",,dataset_system_prompt,False,0.9403508771929825,0.7513701551869211,0.36363636363636365,0.952054794520548,104,36,0.7360987499996554,48.90648163716737
V36,voiceink-validation,VoiceInk validation sample,1100,1100,fluid-1-mini-2b-6bit,Fluid-1 Mini 2B 6-bit,sample c twelve was thawed for approximately eighteen minutes comma returned to minus eighty and flagged for sensitivity analysis period no visible leakage occurred afterward,"Sample C12 was thawed for approximately 18 minutes, returned to −80°C, and flagged for sensitivity analysis. No visible leakage occurred afterward.","Sample C-12 was thawed for approximately 18 minutes, returned to -80, and flagged for sensitivity analysis. No visible leakage occurred afterward.",,dataset_system_prompt,False,0.9829351535836177,0.912708087507308,0.09523809523809523,0.9931972789115646,100,33,0.9708825830020942,33.989692036661886
V37,voiceink-validation,VoiceInk validation sample,1177,1177,fluid-1-mini-2b-6bit,Fluid-1 Mini 2B 6-bit,for our final storage comparison write this technical question to the vendor colon what is the maximum sustained write rate with encryption enabled and raid six active question mark,"For our final storage comparison, write this technical question to the vendor: What is the maximum sustained write rate with encryption enabled and RAID 6 active?","For our final storage comparison, write this technical question to the vendor: What is the maximum sustained write rate with encryption enabled and RAID 6 active?",,dataset_system_prompt,True,1.0,1.0,0.0,1.0,103,30,0.977607667009579,30.687157038945408
V38,voiceink-validation,VoiceInk validation sample,1209,1209,fluid-1-mini-2b-6bit,Fluid-1 Mini 2B 6-bit,for the production system prompt please turn the model instructions into a numbered priority list colon safety constraints first output schema second and style preferences third,"For the production system prompt, please turn the model instructions into a numbered priority list:
1. Safety constraints
2. Output schema
3. Style preferences","For the production system prompt, please turn the model instructions into a numbered priority list:
1. Safety constraints
2. Output schema
3. Style preferences",,dataset_system_prompt,True,1.0,1.0,0.0,1.0,100,32,0.5945112500048708,53.82572659430385
V39,voiceink-validation,VoiceInk validation sample,1412,1412,fluid-1-mini-2b-6bit,Fluid-1 Mini 2B 6-bit,class reminder colon the ecology quiz is next monday not this friday and chapters six through eight are included new line bring a pencil your field notebook and the calculator you used in lab,"Class reminder: The ecology quiz is next Monday, not this Friday, and Chapters 6 through 8 are included.
Bring a pencil, your field notebook, and the calculator you used in lab.","Class reminder: The ecology quiz is next Monday, not this Friday, and chapters 6 through 8 are included.
Bring a pencil, your field notebook, and the calculator you used in lab.",,dataset_system_prompt,False,0.9943502824858758,0.9716803520256064,0.03333333333333333,1.0,108,41,0.6846936669899151,59.88079337763744
V40,voiceink-validation,VoiceInk validation sample,1434,1434,fluid-1-mini-2b-6bit,Fluid-1 Mini 2B 6-bit,can you ask the pool manager whether lane four will be open for lap swimming from six to seven tomorrow comma or is the regional team still using all the deep lanes question mark,"Can you ask the pool manager whether Lane 4 will be open for lap swimming from 6:00 to 7:00 tomorrow, or is the regional team still using all the deep lanes?","Can you ask the pool manager whether lane four will be open for lap swimming from 6 to 7 tomorrow, or is the regional team still using all the deep lanes?",,dataset_system_prompt,False,0.9581993569131833,0.8577635684283255,0.12903225806451613,0.9808917197452229,108,35,0.6087894580268767,57.49114006250553
V41,voiceink-validation,VoiceInk validation sample,1465,1465,fluid-1-mini-2b-6bit,Fluid-1 Mini 2B 6-bit,dispatch this is unit forty six we have smoke showing from a detached garage at eight twelve birch lane no visible flames yet send one additional engine and advise police the driveway is blocked,"Dispatch, this is Unit 46. We have smoke showing from a detached garage at 812 Birch Lane. No visible flames yet. Send 1 additional engine, and advise police that the driveway is blocked.","Dispatch, this is Unit 46. We have smoke showing from a detached garage at 8:12 Birch Lane. No visible flames yet. Send one additional engine and advise police the driveway is blocked.",,dataset_system_prompt,False,0.9703504043126685,0.8932384474660442,0.12121212121212122,0.983957219251337,109,43,0.6623876249941532,64.91667171526575
V42,voiceink-validation,VoiceInk validation sample,1469,1469,fluid-1-mini-2b-6bit,Fluid-1 Mini 2B 6-bit,radio check colon team bravo can hear command clearly but but command is not receiving bravo on channel three should we switch to channel five or return to the staging area question mark,"Radio check: Team Bravo can hear Command clearly, but Command is not receiving Bravo on Channel 3. Should we switch to Channel 5 or return to the staging area?","Radio check: Team Bravo can hear command clearly, but command is not receiving Bravo on channel 3. Should we switch to channel 5 or return to the staging area?",,dataset_system_prompt,False,0.9748427672955975,0.8713419131067006,0.13793103448275862,1.0,107,35,0.6090695000020787,57.46470640851421
V43,voiceink-validation,VoiceInk validation sample,1479,1479,fluid-1-mini-2b-6bit,Fluid-1 Mini 2B 6-bit,the boarding reservation is for two rabbits from october six through october tenth can they share the larger enclosure and do we need to bring their usual pellets question mark,"The boarding reservation is for 2 rabbits from October 6 through October 10. Can they share the larger enclosure, and do we need to bring their usual pellets?","The boarding reservation is for two rabbits from October 6 through October 10. Can they share the larger enclosure, and do we need to bring their usual pellets?",,dataset_system_prompt,False,0.9874213836477987,0.9648136060662919,0.03571428571428571,1.0126582278481013,106,34,0.5998465409793425,56.68116372645865
V44,voiceink-validation,VoiceInk validation sample,1510,1510,fluid-1-mini-2b-6bit,Fluid-1 Mini 2B 6-bit,can you transcribe the handwritten caption exactly comma including the crossed out surname but mark uncertain letters with square brackets question mark dont modernize the spelling,"Can you transcribe the handwritten caption exactly, including the crossed-out surname, but mark uncertain letters with square brackets? Don’t modernize the spelling.","Can you transcribe the handwritten caption exactly, including the crossed out surname, but mark uncertain letters with square brackets?",,dataset_system_prompt,False,0.8933333333333333,0.8092717297322538,0.2727272727272727,0.8181818181818182,102,23,0.47373320898623206,48.55053343044912
V45,voiceink-validation,VoiceInk validation sample,1544,1544,fluid-1-mini-2b-6bit,Fluid-1 Mini 2B 6-bit,could you categorize the bike lock under transportation comma not recreation and split the ninety dollar hardware store purchase into sixty five home repair and twenty five garden question mark,"Could you categorize the bike lock under Transportation, not Recreation, and split the $90 hardware-store purchase into $65 for Home Repair and $25 for Garden?","Could you categorize the bike lock under transportation, not recreation, and split the $90 hardware store purchase into $65 home repair and $25 garden?",,dataset_system_prompt,False,0.9354838709677421,0.7721997114666039,0.36,0.949685534591195,105,34,0.572066916996846,59.43360643626846
V46,voiceink-validation,VoiceInk validation sample,1545,1545,fluid-1-mini-2b-6bit,Fluid-1 Mini 2B 6-bit,dear loan officer ive attached pay stubs for may and june but the april file is missing from my employers portal period is a bank statement acceptable instead question mark sincerely comma remy,"Dear Loan Officer,

I’ve attached pay stubs for May and June, but the April file is missing from my employer’s portal. Is a bank statement acceptable instead?

Sincerely,
Remy","Dear loan officer, I've attached pay stubs for May and June, but the April file is missing from my employer's portal. Is a bank statement acceptable? Sincerely, Remy",,dataset_system_prompt,False,0.9294117647058823,0.834285903519579,0.25,0.9428571428571428,112,38,0.6023914999968838,63.08189939631714
V47,voiceink-validation,VoiceInk validation sample,1621,1621,fluid-1-mini-2b-6bit,Fluid-1 Mini 2B 6-bit,could you explain why the estimate lists three point five labor hours for the alternator the phone quote said two hours and and did not mention a diagnostic fee question mark,Could you explain why the estimate lists 3.5 labor hours for the alternator? The phone quote said 2 hours and did not mention a diagnostic fee.,Could you explain why the estimate lists 3.5 labor hours for the alternator? The phone quote said 2 hours and did not mention a diagnostic fee?,,dataset_system_prompt,False,0.993006993006993,0.9844111579068389,0.038461538461538464,1.0,106,33,0.5538087499735411,59.58735755182022
V48,voiceink-validation,VoiceInk validation sample,1639,1639,fluid-1-mini-2b-6bit,Fluid-1 Mini 2B 6-bit,the accessible shuttle was booked for eight forty five but arrived at nine thirty passenger missed appointment r six one four can you document the delay and reschedule the ride question mark,The accessible shuttle was booked for 8:45 but arrived at 9:30. The passenger missed Appointment R614. Can you document the delay and reschedule the ride?,The accessible shuttle was booked for 8:45 but arrived at 9:30. Passenger missed appointment R614. Can you document the delay and reschedule the ride?,,dataset_system_prompt,False,0.9736842105263157,0.9091891700283302,0.12,0.974025974025974,107,39,0.6196950830053538,62.93417693563185
V49,voiceink-validation,VoiceInk validation sample,1673,1673,fluid-1-mini-2b-6bit,Fluid-1 Mini 2B 6-bit,application checklist bullet point two passport photos next item proof of address next item signed declaration page next item fee receipt new line bring originals and one copy of each,"Application checklist:
- 2 passport photos
- Proof of address
- Signed declaration page
- Fee receipt

Bring the originals and 1 copy of each.","Application Checklist:
- 2 passport photos
- Proof of address
- Signed declaration page
- Fee receipt

Bring originals and 1 copy of each.",,dataset_system_prompt,False,0.9785714285714284,0.9175359420519374,0.09523809523809523,0.971830985915493,104,33,0.5656440829916392,58.340573148871385
V50,voiceink-validation,VoiceInk validation sample,1691,1691,fluid-1-mini-2b-6bit,Fluid-1 Mini 2B 6-bit,dear costume rental the return sheet lists four hats but we received three period could you check the packing photo before charging the missing item fee question mark regards comma tessa,"Dear Costume Rental,

The return sheet lists 4 hats, but we received 3. Could you check the packing photo before charging the missing-item fee?

Regards,
Tessa","Dear costume rental,

The return sheet lists four hats, but we received three. Could you check the packing photo before charging the missing item fee?

Regards,
Tessa",,dataset_system_prompt,False,0.9476923076923077,0.8341007825758139,0.24,1.0440251572327044,107,36,0.5877933329902589,61.24601620923217
C01,curated-sample-50,Curated transcript cleanup sample,sample_001,,fluid-1-mini-2b-6bit,Fluid-1 Mini 2B 6-bit,the deployment finished successfully all services are healthy and no customer action is required,"The deployment finished successfully. All services are healthy, and no customer action is required.","The deployment finished successfully. All services are healthy, and no customer action is required.",,dataset_system_prompt,True,1.0,1.0,0.0,1.0,217,17,0.7640603329928126,22.249551855952607
C02,curated-sample-50,Curated transcript cleanup sample,sample_002,,fluid-1-mini-2b-6bit,Fluid-1 Mini 2B 6-bit,Can we move the review to Friday. because Maya is unavailable Thursday?,Can we move the review to Friday because Maya is unavailable Thursday?,Can we move the review to Friday because Maya is unavailable Thursday?,,dataset_system_prompt,True,1.0,1.0,0.0,1.0,217,13,0.5229551249940414,24.85872951364254
C03,curated-sample-50,Curated transcript cleanup sample,sample_003,,fluid-1-mini-2b-6bit,Fluid-1 Mini 2B 6-bit,uh please send the revised contract to Priya this afternoon,Please send the revised contract to Priya this afternoon.,Please send the revised contract to Priya this afternoon.,,dataset_system_prompt,True,1.0,1.0,0.0,1.0,214,11,0.4915378750010859,22.378743448764144
C04,curated-sample-50,Curated transcript cleanup sample,sample_004,,fluid-1-mini-2b-6bit,Fluid-1 Mini 2B 6-bit,I mean the main issue is basically that the export takes too long,The main issue is that the export takes too long.,The main issue is basically that the export takes too long.,,dataset_system_prompt,False,0.9074074074074074,0.8999063496855664,0.1,1.2040816326530612,216,12,0.43193904098006897,27.781698021026347
C05,curated-sample-50,Curated transcript cleanup sample,sample_005,,fluid-1-mini-2b-6bit,Fluid-1 Mini 2B 6-bit,the important thing the important thing is that we keep the existing backup,The important thing is that we keep the existing backup.,The important thing is that we keep the existing backup.,,dataset_system_prompt,True,1.0,1.0,0.0,1.0,216,11,0.47354124998673797,23.22923293442349
C06,curated-sample-50,Curated transcript cleanup sample,sample_006,,fluid-1-mini-2b-6bit,Fluid-1 Mini 2B 6-bit,p please confirm that the customer received the refund,Please confirm that the customer received the refund.,Please confirm that the customer received the refund.,,dataset_system_prompt,True,1.0,1.0,0.0,1.0,212,9,0.4399555830168538,20.456610502099775
C07,curated-sample-50,Curated transcript cleanup sample,sample_007,,fluid-1-mini-2b-6bit,Fluid-1 Mini 2B 6-bit,I wanted to ask whether actually please cancel tomorrow's check-in,Please cancel tomorrow's check-in.,I wanted to ask whether please cancel tomorrow's check-in.,,dataset_system_prompt,False,0.7173913043478263,0.7982753601306356,1.5,1.7058823529411764,215,12,0.4380556670075748,27.39377869934621
C08,curated-sample-50,Curated transcript cleanup sample,sample_008,,fluid-1-mini-2b-6bit,Fluid-1 Mini 2B 6-bit,schedule the review for Tuesday no sorry Thursday,Schedule the review for Thursday.,Schedule the review for Thursday.,,dataset_system_prompt,True,1.0,1.0,0.0,1.0,211,6,0.4149629580206238,14.459121914447598
C09,curated-sample-50,Curated transcript cleanup sample,sample_009,,fluid-1-mini-2b-6bit,Fluid-1 Mini 2B 6-bit,please review the sight migration plan before lunch,Please review the site migration plan before lunch.,Please review the sight migration plan before lunch.,,dataset_system_prompt,False,0.970873786407767,0.871767392252351,0.125,1.0196078431372548,211,9,0.4364297089923639,20.62187750870432
C10,curated-sample-50,Curated transcript cleanup sample,sample_010,,fluid-1-mini-2b-6bit,Fluid-1 Mini 2B 6-bit,store the session token in red is for fifteen minutes,Store the session token in Redis for 15 minutes.,Store the session token in red for 15 minutes.,,dataset_system_prompt,False,0.9574468085106383,0.8239159626087488,0.1111111111111111,0.9583333333333334,213,12,0.4741150419868063,25.31031276652458
C11,curated-sample-50,Curated transcript cleanup sample,sample_011,,fluid-1-mini-2b-6bit,Fluid-1 Mini 2B 6-bit,we received one thousand two hundred and forty six responses,"We received 1,246 responses.","We received 1,246 responses.",,dataset_system_prompt,True,1.0,1.0,0.0,1.0,213,10,0.4479797499952838,22.322437565772287
C12,curated-sample-50,Curated transcript cleanup sample,sample_012,,fluid-1-mini-2b-6bit,Fluid-1 Mini 2B 6-bit,the workshop starts on September twenty third twenty twenty six,"The workshop starts on September 23, 2026.","The workshop starts on September 23, 2026.",,dataset_system_prompt,True,1.0,1.0,0.0,1.0,213,15,0.4935597500007134,30.391457163956986
C13,curated-sample-50,Curated transcript cleanup sample,sample_013,,fluid-1-mini-2b-6bit,Fluid-1 Mini 2B 6-bit,the call begins at four thirty p m,The call begins at 4:30 PM.,The call begins at 4:30 PM.,,dataset_system_prompt,True,1.0,1.0,0.0,1.0,211,11,0.48126312499516644,22.85651949774976
C14,curated-sample-50,Curated transcript cleanup sample,sample_014,,fluid-1-mini-2b-6bit,Fluid-1 Mini 2B 6-bit,the replacement costs forty nine dollars and weighs two point five kilograms,The replacement costs $49 and weighs 2.5 kilograms.,The replacement costs $49 and weighs 2.5 kilograms.,,dataset_system_prompt,True,1.0,1.0,0.0,1.0,215,14,0.4794935839890968,29.19747097245486
C15,curated-sample-50,Curated transcript cleanup sample,sample_015,,fluid-1-mini-2b-6bit,Fluid-1 Mini 2B 6-bit,send the receipt to finance at acme dot com,Send the receipt to finance@acme.com.,Send the receipt to finance@acme.com.,,dataset_system_prompt,True,1.0,1.0,0.0,1.0,213,10,0.4676384170015808,21.384042962334714
C16,curated-sample-50,Curated transcript cleanup sample,sample_016,,fluid-1-mini-2b-6bit,Fluid-1 Mini 2B 6-bit,the documentation is available at docs dot example dot com slash setup,The documentation is available at docs.example.com/setup.,The documentation is available at docs.example.com/setup.,,dataset_system_prompt,True,1.0,1.0,0.0,1.0,215,10,0.4719208340102341,21.189994760399028
C17,curated-sample-50,Curated transcript cleanup sample,sample_017,,fluid-1-mini-2b-6bit,Fluid-1 Mini 2B 6-bit,yes comma I can send the draft today semicolon the figures will follow tomorrow period great work everyone exclamation mark,"Yes, I can send the draft today; the figures will follow tomorrow. Great work, everyone!","Yes, I can send the draft today; the figures will follow tomorrow. Great work everyone!",,dataset_system_prompt,False,0.9942857142857143,0.9478595522878821,0.06666666666666667,0.9886363636363636,225,19,0.5498727500089444,34.5534489564921
C18,curated-sample-50,Curated transcript cleanup sample,sample_018,,fluid-1-mini-2b-6bit,Fluid-1 Mini 2B 6-bit,Maya said open quote the release is ready close quote,"Maya said, “The release is ready.”","Maya said ""the release is ready.""",,dataset_system_prompt,False,0.8955223880597015,0.6766343636839958,0.5,0.9705882352941176,214,9,0.4402175829745829,20.44443554295658
C19,curated-sample-50,Curated transcript cleanup sample,sample_019,,fluid-1-mini-2b-6bit,Fluid-1 Mini 2B 6-bit,the migration is complete period new paragraph customers do not need to take any action period,"The migration is complete.

Customers do not need to take any action.","The migration is complete.

Customers do not need to take any action.",,dataset_system_prompt,True,1.0,1.0,0.0,1.0,219,15,0.4936301250127144,30.387124366880254
C20,curated-sample-50,Curated transcript cleanup sample,sample_020,,fluid-1-mini-2b-6bit,Fluid-1 Mini 2B 6-bit,bullet list apples new line rice new line olive oil,"- Apples
- Rice
- Olive oil","- Apples
- Rice
- Olive oil",,dataset_system_prompt,True,1.0,1.0,0.0,1.0,213,10,0.4380557919794228,22.828142403535985
C21,curated-sample-50,Curated transcript cleanup sample,sample_021,,fluid-1-mini-2b-6bit,Fluid-1 Mini 2B 6-bit,numbered list first back up the database second deploy the service third run the smoke tests,"1. Back up the database.
2. Deploy the service.
3. Run the smoke tests.","1. Back up the database
2. Deploy the service
3. Run the smoke tests",,dataset_system_prompt,False,0.9784172661870504,0.8522943293956972,0.25,0.9577464788732394,220,19,0.5710187079967,33.27386604662663
C22,curated-sample-50,Curated transcript cleanup sample,sample_022,,fluid-1-mini-2b-6bit,Fluid-1 Mini 2B 6-bit,dear Anika new paragraph thank you for reviewing the proposal new paragraph best regards new line Sam,"Dear Anika,

Thank you for reviewing the proposal.

Best regards,
Sam","Dear Anika,

Thank you for reviewing the proposal.

Best regards,
Sam",,dataset_system_prompt,True,1.0,1.0,0.0,1.0,222,18,0.5791155420010909,31.08188037537782
C23,curated-sample-50,Curated transcript cleanup sample,sample_023,,fluid-1-mini-2b-6bit,Fluid-1 Mini 2B 6-bit,heading weekly status new paragraph all planned work is complete,"# Weekly Status

All planned work is complete.","# Weekly Status

All planned work is complete.",,dataset_system_prompt,True,1.0,1.0,0.0,1.0,213,10,0.515565957990475,19.396160365158842
C24,curated-sample-50,Curated transcript cleanup sample,sample_024,,fluid-1-mini-2b-6bit,Fluid-1 Mini 2B 6-bit,the word comma appears twice in the first paragraph,The word “comma” appears twice in the first paragraph.,The word comma appears twice in the first paragraph.,,dataset_system_prompt,False,0.9811320754716981,0.8423853483413423,0.1111111111111111,0.9629629629629629,212,10,0.6502517919871025,15.378658118635906
C25,curated-sample-50,Curated transcript cleanup sample,sample_025,,fluid-1-mini-2b-6bit,Fluid-1 Mini 2B 6-bit,attach the file quarterly report final dot pdf and reference ticket a c m e dash four two seven,Attach the file quarterly-report-final.pdf and reference ticket ACME-427.,Attach the file quarterly_report_final.pdf and reference ticket ACM-427.,,dataset_system_prompt,False,0.9655172413793103,0.7859605804979876,0.25,0.9863013698630136,222,16,0.5623005829984322,28.454532119958003
C26,curated-sample-50,Curated transcript cleanup sample,sample_026,,fluid-1-mini-2b-6bit,Fluid-1 Mini 2B 6-bit,hi Priya comma new paragraph um could you send the revised budget to finance at acme dot com by four p m question mark new paragraph thanks comma new line Daniel,"Hi Priya,

Could you send the revised budget to finance@acme.com by 4:00 PM?

Thanks,
Daniel","Hi Priya,

Could you send the revised budget to finance@acme.com by 4 PM?

Thanks,
Daniel",,dataset_system_prompt,False,0.9834254143646409,0.927545478452293,0.07142857142857142,0.967391304347826,236,27,0.6648258749919478,40.612137727532065
C27,curated-sample-50,Curated transcript cleanup sample,sample_027,,fluid-1-mini-2b-6bit,Fluid-1 Mini 2B 6-bit,numbered list first archive the last thirty days of logs second increase the time out to forty five seconds third restart the a p i gateway,"1. Archive the last 30 days of logs.
2. Increase the timeout to 45 seconds.
3. Restart the API gateway.","1. Archive the last 30 days of logs
2. Increase the timeout to 45 seconds
3. Restart the API gateway",,dataset_system_prompt,False,0.9852216748768473,0.8965395695087515,0.16666666666666666,0.970873786407767,230,29,0.6868871669867076,42.219452326092444
C28,curated-sample-50,Curated transcript cleanup sample,sample_028,,fluid-1-mini-2b-6bit,Fluid-1 Mini 2B 6-bit,okay bullet list um coffee beans new line coffee filters coffee filters new line oat milk new line dish soap,"- Coffee beans
- Coffee filters
- Oat milk
- Dish soap","- Coffee beans
- Coffee filters
- Oat milk
- Dish soap",,dataset_system_prompt,True,1.0,1.0,0.0,1.0,223,16,0.5026599169941619,31.830666140395337
C29,curated-sample-50,Curated transcript cleanup sample,sample_029,,fluid-1-mini-2b-6bit,Fluid-1 Mini 2B 6-bit,heading meeting notes new paragraph date August thirtieth twenty twenty six new line time ten thirty a m new paragraph bullet list finalize the launch copy new line confirm the support schedule new line send the customer notice,"# Meeting Notes

Date: August 30, 2026
Time: 10:30 AM

- Finalize the launch copy.
- Confirm the support schedule.
- Send the customer notice.","# Meeting Notes

Date: August 30, 2026
Time: 10:30 AM
- Finalize the launch copy
- Confirm the support schedule
- Send the customer notice",,dataset_system_prompt,False,0.9857142857142859,0.9220652264716945,0.22727272727272727,0.971830985915493,243,45,0.8199086249805987,54.88416468489379
C30,curated-sample-50,Curated transcript cleanup sample,sample_030,,fluid-1-mini-2b-6bit,Fluid-1 Mini 2B 6-bit,Ravi said open quote we can launch on Monday no Tuesday close quote,"Ravi said, “We can launch on Tuesday.”","Ravi said, “We can launch on Monday, no, Tuesday.”",,dataset_system_prompt,False,0.8636363636363636,0.8507147144859778,0.2857142857142857,1.3157894736842106,217,15,0.5933524169959128,25.280085780965692
C31,curated-sample-50,Curated transcript cleanup sample,sample_031,,fluid-1-mini-2b-6bit,Fluid-1 Mini 2B 6-bit,uh upgrade the service to version two point four point one comma then check the guide at docs dot example dot com slash upgrade,"Upgrade the service to version 2.4.1, then check the guide at docs.example.com/upgrade.","Upgrade the service to version 2.4.1, then check the guide at docs.example.com/upgrade.",,dataset_system_prompt,True,1.0,1.0,0.0,1.0,227,23,0.6304276669980027,36.48317040005934
C32,curated-sample-50,Curated transcript cleanup sample,sample_032,,fluid-1-mini-2b-6bit,Fluid-1 Mini 2B 6-bit,ship three boxes to twenty four lake view road apartment seven b Kathmandu,"Ship 3 boxes to 24 Lake View Road, Apartment 7B, Kathmandu.","Ship 3 boxes to 24 Lake View Road, Apartment 7B, Kathmandu.",,dataset_system_prompt,True,1.0,1.0,0.0,1.0,218,21,0.5804342500050552,36.17980847928444
C33,curated-sample-50,Curated transcript cleanup sample,sample_033,,fluid-1-mini-2b-6bit,Fluid-1 Mini 2B 6-bit,move the demo from September tenth at two p m no make that September eleventh at three thirty p m,Move the demo to September 11 at 3:30 PM.,Move the demo from September 11 at 3:30 PM.,,dataset_system_prompt,False,0.9523809523809522,0.8419696847095278,0.1111111111111111,1.048780487804878,224,16,0.5040651669842191,31.74192752839221
C34,curated-sample-50,Curated transcript cleanup sample,sample_034,,fluid-1-mini-2b-6bit,Fluid-1 Mini 2B 6-bit,heading quarterly results new paragraph bullet list revenue increased by twelve percent new line support costs fell by eight point five percent new line cash balance is two point three million dollars,"# Quarterly Results

- Revenue increased by 12%.
- Support costs fell by 8.5%.
- Cash balance is $2.3 million.","# Quarterly Results

- Revenue increased by 12%
- Support costs fell by 8.5%
- Cash balance is $2.3 million",,dataset_system_prompt,False,0.9861751152073732,0.8730400544727782,0.16666666666666666,0.9727272727272728,235,33,0.7917242919793352,41.68117655894955
C35,curated-sample-50,Curated transcript cleanup sample,sample_035,,fluid-1-mini-2b-6bit,Fluid-1 Mini 2B 6-bit,okay steps colon first download the archive second unzip it into the tools folder third run setup dot sh,"Steps:

1. Download the archive.
2. Unzip it into the tools folder.
3. Run setup.sh.","Steps:
1. Download the archive.
2. Unzip it into the tools folder.
3. Run setup.sh.",,dataset_system_prompt,False,0.9940119760479041,1.0,0.15384615384615385,0.9880952380952381,222,27,0.610210625018226,44.247017165906534
C36,curated-sample-50,Curated transcript cleanup sample,sample_036,,fluid-1-mini-2b-6bit,Fluid-1 Mini 2B 6-bit,the pilot went well period new paragraph um twelve people completed onboarding comma and ten activated their accounts period new paragraph the next session is Friday at nine a m full stop,"The pilot went well.

Twelve people completed onboarding, and 10 activated their accounts.

The next session is Friday at 9:00 AM.","The pilot went well.

12 people completed onboarding, and 10 activated their accounts.

The next session is Friday at 9 AM.",,dataset_system_prompt,False,0.9565217391304348,0.8817596193979744,0.09523809523809523,0.9461538461538461,236,32,0.7298975839803461,43.84176725931136
C37,curated-sample-50,Curated transcript cleanup sample,sample_037,,fluid-1-mini-2b-6bit,Fluid-1 Mini 2B 6-bit,hello Marcus comma new paragraph please send the invoice to billing at north star dot io no sorry accounts at north star dot io new paragraph kind regards comma new line Lena,"Hello Marcus,

Please send the invoice to accounts@northstar.io.

Kind regards,
Lena","Hello Marcus,

Please send the invoice to accounts@northstar.io.

Kind regards,
Lena",,dataset_system_prompt,True,1.0,1.0,0.0,1.0,235,22,0.6378770840237848,34.48940328945831
C38,curated-sample-50,Curated transcript cleanup sample,sample_038,,fluid-1-mini-2b-6bit,Fluid-1 Mini 2B 6-bit,bug report colon the app crashes when opening settings dot j son period attach crash log dash two zero two six zero eight three zero dot text and reference issue v o i dash nine one eight,Bug report: The app crashes when opening settings.json. Attach crash-log-20260830.txt and reference issue VOI-918.,Bug report: The app crashes when opening settings.json. Attach crash log-20260830.txt and reference issue VOI-918.,,dataset_system_prompt,False,0.9912280701754387,0.9490228316900579,0.14285714285714285,1.0,240,34,0.9715878340066411,34.99426280359085
C39,curated-sample-50,Curated transcript cleanup sample,sample_039,,fluid-1-mini-2b-6bit,Fluid-1 Mini 2B 6-bit,note colon the trial period ends tomorrow comma but the word period in the heading should remain lowercase period,"Note: The trial period ends tomorrow, but the word “period” in the heading should remain lowercase.","Note: The trial period ends tomorrow, but the word period in the heading should remain lowercase.",,dataset_system_prompt,False,0.989795918367347,0.9178204544932009,0.0625,0.9797979797979798,222,19,0.5591617499885615,33.97943439512569
C40,curated-sample-50,Curated transcript cleanup sample,sample_040,,fluid-1-mini-2b-6bit,Fluid-1 Mini 2B 6-bit,open quote good writing is clear writing close quote new line dash Maya Chen,"“Good writing is clear writing.”
—Maya Chen","“Good writing is clear writing”
- Maya Chen",,dataset_system_prompt,False,0.9534883720930233,0.7832071047571819,0.3333333333333333,1.0,217,11,0.456718292000005,24.08486849044329
C41,curated-sample-50,Curated transcript cleanup sample,sample_041,,fluid-1-mini-2b-6bit,Fluid-1 Mini 2B 6-bit,recipe colon new paragraph numbered list first mix two cups of flour and one teaspoon of salt second add three hundred milliliters of water third bake for forty minutes at two hundred degrees Celsius,"Recipe:

1. Mix 2 cups of flour and 1 teaspoon of salt.
2. Add 300 milliliters of water.
3. Bake for 40 minutes at 200 degrees Celsius.","Recipe:
1. Mix 2 cups of flour and 1 teaspoon of salt.
2. Add 300 milliliters of water.
3. Bake for 40 minutes at 200 degrees Celsius.",,dataset_system_prompt,False,0.9962825278810409,1.0,0.08,0.9925925925925926,239,49,0.863684124982683,56.733704583238065
C42,curated-sample-50,Curated transcript cleanup sample,sample_042,,fluid-1-mini-2b-6bit,Fluid-1 Mini 2B 6-bit,travel plan colon new paragraph September fifth flight at seven fifteen a m new line September sixth workshop at nine a m new line hotel budget one hundred eighty dollars per night,"Travel Plan:

- September 5: Flight at 7:15 AM.
- September 6: Workshop at 9:00 AM.
- Hotel budget: $180 per night.","Travel plan:
- September 5 flight at 7:15 AM
- September 6 workshop at 9 AM
- Hotel budget $180 per night",,dataset_system_prompt,False,0.9272727272727272,0.6633906674045239,0.55,0.9130434782608695,235,36,0.7518092909886036,47.88448404602878
C43,curated-sample-50,Curated transcript cleanup sample,sample_043,,fluid-1-mini-2b-6bit,Fluid-1 Mini 2B 6-bit,heading customer update new paragraph um three updates colon the mobile fix is live comma the desktop release is in review in review comma and support has answered all open tickets,"# Customer Update

- The mobile fix is live.
- The desktop release is in review.
- Support has answered all open tickets.","Customer Update

3 Updates:
- The mobile fix is live.
- The desktop release is in review.
- Support has answered all open tickets.",,dataset_system_prompt,False,0.9482071713147411,0.9419245017723334,0.14285714285714285,1.0743801652892562,234,32,0.735378415993182,43.51501118887433
C44,curated-sample-50,Curated transcript cleanup sample,sample_044,,fluid-1-mini-2b-6bit,Fluid-1 Mini 2B 6-bit,the c c d n cache cache should expire after three hundred seconds and the key belongs in red is,"The CDN cache should expire after 300 seconds, and the key belongs in Redis.","The CDN cache should expire after 300 seconds, and the key belongs in red.",,dataset_system_prompt,False,0.9733333333333334,0.9136307991162588,0.07142857142857142,0.9736842105263158,223,19,0.5199147500097752,36.54445271968678
C45,curated-sample-50,Curated transcript cleanup sample,sample_045,,fluid-1-mini-2b-6bit,Fluid-1 Mini 2B 6-bit,question colon are we still planning to launch Friday question mark new paragraph answer colon yes comma assuming the final review passes period,"Question: Are we still planning to launch Friday?

Answer: Yes, assuming the final review passes.","Question: Are we still planning to launch Friday?

Answer: Yes, assuming the final review passes.",,dataset_system_prompt,True,1.0,1.0,0.0,1.0,226,21,0.8005363330012187,26.232413363764252
C46,curated-sample-50,Curated transcript cleanup sample,sample_046,,fluid-1-mini-2b-6bit,Fluid-1 Mini 2B 6-bit,hello this is Nina from Acme support comma I'm calling about ticket a c dash seven four two period please call me back at five p m period thank you,"Hello, this is Nina from Acme Support. I'm calling about ticket AC-742. Please call me back at 5:00 PM. Thank you.","Hello,

This is Nina from Acme Support, I'm calling about ticket AC-742. Please call me back at 5 PM.

Thank you.",,dataset_system_prompt,False,0.9427312775330396,0.8565900683238368,0.14285714285714285,0.9912280701754386,235,35,0.7161256250110455,48.874106410394354
C47,curated-sample-50,Curated transcript cleanup sample,sample_047,,fluid-1-mini-2b-6bit,Fluid-1 Mini 2B 6-bit,heading launch checklist new paragraph bullet list open quote release approved close quote from Maya new line deploy version three point two new line email status at acme dot com after launch,"# Launch Checklist

- “Release approved,” from Maya.
- Deploy version 3.2.
- Email status@acme.com after launch.","# Launch Checklist
- ""Release approved"" from Maya
- Deploy version 3.2
- Email status@acme.com after launch",,dataset_system_prompt,False,0.9589041095890412,0.7924340550600003,0.4666666666666667,0.9553571428571429,236,29,0.6927265000122134,41.863563757830406
C48,curated-sample-50,Curated transcript cleanup sample,sample_048,,fluid-1-mini-2b-6bit,Fluid-1 Mini 2B 6-bit,dear team comma uh the launch is complete period the launch is complete and all systems are healthy period please report issues at status dot example dot com slash support period best comma Arjun,"Dear Team,

The launch is complete, and all systems are healthy.

Please report issues at status.example.com/support.

Best,
Arjun","Dear team,

The launch is complete and all systems are healthy. Please report issues at status.example.com/support.

Best,
Arjun",,dataset_system_prompt,False,0.9767441860465115,0.9216472210789073,0.11764705882352941,0.9846153846153847,239,29,0.6923960419953801,41.88354386952648
C49,curated-sample-50,Curated transcript cleanup sample,sample_049,,fluid-1-mini-2b-6bit,Fluid-1 Mini 2B 6-bit,"The migration completed successfully, and no customer action is required.","The migration completed successfully, and no customer action is required.","The migration completed successfully, and no customer action is required.",,dataset_system_prompt,True,1.0,1.0,0.0,1.0,215,12,0.44903616700321436,26.723905292720218
C50,curated-sample-50,Curated transcript cleanup sample,sample_050,,fluid-1-mini-2b-6bit,Fluid-1 Mini 2B 6-bit,Could you send the revised proposal before Friday afternoon?,Could you send the revised proposal before Friday afternoon?,Could you send the revised proposal before Friday afternoon?,,dataset_system_prompt,True,1.0,1.0,0.0,1.0,213,10,0.44151912501547486,22.649075506410984
V01,voiceink-validation,VoiceInk validation sample,59,59,gpt-5.6-sol-low,GPT-5.6 Sol (low reasoning),mina where should i return the folding chairs the parish hall or the sports pavilion question mark and who has the storage key i can go tomorrow,"Mina, where should I return the folding chairs, the parish hall or the sports pavilion? And who has the storage key? I can go tomorrow.","Mina, where should I return the folding chairs: the parish hall or the sports pavilion? And who has the storage key? I can go tomorrow.",,native_prompt,False,0.9925925925925925,0.9628272004837606,0.04,1.0,,,,
V02,voiceink-validation,VoiceInk validation sample,67,67,gpt-5.6-sol-low,GPT-5.6 Sol (low reasoning),message to dev colon the freezer door looks shut but it isnt sealing comma so push it until you hear two clicks not one full stop,"Message to Dev: The freezer door looks shut, but it isn’t sealing, so push it until you hear 2 clicks, not one.","Message to Dev: The freezer door looks shut, but it isn't sealing, so push it until you hear two clicks, not one.",,native_prompt,False,0.9732142857142857,0.9077934121597024,0.09090909090909091,1.018018018018018,,,,
V03,voiceink-validation,VoiceInk validation sample,113,113,gpt-5.6-sol-low,GPT-5.6 Sol (low reasoning),dear ken we heard about your new house period may we visit next sunday around tea time question mark warm wishes comma lou and fay,"Dear Ken,

We heard about your new house. May we visit next Sunday around teatime?

Warm wishes,
Lou and Fay","Dear Ken,

We heard about your new house. May we visit next Sunday around teatime?

Warm wishes,
Lou and Fay",,native_prompt,True,1.0,1.0,0.0,1.0,,,,
V04,voiceink-validation,VoiceInk validation sample,213,213,gpt-5.6-sol-low,GPT-5.6 Sol (low reasoning),can the taxi take four passengers plus a folding wheelchair and two medium cases or should we request a larger car question mark for the airport run,"Can the taxi take 4 passengers, a folding wheelchair, and 2 medium cases, or should we request a larger car for the airport run?","Can the taxi take four passengers, a folding wheelchair, and two medium cases, or should we request a larger car for the airport run?",,native_prompt,False,0.9655172413793103,0.914219961313523,0.08333333333333333,1.0390625,,,,
V05,voiceink-validation,VoiceInk validation sample,426,426,gpt-5.6-sol-low,GPT-5.6 Sol (low reasoning),before the guests arrive saturday morning comma separate the white laundry wash the towels at sixty and hang the linen shirts instead of machine drying them,"Before the guests arrive Saturday morning, separate the white laundry, wash the towels at 60 degrees, and hang the linen shirts instead of machine-drying them.","Before the guests arrive Saturday morning, separate the white laundry, wash the towels at 60 degrees, and hang the linen shirts instead of machine-drying them.",,native_prompt,True,1.0,1.0,0.0,1.0,,,,
V06,voiceink-validation,VoiceInk validation sample,465,465,gpt-5.6-sol-low,GPT-5.6 Sol (low reasoning),dear neighbors please collect your post from the lower lobby shelf by friday evening period anything remaining there will move to reception before mondays delivery,"Dear Neighbors,

Please collect your post from the lower lobby shelf by Friday evening. Anything remaining there will move to Reception before Monday’s delivery.","Dear Neighbors,

Please collect your post from the lower lobby shelf by Friday evening. Anything remaining there will be moved to reception before Monday's delivery.",,native_prompt,False,0.9754601226993865,0.8918515132561757,0.16666666666666666,1.0248447204968945,,,,
V07,voiceink-validation,VoiceInk validation sample,582,582,gpt-5.6-sol-low,GPT-5.6 Sol (low reasoning),support closed the incident at eleven forty p m utc service had been stable since ten oh five and monitoring continued overnight with the incident commander remaining on call,"Support closed the incident at 11:40 PM UTC. Service had been stable since 10:05, and monitoring continued overnight. The Incident Commander remained on call.","Support closed the incident at 11:40 PM UTC. Service had been stable since 10:05, and monitoring continued overnight, with the incident commander remaining on call.",,native_prompt,False,0.9440993788819876,0.8581418210982927,0.25,1.0379746835443038,,,,
V08,voiceink-validation,VoiceInk validation sample,650,650,gpt-5.6-sol-low,GPT-5.6 Sol (low reasoning),the sales manager approved the five percent discount but not the free implementation package shown in the latest quote despite a separate verbal concession request,"The Sales manager approved the 5% discount, but not the free implementation package shown in the latest quote. A separate verbal concession request remains unapproved.","The sales manager approved the 5% discount, but not the free implementation package shown in the latest quote, despite a separate verbal concession request.",,native_prompt,False,0.8978328173374613,0.8237590268025126,0.28,0.9341317365269461,,,,
V09,voiceink-validation,VoiceInk validation sample,948,948,gpt-5.6-sol-low,GPT-5.6 Sol (low reasoning),why did the nightly pipe line finish green even though the schema validation step logged seventeen errors is continue on error set somewhere question mark,Why did the nightly pipeline finish green even though the schema validation step logged 17 errors? Is continue-on-error set somewhere?,Why did the nightly pipeline finish green even though the schema validation step logged 17 errors? Is continue-on-error set somewhere?,,native_prompt,True,1.0,1.0,0.0,1.0,,,,
V10,voiceink-validation,VoiceInk validation sample,1001,1001,gpt-5.6-sol-low,GPT-5.6 Sol (low reasoning),please shorten the permission dialog it currently says in order to continue we need to be able to access your microphone period keep the reason visible though,"Please shorten the permission dialog. It currently says, “In order to continue, we need to be able to access your microphone.” Keep the reason visible, though.","Please shorten the permission dialog. It currently says, ""In order to continue, we need to be able to access your microphone."" Keep the reason visible, though.",,native_prompt,False,0.9874213836477987,0.9322802293950019,0.07692307692307693,1.0,,,,
V11,voiceink-validation,VoiceInk validation sample,1107,1107,gpt-5.6-sol-low,GPT-5.6 Sol (low reasoning),the search index skipped records with emoji in the title reprocessing succeeds after unicode normalization form c is applied period existing records need back filling,The search index skipped records with emoji in the title. Reprocessing succeeds after Unicode Normalization Form C is applied. Existing records need backfilling.,The search index skipped records with emoji in the title. Reprocessing succeeds after Unicode Normalization Form C is applied. Existing records need backfilling.,,native_prompt,True,1.0,1.0,0.0,1.0,,,,
V12,voiceink-validation,VoiceInk validation sample,1111,1111,gpt-5.6-sol-low,GPT-5.6 Sol (low reasoning),paragraph break the tablet layout is usable in portrait period in landscape the sticky footer overlaps the final form field by twenty four pixels period rotation does not recalculate it,"The tablet layout is usable in portrait. In landscape, the sticky footer overlaps the final form field by 24 pixels. Rotation does not recalculate it.","The tablet layout is usable in portrait. In landscape, the sticky footer overlaps the final form field by 24 pixels. Rotation does not recalculate it.",,native_prompt,True,1.0,1.0,0.0,1.0,,,,
V13,voiceink-validation,VoiceInk validation sample,1211,1211,gpt-5.6-sol-low,GPT-5.6 Sol (low reasoning),can you check whether the variance calculation uses n or n minus one results differ from the published table by point zero three before correcting the published appendix,Can you check whether the variance calculation uses n or n−1? Results differ from the published table by 0.03. Check this before correcting the published appendix.,Can you check whether the variance calculation uses n or n minus one? The results differ from the published table by 0.03. Check before correcting the published appendix.,,native_prompt,False,0.9309309309309309,0.8838283264831152,0.23076923076923078,1.0429447852760736,,,,
V14,voiceink-validation,VoiceInk validation sample,1257,1257,gpt-5.6-sol-low,GPT-5.6 Sol (low reasoning),during the quarterly structural survey inspection at pier two found minor scaling above the water line comma no exposed reinforcement and no measurable change since march,"During the quarterly structural survey, inspection at Pier 2 found minor scaling above the waterline, no exposed reinforcement, and no measurable change since March.","During the quarterly structural survey, an inspection at Pier 2 found minor scaling above the waterline, no exposed reinforcement, and no measurable change since March.",,native_prompt,False,0.990990990990991,0.9779515222063315,0.041666666666666664,1.018181818181818,,,,
V15,voiceink-validation,VoiceInk validation sample,1368,1368,gpt-5.6-sol-low,GPT-5.6 Sol (low reasoning),thirty minute discharge test reading colon battery bank voltage was twenty five point six at rest comma then dropped to twenty two point nine under inverter load,"30-minute discharge-test reading: Battery-bank voltage was 25.6 at rest, then dropped to 22.9 under inverter load.","30-minute discharge test reading: Battery-bank voltage was 25.6 at rest, then dropped to 22.9 under inverter load.",,native_prompt,False,0.9912280701754387,0.9512429242547737,0.125,1.0,,,,
V16,voiceink-validation,VoiceInk validation sample,1396,1396,gpt-5.6-sol-low,GPT-5.6 Sol (low reasoning),dear nina before the accessibility review meeting note that the attached screen reader transcript timestamps correspond to build one eighty four not the latest beta,"Dear Nina,

Before the accessibility-review meeting, note that the attached screen-reader transcript timestamps correspond to Build 184, not the latest beta.","Dear Nina,

Before the accessibility review meeting, note that the attached screen-reader transcript timestamps correspond to Build 184, not the latest beta.",,native_prompt,False,0.9936305732484076,0.9640546096283295,0.09523809523809523,1.0,,,,
V17,voiceink-validation,VoiceInk validation sample,1605,1605,gpt-5.6-sol-low,GPT-5.6 Sol (low reasoning),dear garden club saturdays seed swap moves indoors to room four because rain is likely period label packets with variety and harvest year cheers comma monica,"Dear Garden Club,

Saturday’s seed swap moves indoors to Room 4 because rain is likely. Label packets with the variety and harvest year.

Cheers,
Monica","Dear Garden Club,

Saturday's seed swap moves indoors to Room 4 because rain is likely. Label the packets with the variety and harvest year.

Cheers,
Monica",,native_prompt,False,0.9805194805194806,0.9405028354229479,0.08333333333333333,1.0263157894736843,,,,
V18,voiceink-validation,VoiceInk validation sample,1616,1616,gpt-5.6-sol-low,GPT-5.6 Sol (low reasoning),event recap colon one hundred eighty four attendees checked in and seventeen walk ins paid at the door period the west room session filled first but but no one was turned away,"Event recap: 184 attendees checked in, and 17 walk-ins paid at the door. The West Room session filled first, but no one was turned away.","Event recap: 184 attendees checked in, and 17 walk-ins paid at the door. The West Room session filled first, but no one was turned away.",,native_prompt,True,1.0,1.0,0.0,1.0,,,,
V19,voiceink-validation,VoiceInk validation sample,1711,1711,gpt-5.6-sol-low,GPT-5.6 Sol (low reasoning),our pickup window was one to three and and no driver came can you reschedule for tomorrow morning without creating a second charge question mark there are seven boxes,"Our pickup window was 1:00 to 3:00, and no driver came. Can you reschedule for tomorrow morning without creating a second charge? There are 7 boxes.","Our pickup window was from 1:00 to 3:00, and no driver came. Can you reschedule for tomorrow morning without creating a second charge? There are seven boxes.",,native_prompt,False,0.9639344262295082,0.9343764098348066,0.07692307692307693,1.0608108108108107,,,,
V20,voiceink-validation,VoiceInk validation sample,1826,1826,gpt-5.6-sol-low,GPT-5.6 Sol (low reasoning),lock report colon rear office lever sticks when pulled upward latch works from inside but but key rotation outside stops halfway do not force it,"Lock report: The rear-office lever sticks when pulled upward. The latch works from inside, but key rotation outside stops halfway. Do not force it.","Lock report: The rear-office lever sticks when pulled upward. The latch works from inside, but the key rotation outside stops halfway. Do not force it.",,native_prompt,False,0.9865771812080537,0.9746354686243981,0.041666666666666664,1.0272108843537415,,,,
V21,voiceink-validation,VoiceInk validation sample,57,57,gpt-5.6-sol-low,GPT-5.6 Sol (low reasoning),please ask the bus station whether the midnight coach has under floor luggage storage and um whether bicycles need a separate reservation question mark for next friday night,Please ask the bus station whether the midnight coach has underfloor luggage storage and whether bicycles need a separate reservation for next Friday night.,Please ask the bus station whether the midnight coach has underfloor luggage storage and whether bicycles need a separate reservation for next Friday night.,,native_prompt,True,1.0,1.0,0.0,1.0,,,,
V22,voiceink-validation,VoiceInk validation sample,550,550,gpt-5.6-sol-low,GPT-5.6 Sol (low reasoning),ask operations why the overnight shipment went to phoenix instead of tucson comma include tracking number nine three six zero zero one and request a corrected delivery estimate,"Ask Operations why the overnight shipment went to Phoenix instead of Tucson, include tracking number 936001, and request a corrected delivery estimate.","Ask Operations why the overnight shipment went to Phoenix instead of Tucson, include tracking number 936001, and request a corrected delivery estimate.",,native_prompt,True,1.0,1.0,0.0,1.0,,,,
V23,voiceink-validation,VoiceInk validation sample,629,629,gpt-5.6-sol-low,GPT-5.6 Sol (low reasoning),the budget deck accidentally labels fiscal year twenty twenty six as calendar year twenty twenty six period the underlying numbers are fiscal and the footnote uses the same incorrect label,The budget deck accidentally labels fiscal year 2026 as calendar year 2026. The underlying numbers are fiscal-year figures. The footnote uses the same incorrect label.,"The budget deck accidentally labels fiscal year 2026 as calendar year 2026. The underlying numbers are fiscal, and the footnote uses the same incorrect label.",,native_prompt,False,0.9415384615384617,0.8803745271713368,0.12,0.9461077844311377,,,,
V24,voiceink-validation,VoiceInk validation sample,652,652,gpt-5.6-sol-low,GPT-5.6 Sol (low reasoning),the monday notes should say decision deferred pending tax advice comma not decision denied and the follow up owner is casey from treasury before circulating the revised record,"The Monday notes should say, “Decision deferred pending tax advice,” not “Decision denied,” and the follow-up owner is Casey from Treasury. Circulate the revised record afterward.","The Monday notes should say, “Decision deferred pending tax advice,” not “Decision denied,” and the follow-up owner is Casey from Treasury, before circulating the revised record.",,native_prompt,False,0.9299719887955181,0.8820162089953495,0.19230769230769232,0.994413407821229,,,,
V25,voiceink-validation,VoiceInk validation sample,658,658,gpt-5.6-sol-low,GPT-5.6 Sol (low reasoning),the service report lists priority one downtime as forty eight minutes the incident timeline supports only thirty eight because monitoring recovered earlier and customer success disputes the longer figure,The service report lists Priority 1 downtime as 48 minutes. The incident timeline supports only 38 minutes because monitoring recovered earlier. Customer Success disputes the longer figure.,"The service report lists Priority 1 downtime as 48 minutes. The incident timeline supports only 38 because monitoring recovered earlier, and Customer Success disputes the longer figure.",,native_prompt,False,0.9625668449197861,0.9177399681327063,0.1111111111111111,0.9788359788359788,,,,
V26,voiceink-validation,VoiceInk validation sample,669,669,gpt-5.6-sol-low,GPT-5.6 Sol (low reasoning),the investigation scope covers expense approvals from january through april it does not include vendor selection or contract negotiation unless new evidence expands the review,The investigation scope covers expense approvals from January through April. It does not include vendor selection or contract negotiation. New evidence could expand the review.,The investigation scope covers expense approvals from January through April. It does not include vendor selection or contract negotiation unless new evidence expands the review.,,native_prompt,False,0.9518413597733713,0.8836023501462565,0.2,1.0056818181818181,,,,
V27,voiceink-validation,VoiceInk validation sample,704,704,gpt-5.6-sol-low,GPT-5.6 Sol (low reasoning),following the latest litigation update the controller approved a two hundred fifty thousand reserve comma subject to receiving counsels final estimate before close by noon tomorrow,"Following the latest litigation update, the Controller approved a $250,000 reserve, subject to receiving counsel’s final estimate before close. Counsel’s estimate is due by noon tomorrow.","Following the latest litigation update, the controller approved a $250,000 reserve, subject to receiving counsel’s final estimate before close by noon tomorrow.",,native_prompt,False,0.9164265129682997,0.8347175041165223,0.23076923076923078,0.8556149732620321,,,,
V28,voiceink-validation,VoiceInk validation sample,811,811,gpt-5.6-sol-low,GPT-5.6 Sol (low reasoning),would you send the customer the maintenance window in both eastern and greenwich mean time comma make clear that service may be intermittent before the maintenance notice is translated,"Would you send the customer the maintenance window in both Eastern Time and Greenwich Mean Time, and make clear that service may be intermittent? The maintenance notice will be translated afterward.",Would you send the customer the maintenance window in both Eastern and Greenwich Mean Time? Make clear that service may be intermittent before the maintenance notice is translated.,,native_prompt,False,0.8941798941798942,0.7735029588958372,0.3548387096774194,0.9090909090909091,,,,
V29,voiceink-validation,VoiceInk validation sample,813,813,gpt-5.6-sol-low,GPT-5.6 Sol (low reasoning),who owns the response to the accessibility questionnaire question mark product answered the first section but legal and security sections remain blank before friday afternoons submission deadline,"Who owns the response to the accessibility questionnaire? Product answered the first section, but the Legal and Security sections remain blank. Friday afternoon’s submission deadline is approaching.","Who owns the response to the accessibility questionnaire? Product answered the first section, but the Legal and Security sections remain blank before Friday afternoon’s submission deadline.",,native_prompt,False,0.9405684754521964,0.9010545499912535,0.18518518518518517,0.9545454545454546,,,,
V30,voiceink-validation,VoiceInk validation sample,817,817,gpt-5.6-sol-low,GPT-5.6 Sol (low reasoning),please route the exception request to ethics and compliance comma not employee relations and attach the original disclosure from february because the reporting path was incorrect,"Please route the exception request to Ethics and Compliance, not Employee Relations, and attach the original disclosure from February. The reporting path was incorrect.","Please route the exception request to Ethics and Compliance, not Employee Relations, and attach the original disclosure from February because the reporting path was incorrect.",,native_prompt,False,0.967930029154519,0.9473708135651926,0.125,1.0416666666666667,,,,
V31,voiceink-validation,VoiceInk validation sample,840,840,gpt-5.6-sol-low,GPT-5.6 Sol (low reasoning),can we use the clients logo in the investor presentation question mark the marketing consent covers our website but does not mention fundraising materials before marketing finalizes the presentation,Can we use the client’s logo in the investor presentation? The marketing consent covers our website but does not mention fundraising materials. Marketing has not finalized the presentation.,Can we use the client’s logo in the investor presentation? The marketing consent covers our website but does not mention fundraising materials. Confirm before Marketing finalizes the presentation.,,native_prompt,False,0.9350649350649349,0.8950381015540401,0.14285714285714285,1.037037037037037,,,,
V32,voiceink-validation,VoiceInk validation sample,856,856,gpt-5.6-sol-low,GPT-5.6 Sol (low reasoning),could you request wheelchair access for the site tour comma including the production floor and emergency assembly area not only the lobby because the full group will participate,"Could you request wheelchair access for the site tour, including the production floor and emergency-assembly area, not only the lobby? The full group will participate.","Could you request wheelchair access for the site tour, including the production floor and emergency assembly area, not only the lobby, because the full group will participate?",,native_prompt,False,0.9532163742690059,0.9040467632789109,0.24,1.0479041916167664,,,,
V33,voiceink-validation,VoiceInk validation sample,902,902,gpt-5.6-sol-low,GPT-5.6 Sol (low reasoning),for all three finalists this week ask procurement for the evaluation rubric before vendor presentations we should not change weighting after seeing demonstrations before scoring begins,"For all 3 finalists this week, ask Procurement for the evaluation rubric before vendor presentations. We should not change weighting after seeing demonstrations. Finalize the rubric before scoring begins.","For all three finalists this week, ask Procurement for the evaluation rubric before the vendor presentations. We should not change the weighting after seeing demonstrations and before scoring begins.",,native_prompt,False,0.9131513647642681,0.8454769741195168,0.2413793103448276,0.9754901960784313,,,,
V34,voiceink-validation,VoiceInk validation sample,926,926,gpt-5.6-sol-low,GPT-5.6 Sol (low reasoning),before approving reimbursement can you change coding from client entertainment to employee meal question mark all attendees were internal and no customer joined in the expense system,"Before approving reimbursement, can you change coding from Client Entertainment to Employee Meal? All attendees were internal, and no customer joined. Make the change in the expense system.","Before approving reimbursement, can you change the coding from Client Entertainment to Employee Meal? All attendees were internal, and no customer joined, according to the expense system.",,native_prompt,False,0.9308510638297872,0.8794088423677573,0.21428571428571427,0.9894179894179894,,,,
V35,voiceink-validation,VoiceInk validation sample,1083,1083,gpt-5.6-sol-low,GPT-5.6 Sol (low reasoning),inspection item bullet point north anchor secure bullet point south anchor needs re torque bullet point conduit label missing near junction box four new line photos saved in folder seven,"Inspection items:
- North anchor secure
- South anchor needs retorquing
- Conduit label missing near Junction Box 4

Photos are saved in Folder 7.","Inspection items:
- North anchor secure
- South anchor needs retorquing
- Conduit label missing near Junction Box 4

Photos saved in Folder 7.",,native_prompt,False,0.9861111111111112,0.9562179257682711,0.045454545454545456,0.9726027397260274,,,,
V36,voiceink-validation,VoiceInk validation sample,1100,1100,gpt-5.6-sol-low,GPT-5.6 Sol (low reasoning),sample c twelve was thawed for approximately eighteen minutes comma returned to minus eighty and flagged for sensitivity analysis period no visible leakage occurred afterward,"Sample C12 was thawed for approximately 18 minutes, returned to −80°C, and flagged for sensitivity analysis. No visible leakage occurred afterward.","Sample C12 was thawed for approximately 18 minutes, returned to −80, and flagged for sensitivity analysis. No visible leakage occurred afterward.",,native_prompt,False,0.9931506849315067,0.959665538655225,0.047619047619047616,0.9863945578231292,,,,
V37,voiceink-validation,VoiceInk validation sample,1177,1177,gpt-5.6-sol-low,GPT-5.6 Sol (low reasoning),for our final storage comparison write this technical question to the vendor colon what is the maximum sustained write rate with encryption enabled and raid six active question mark,"For our final storage comparison, write this technical question to the vendor: What is the maximum sustained write rate with encryption enabled and RAID 6 active?","For our final storage comparison, write this technical question to the vendor: What is the maximum sustained write rate with encryption enabled and RAID 6 active?",,native_prompt,True,1.0,1.0,0.0,1.0,,,,
V38,voiceink-validation,VoiceInk validation sample,1209,1209,gpt-5.6-sol-low,GPT-5.6 Sol (low reasoning),for the production system prompt please turn the model instructions into a numbered priority list colon safety constraints first output schema second and style preferences third,"For the production system prompt, please turn the model instructions into a numbered priority list:
1. Safety constraints
2. Output schema
3. Style preferences","For the production system prompt, please turn the model instructions into a numbered priority list:
1. Safety constraints
2. Output schema
3. Style preferences",,native_prompt,True,1.0,1.0,0.0,1.0,,,,
V39,voiceink-validation,VoiceInk validation sample,1412,1412,gpt-5.6-sol-low,GPT-5.6 Sol (low reasoning),class reminder colon the ecology quiz is next monday not this friday and chapters six through eight are included new line bring a pencil your field notebook and the calculator you used in lab,"Class reminder: The ecology quiz is next Monday, not this Friday, and Chapters 6 through 8 are included.
Bring a pencil, your field notebook, and the calculator you used in lab.","Class reminder: The ecology quiz is next Monday, not this Friday, and Chapters 6 through 8 are included.
Bring a pencil, your field notebook, and the calculator you used in lab.",,native_prompt,True,1.0,1.0,0.0,1.0,,,,
V40,voiceink-validation,VoiceInk validation sample,1434,1434,gpt-5.6-sol-low,GPT-5.6 Sol (low reasoning),can you ask the pool manager whether lane four will be open for lap swimming from six to seven tomorrow comma or is the regional team still using all the deep lanes question mark,"Can you ask the pool manager whether Lane 4 will be open for lap swimming from 6:00 to 7:00 tomorrow, or is the regional team still using all the deep lanes?","Can you ask the pool manager whether Lane 4 will be open for lap swimming from 6:00 to 7:00 tomorrow, or is the regional team still using all the deep lanes?",,native_prompt,True,1.0,1.0,0.0,1.0,,,,
V41,voiceink-validation,VoiceInk validation sample,1465,1465,gpt-5.6-sol-low,GPT-5.6 Sol (low reasoning),dispatch this is unit forty six we have smoke showing from a detached garage at eight twelve birch lane no visible flames yet send one additional engine and advise police the driveway is blocked,"Dispatch, this is Unit 46. We have smoke showing from a detached garage at 812 Birch Lane. No visible flames yet. Send 1 additional engine, and advise police that the driveway is blocked.","Dispatch, this is Unit 46. We have smoke showing from a detached garage at 812 Birch Lane. No visible flames yet. Send one additional engine and advise police that the driveway is blocked.",,native_prompt,False,0.9866666666666667,0.9461095159851105,0.06060606060606061,1.0053475935828877,,,,
V42,voiceink-validation,VoiceInk validation sample,1469,1469,gpt-5.6-sol-low,GPT-5.6 Sol (low reasoning),radio check colon team bravo can hear command clearly but but command is not receiving bravo on channel three should we switch to channel five or return to the staging area question mark,"Radio check: Team Bravo can hear Command clearly, but Command is not receiving Bravo on Channel 3. Should we switch to Channel 5 or return to the staging area?","Radio check: Team Bravo can hear Command clearly, but Command is not receiving Bravo on Channel 3. Should we switch to Channel 5 or return to the staging area?",,native_prompt,True,1.0,1.0,0.0,1.0,,,,
V43,voiceink-validation,VoiceInk validation sample,1479,1479,gpt-5.6-sol-low,GPT-5.6 Sol (low reasoning),the boarding reservation is for two rabbits from october six through october tenth can they share the larger enclosure and do we need to bring their usual pellets question mark,"The boarding reservation is for 2 rabbits from October 6 through October 10. Can they share the larger enclosure, and do we need to bring their usual pellets?","The boarding reservation is for two rabbits from October 6 through October 10. Can they share the larger enclosure, and do we need to bring their usual pellets?",,native_prompt,False,0.9874213836477987,0.9648136060662919,0.03571428571428571,1.0126582278481013,,,,
V44,voiceink-validation,VoiceInk validation sample,1510,1510,gpt-5.6-sol-low,GPT-5.6 Sol (low reasoning),can you transcribe the handwritten caption exactly comma including the crossed out surname but mark uncertain letters with square brackets question mark dont modernize the spelling,"Can you transcribe the handwritten caption exactly, including the crossed-out surname, but mark uncertain letters with square brackets? Don’t modernize the spelling.","Can you transcribe the handwritten caption exactly, including the crossed-out surname, but mark uncertain letters with square brackets? Don’t modernize the spelling.",,native_prompt,True,1.0,1.0,0.0,1.0,,,,
V45,voiceink-validation,VoiceInk validation sample,1544,1544,gpt-5.6-sol-low,GPT-5.6 Sol (low reasoning),could you categorize the bike lock under transportation comma not recreation and split the ninety dollar hardware store purchase into sixty five home repair and twenty five garden question mark,"Could you categorize the bike lock under Transportation, not Recreation, and split the $90 hardware-store purchase into $65 for Home Repair and $25 for Garden?","Could you categorize the bike lock under Transportation, not Recreation, and split the $90 hardware-store purchase into $65 for Home Repair and $25 for Garden?",,native_prompt,True,1.0,1.0,0.0,1.0,,,,
V46,voiceink-validation,VoiceInk validation sample,1545,1545,gpt-5.6-sol-low,GPT-5.6 Sol (low reasoning),dear loan officer ive attached pay stubs for may and june but the april file is missing from my employers portal period is a bank statement acceptable instead question mark sincerely comma remy,"Dear Loan Officer,

I’ve attached pay stubs for May and June, but the April file is missing from my employer’s portal. Is a bank statement acceptable instead?

Sincerely,
Remy","Dear Loan Officer,

I’ve attached pay stubs for May and June, but the April file is missing from my employer’s portal. Is a bank statement acceptable instead?

Sincerely,
Remy",,native_prompt,True,1.0,1.0,0.0,1.0,,,,
V47,voiceink-validation,VoiceInk validation sample,1621,1621,gpt-5.6-sol-low,GPT-5.6 Sol (low reasoning),could you explain why the estimate lists three point five labor hours for the alternator the phone quote said two hours and and did not mention a diagnostic fee question mark,Could you explain why the estimate lists 3.5 labor hours for the alternator? The phone quote said 2 hours and did not mention a diagnostic fee.,Could you explain why the estimate lists 3.5 labor hours for the alternator? The phone quote said two hours and did not mention a diagnostic fee.,,native_prompt,False,0.9861111111111112,0.9608792657012633,0.038461538461538464,1.013986013986014,,,,
V48,voiceink-validation,VoiceInk validation sample,1639,1639,gpt-5.6-sol-low,GPT-5.6 Sol (low reasoning),the accessible shuttle was booked for eight forty five but arrived at nine thirty passenger missed appointment r six one four can you document the delay and reschedule the ride question mark,The accessible shuttle was booked for 8:45 but arrived at 9:30. The passenger missed Appointment R614. Can you document the delay and reschedule the ride?,The accessible shuttle was booked for 8:45 but arrived at 9:30. The passenger missed Appointment R614. Can you document the delay and reschedule the ride?,,native_prompt,True,1.0,1.0,0.0,1.0,,,,
V49,voiceink-validation,VoiceInk validation sample,1673,1673,gpt-5.6-sol-low,GPT-5.6 Sol (low reasoning),application checklist bullet point two passport photos next item proof of address next item signed declaration page next item fee receipt new line bring originals and one copy of each,"Application checklist:
- 2 passport photos
- Proof of address
- Signed declaration page
- Fee receipt

Bring the originals and 1 copy of each.","Application checklist:
- Two passport photos
- Proof of address
- Signed declaration page
- Fee receipt

Bring the originals and one copy of each.",,native_prompt,False,0.9722222222222221,0.920464651293057,0.09523809523809523,1.028169014084507,,,,
V50,voiceink-validation,VoiceInk validation sample,1691,1691,gpt-5.6-sol-low,GPT-5.6 Sol (low reasoning),dear costume rental the return sheet lists four hats but we received three period could you check the packing photo before charging the missing item fee question mark regards comma tessa,"Dear Costume Rental,

The return sheet lists 4 hats, but we received 3. Could you check the packing photo before charging the missing-item fee?

Regards,
Tessa","Dear Costume Rental,

The return sheet lists four hats, but we received three. Could you check the packing photo before charging the missing-item fee?

Regards,
Tessa",,native_prompt,False,0.9661538461538461,0.9269543227746854,0.08,1.0440251572327044,,,,
C01,curated-sample-50,Curated transcript cleanup sample,sample_001,,gpt-5.6-sol-low,GPT-5.6 Sol (low reasoning),the deployment finished successfully all services are healthy and no customer action is required,"The deployment finished successfully. All services are healthy, and no customer action is required.","The deployment finished successfully. All services are healthy, and no customer action is required.",,native_prompt,True,1.0,1.0,0.0,1.0,,,,
C02,curated-sample-50,Curated transcript cleanup sample,sample_002,,gpt-5.6-sol-low,GPT-5.6 Sol (low reasoning),Can we move the review to Friday. because Maya is unavailable Thursday?,Can we move the review to Friday because Maya is unavailable Thursday?,Can we move the review to Friday because Maya is unavailable Thursday?,,native_prompt,True,1.0,1.0,0.0,1.0,,,,
C03,curated-sample-50,Curated transcript cleanup sample,sample_003,,gpt-5.6-sol-low,GPT-5.6 Sol (low reasoning),uh please send the revised contract to Priya this afternoon,Please send the revised contract to Priya this afternoon.,Please send the revised contract to Priya this afternoon.,,native_prompt,True,1.0,1.0,0.0,1.0,,,,
C04,curated-sample-50,Curated transcript cleanup sample,sample_004,,gpt-5.6-sol-low,GPT-5.6 Sol (low reasoning),I mean the main issue is basically that the export takes too long,The main issue is that the export takes too long.,The main issue is that the export takes too long.,,native_prompt,True,1.0,1.0,0.0,1.0,,,,
C05,curated-sample-50,Curated transcript cleanup sample,sample_005,,gpt-5.6-sol-low,GPT-5.6 Sol (low reasoning),the important thing the important thing is that we keep the existing backup,The important thing is that we keep the existing backup.,The important thing is that we keep the existing backup.,,native_prompt,True,1.0,1.0,0.0,1.0,,,,
C06,curated-sample-50,Curated transcript cleanup sample,sample_006,,gpt-5.6-sol-low,GPT-5.6 Sol (low reasoning),p please confirm that the customer received the refund,Please confirm that the customer received the refund.,Please confirm that the customer received the refund.,,native_prompt,True,1.0,1.0,0.0,1.0,,,,
C07,curated-sample-50,Curated transcript cleanup sample,sample_007,,gpt-5.6-sol-low,GPT-5.6 Sol (low reasoning),I wanted to ask whether actually please cancel tomorrow's check-in,Please cancel tomorrow's check-in.,Please cancel tomorrow's check-in.,,native_prompt,True,1.0,1.0,0.0,1.0,,,,
C08,curated-sample-50,Curated transcript cleanup sample,sample_008,,gpt-5.6-sol-low,GPT-5.6 Sol (low reasoning),schedule the review for Tuesday no sorry Thursday,Schedule the review for Thursday.,Schedule the review for Thursday.,,native_prompt,True,1.0,1.0,0.0,1.0,,,,
C09,curated-sample-50,Curated transcript cleanup sample,sample_009,,gpt-5.6-sol-low,GPT-5.6 Sol (low reasoning),please review the sight migration plan before lunch,Please review the site migration plan before lunch.,Please review the site migration plan before lunch.,,native_prompt,True,1.0,1.0,0.0,1.0,,,,
C10,curated-sample-50,Curated transcript cleanup sample,sample_010,,gpt-5.6-sol-low,GPT-5.6 Sol (low reasoning),store the session token in red is for fifteen minutes,Store the session token in Redis for 15 minutes.,Store the session token in Redis for 15 minutes.,,native_prompt,True,1.0,1.0,0.0,1.0,,,,
C11,curated-sample-50,Curated transcript cleanup sample,sample_011,,gpt-5.6-sol-low,GPT-5.6 Sol (low reasoning),we received one thousand two hundred and forty six responses,"We received 1,246 responses.","We received 1,246 responses.",,native_prompt,True,1.0,1.0,0.0,1.0,,,,
C12,curated-sample-50,Curated transcript cleanup sample,sample_012,,gpt-5.6-sol-low,GPT-5.6 Sol (low reasoning),the workshop starts on September twenty third twenty twenty six,"The workshop starts on September 23, 2026.","The workshop starts on September 23, 2026.",,native_prompt,True,1.0,1.0,0.0,1.0,,,,
C13,curated-sample-50,Curated transcript cleanup sample,sample_013,,gpt-5.6-sol-low,GPT-5.6 Sol (low reasoning),the call begins at four thirty p m,The call begins at 4:30 PM.,The call begins at 4:30 PM.,,native_prompt,True,1.0,1.0,0.0,1.0,,,,
C14,curated-sample-50,Curated transcript cleanup sample,sample_014,,gpt-5.6-sol-low,GPT-5.6 Sol (low reasoning),the replacement costs forty nine dollars and weighs two point five kilograms,The replacement costs $49 and weighs 2.5 kilograms.,The replacement costs $49 and weighs 2.5 kilograms.,,native_prompt,True,1.0,1.0,0.0,1.0,,,,
C15,curated-sample-50,Curated transcript cleanup sample,sample_015,,gpt-5.6-sol-low,GPT-5.6 Sol (low reasoning),send the receipt to finance at acme dot com,Send the receipt to finance@acme.com.,Send the receipt to finance@acme.com.,,native_prompt,True,1.0,1.0,0.0,1.0,,,,
C16,curated-sample-50,Curated transcript cleanup sample,sample_016,,gpt-5.6-sol-low,GPT-5.6 Sol (low reasoning),the documentation is available at docs dot example dot com slash setup,The documentation is available at docs.example.com/setup.,The documentation is available at docs.example.com/setup.,,native_prompt,True,1.0,1.0,0.0,1.0,,,,
C17,curated-sample-50,Curated transcript cleanup sample,sample_017,,gpt-5.6-sol-low,GPT-5.6 Sol (low reasoning),yes comma I can send the draft today semicolon the figures will follow tomorrow period great work everyone exclamation mark,"Yes, I can send the draft today; the figures will follow tomorrow. Great work, everyone!","Yes, I can send the draft today; the figures will follow tomorrow. Great work, everyone!",,native_prompt,True,1.0,1.0,0.0,1.0,,,,
C18,curated-sample-50,Curated transcript cleanup sample,sample_018,,gpt-5.6-sol-low,GPT-5.6 Sol (low reasoning),Maya said open quote the release is ready close quote,"Maya said, “The release is ready.”","Maya said, “The release is ready.”",,native_prompt,True,1.0,1.0,0.0,1.0,,,,
C19,curated-sample-50,Curated transcript cleanup sample,sample_019,,gpt-5.6-sol-low,GPT-5.6 Sol (low reasoning),the migration is complete period new paragraph customers do not need to take any action period,"The migration is complete.

Customers do not need to take any action.","The migration is complete.

Customers do not need to take any action.",,native_prompt,True,1.0,1.0,0.0,1.0,,,,
C20,curated-sample-50,Curated transcript cleanup sample,sample_020,,gpt-5.6-sol-low,GPT-5.6 Sol (low reasoning),bullet list apples new line rice new line olive oil,"- Apples
- Rice
- Olive oil","- Apples
- Rice
- Olive oil",,native_prompt,True,1.0,1.0,0.0,1.0,,,,
C21,curated-sample-50,Curated transcript cleanup sample,sample_021,,gpt-5.6-sol-low,GPT-5.6 Sol (low reasoning),numbered list first back up the database second deploy the service third run the smoke tests,"1. Back up the database.
2. Deploy the service.
3. Run the smoke tests.","1. Back up the database.
2. Deploy the service.
3. Run the smoke tests.",,native_prompt,True,1.0,1.0,0.0,1.0,,,,
C22,curated-sample-50,Curated transcript cleanup sample,sample_022,,gpt-5.6-sol-low,GPT-5.6 Sol (low reasoning),dear Anika new paragraph thank you for reviewing the proposal new paragraph best regards new line Sam,"Dear Anika,

Thank you for reviewing the proposal.

Best regards,
Sam","Dear Anika,

Thank you for reviewing the proposal.

Best regards,
Sam",,native_prompt,True,1.0,1.0,0.0,1.0,,,,
C23,curated-sample-50,Curated transcript cleanup sample,sample_023,,gpt-5.6-sol-low,GPT-5.6 Sol (low reasoning),heading weekly status new paragraph all planned work is complete,"# Weekly Status

All planned work is complete.","# Weekly Status

All planned work is complete.",,native_prompt,True,1.0,1.0,0.0,1.0,,,,
C24,curated-sample-50,Curated transcript cleanup sample,sample_024,,gpt-5.6-sol-low,GPT-5.6 Sol (low reasoning),the word comma appears twice in the first paragraph,The word “comma” appears twice in the first paragraph.,The word “comma” appears twice in the first paragraph.,,native_prompt,True,1.0,1.0,0.0,1.0,,,,
C25,curated-sample-50,Curated transcript cleanup sample,sample_025,,gpt-5.6-sol-low,GPT-5.6 Sol (low reasoning),attach the file quarterly report final dot pdf and reference ticket a c m e dash four two seven,Attach the file quarterly-report-final.pdf and reference ticket ACME-427.,Attach the file quarterly-report-final.pdf and reference ticket ACME-427.,,native_prompt,True,1.0,1.0,0.0,1.0,,,,
C26,curated-sample-50,Curated transcript cleanup sample,sample_026,,gpt-5.6-sol-low,GPT-5.6 Sol (low reasoning),hi Priya comma new paragraph um could you send the revised budget to finance at acme dot com by four p m question mark new paragraph thanks comma new line Daniel,"Hi Priya,

Could you send the revised budget to finance@acme.com by 4:00 PM?

Thanks,
Daniel","Hi Priya,

Could you send the revised budget to finance@acme.com by 4:00 PM?

Thanks,
Daniel",,native_prompt,True,1.0,1.0,0.0,1.0,,,,
C27,curated-sample-50,Curated transcript cleanup sample,sample_027,,gpt-5.6-sol-low,GPT-5.6 Sol (low reasoning),numbered list first archive the last thirty days of logs second increase the time out to forty five seconds third restart the a p i gateway,"1. Archive the last 30 days of logs.
2. Increase the timeout to 45 seconds.
3. Restart the API gateway.","1. Archive the last 30 days of logs.
2. Increase the timeout to 45 seconds.
3. Restart the API gateway.",,native_prompt,True,1.0,1.0,0.0,1.0,,,,
C28,curated-sample-50,Curated transcript cleanup sample,sample_028,,gpt-5.6-sol-low,GPT-5.6 Sol (low reasoning),okay bullet list um coffee beans new line coffee filters coffee filters new line oat milk new line dish soap,"- Coffee beans
- Coffee filters
- Oat milk
- Dish soap","- Coffee beans
- Coffee filters
- Oat milk
- Dish soap",,native_prompt,True,1.0,1.0,0.0,1.0,,,,
C29,curated-sample-50,Curated transcript cleanup sample,sample_029,,gpt-5.6-sol-low,GPT-5.6 Sol (low reasoning),heading meeting notes new paragraph date August thirtieth twenty twenty six new line time ten thirty a m new paragraph bullet list finalize the launch copy new line confirm the support schedule new line send the customer notice,"# Meeting Notes

Date: August 30, 2026
Time: 10:30 AM

- Finalize the launch copy.
- Confirm the support schedule.
- Send the customer notice.","# Meeting Notes

Date: August 30, 2026
Time: 10:30 AM

- Finalize the launch copy.
- Confirm the support schedule.
- Send the customer notice.",,native_prompt,True,1.0,1.0,0.0,1.0,,,,
C30,curated-sample-50,Curated transcript cleanup sample,sample_030,,gpt-5.6-sol-low,GPT-5.6 Sol (low reasoning),Ravi said open quote we can launch on Monday no Tuesday close quote,"Ravi said, “We can launch on Tuesday.”","Ravi said, “We can launch on Tuesday.”",,native_prompt,True,1.0,1.0,0.0,1.0,,,,
C31,curated-sample-50,Curated transcript cleanup sample,sample_031,,gpt-5.6-sol-low,GPT-5.6 Sol (low reasoning),uh upgrade the service to version two point four point one comma then check the guide at docs dot example dot com slash upgrade,"Upgrade the service to version 2.4.1, then check the guide at docs.example.com/upgrade.","Upgrade the service to version 2.4.1, then check the guide at docs.example.com/upgrade.",,native_prompt,True,1.0,1.0,0.0,1.0,,,,
C32,curated-sample-50,Curated transcript cleanup sample,sample_032,,gpt-5.6-sol-low,GPT-5.6 Sol (low reasoning),ship three boxes to twenty four lake view road apartment seven b Kathmandu,"Ship 3 boxes to 24 Lake View Road, Apartment 7B, Kathmandu.","Ship 3 boxes to 24 Lake View Road, Apartment 7B, Kathmandu.",,native_prompt,True,1.0,1.0,0.0,1.0,,,,
C33,curated-sample-50,Curated transcript cleanup sample,sample_033,,gpt-5.6-sol-low,GPT-5.6 Sol (low reasoning),move the demo from September tenth at two p m no make that September eleventh at three thirty p m,Move the demo to September 11 at 3:30 PM.,Move the demo to September 11 at 3:30 PM.,,native_prompt,True,1.0,1.0,0.0,1.0,,,,
C34,curated-sample-50,Curated transcript cleanup sample,sample_034,,gpt-5.6-sol-low,GPT-5.6 Sol (low reasoning),heading quarterly results new paragraph bullet list revenue increased by twelve percent new line support costs fell by eight point five percent new line cash balance is two point three million dollars,"# Quarterly Results

- Revenue increased by 12%.
- Support costs fell by 8.5%.
- Cash balance is $2.3 million.","# Quarterly Results

- Revenue increased by 12%.
- Support costs fell by 8.5%.
- Cash balance is $2.3 million.",,native_prompt,True,1.0,1.0,0.0,1.0,,,,
C35,curated-sample-50,Curated transcript cleanup sample,sample_035,,gpt-5.6-sol-low,GPT-5.6 Sol (low reasoning),okay steps colon first download the archive second unzip it into the tools folder third run setup dot sh,"Steps:

1. Download the archive.
2. Unzip it into the tools folder.
3. Run setup.sh.","Steps:

1. Download the archive.
2. Unzip it into the tools folder.
3. Run setup.sh.",,native_prompt,True,1.0,1.0,0.0,1.0,,,,
C36,curated-sample-50,Curated transcript cleanup sample,sample_036,,gpt-5.6-sol-low,GPT-5.6 Sol (low reasoning),the pilot went well period new paragraph um twelve people completed onboarding comma and ten activated their accounts period new paragraph the next session is Friday at nine a m full stop,"The pilot went well.

Twelve people completed onboarding, and 10 activated their accounts.

The next session is Friday at 9:00 AM.","The pilot went well.

Twelve people completed onboarding, and 10 activated their accounts.

The next session is Friday at 9:00 AM.",,native_prompt,True,1.0,1.0,0.0,1.0,,,,
C37,curated-sample-50,Curated transcript cleanup sample,sample_037,,gpt-5.6-sol-low,GPT-5.6 Sol (low reasoning),hello Marcus comma new paragraph please send the invoice to billing at north star dot io no sorry accounts at north star dot io new paragraph kind regards comma new line Lena,"Hello Marcus,

Please send the invoice to accounts@northstar.io.

Kind regards,
Lena","Hello Marcus,

Please send the invoice to accounts@northstar.io.

Kind regards,
Lena",,native_prompt,True,1.0,1.0,0.0,1.0,,,,
C38,curated-sample-50,Curated transcript cleanup sample,sample_038,,gpt-5.6-sol-low,GPT-5.6 Sol (low reasoning),bug report colon the app crashes when opening settings dot j son period attach crash log dash two zero two six zero eight three zero dot text and reference issue v o i dash nine one eight,Bug report: The app crashes when opening settings.json. Attach crash-log-20260830.txt and reference issue VOI-918.,Bug report: The app crashes when opening settings.json. Attach crash-log-20260830.txt and reference issue VOI-918.,,native_prompt,True,1.0,1.0,0.0,1.0,,,,
C39,curated-sample-50,Curated transcript cleanup sample,sample_039,,gpt-5.6-sol-low,GPT-5.6 Sol (low reasoning),note colon the trial period ends tomorrow comma but the word period in the heading should remain lowercase period,"Note: The trial period ends tomorrow, but the word “period” in the heading should remain lowercase.","Note: The trial period ends tomorrow, but the word “period” in the heading should remain lowercase.",,native_prompt,True,1.0,1.0,0.0,1.0,,,,
C40,curated-sample-50,Curated transcript cleanup sample,sample_040,,gpt-5.6-sol-low,GPT-5.6 Sol (low reasoning),open quote good writing is clear writing close quote new line dash Maya Chen,"“Good writing is clear writing.”
—Maya Chen","“Good writing is clear writing.”
—Maya Chen",,native_prompt,True,1.0,1.0,0.0,1.0,,,,
C41,curated-sample-50,Curated transcript cleanup sample,sample_041,,gpt-5.6-sol-low,GPT-5.6 Sol (low reasoning),recipe colon new paragraph numbered list first mix two cups of flour and one teaspoon of salt second add three hundred milliliters of water third bake for forty minutes at two hundred degrees Celsius,"Recipe:

1. Mix 2 cups of flour and 1 teaspoon of salt.
2. Add 300 milliliters of water.
3. Bake for 40 minutes at 200 degrees Celsius.","Recipe:

1. Mix 2 cups of flour and 1 teaspoon of salt.
2. Add 300 milliliters of water.
3. Bake for 40 minutes at 200 degrees Celsius.",,native_prompt,True,1.0,1.0,0.0,1.0,,,,
C42,curated-sample-50,Curated transcript cleanup sample,sample_042,,gpt-5.6-sol-low,GPT-5.6 Sol (low reasoning),travel plan colon new paragraph September fifth flight at seven fifteen a m new line September sixth workshop at nine a m new line hotel budget one hundred eighty dollars per night,"Travel Plan:

- September 5: Flight at 7:15 AM.
- September 6: Workshop at 9:00 AM.
- Hotel budget: $180 per night.","Travel Plan:

- September 5: Flight at 7:15 AM.
- September 6: Workshop at 9:00 AM.
- Hotel budget: $180 per night.",,native_prompt,True,1.0,1.0,0.0,1.0,,,,
C43,curated-sample-50,Curated transcript cleanup sample,sample_043,,gpt-5.6-sol-low,GPT-5.6 Sol (low reasoning),heading customer update new paragraph um three updates colon the mobile fix is live comma the desktop release is in review in review comma and support has answered all open tickets,"# Customer Update

- The mobile fix is live.
- The desktop release is in review.
- Support has answered all open tickets.","# Customer Update

- The mobile fix is live.
- The desktop release is in review.
- Support has answered all open tickets.",,native_prompt,True,1.0,1.0,0.0,1.0,,,,
C44,curated-sample-50,Curated transcript cleanup sample,sample_044,,gpt-5.6-sol-low,GPT-5.6 Sol (low reasoning),the c c d n cache cache should expire after three hundred seconds and the key belongs in red is,"The CDN cache should expire after 300 seconds, and the key belongs in Redis.","The CDN cache should expire after 300 seconds, and the key belongs in Redis.",,native_prompt,True,1.0,1.0,0.0,1.0,,,,
C45,curated-sample-50,Curated transcript cleanup sample,sample_045,,gpt-5.6-sol-low,GPT-5.6 Sol (low reasoning),question colon are we still planning to launch Friday question mark new paragraph answer colon yes comma assuming the final review passes period,"Question: Are we still planning to launch Friday?

Answer: Yes, assuming the final review passes.","Question: Are we still planning to launch Friday?

Answer: Yes, assuming the final review passes.",,native_prompt,True,1.0,1.0,0.0,1.0,,,,
C46,curated-sample-50,Curated transcript cleanup sample,sample_046,,gpt-5.6-sol-low,GPT-5.6 Sol (low reasoning),hello this is Nina from Acme support comma I'm calling about ticket a c dash seven four two period please call me back at five p m period thank you,"Hello, this is Nina from Acme Support. I'm calling about ticket AC-742. Please call me back at 5:00 PM. Thank you.","Hello, this is Nina from Acme Support. I'm calling about ticket AC-742. Please call me back at 5:00 PM. Thank you.",,native_prompt,True,1.0,1.0,0.0,1.0,,,,
C47,curated-sample-50,Curated transcript cleanup sample,sample_047,,gpt-5.6-sol-low,GPT-5.6 Sol (low reasoning),heading launch checklist new paragraph bullet list open quote release approved close quote from Maya new line deploy version three point two new line email status at acme dot com after launch,"# Launch Checklist

- “Release approved,” from Maya.
- Deploy version 3.2.
- Email status@acme.com after launch.","# Launch Checklist

- “Release approved,” from Maya.
- Deploy version 3.2.
- Email status@acme.com after launch.",,native_prompt,True,1.0,1.0,0.0,1.0,,,,
C48,curated-sample-50,Curated transcript cleanup sample,sample_048,,gpt-5.6-sol-low,GPT-5.6 Sol (low reasoning),dear team comma uh the launch is complete period the launch is complete and all systems are healthy period please report issues at status dot example dot com slash support period best comma Arjun,"Dear Team,

The launch is complete, and all systems are healthy.

Please report issues at status.example.com/support.

Best,
Arjun","Dear Team,

The launch is complete, and all systems are healthy.

Please report issues at status.example.com/support.

Best,
Arjun",,native_prompt,True,1.0,1.0,0.0,1.0,,,,
C49,curated-sample-50,Curated transcript cleanup sample,sample_049,,gpt-5.6-sol-low,GPT-5.6 Sol (low reasoning),"The migration completed successfully, and no customer action is required.","The migration completed successfully, and no customer action is required.","The migration completed successfully, and no customer action is required.",,native_prompt,True,1.0,1.0,0.0,1.0,,,,
C50,curated-sample-50,Curated transcript cleanup sample,sample_050,,gpt-5.6-sol-low,GPT-5.6 Sol (low reasoning),Could you send the revised proposal before Friday afternoon?,Could you send the revised proposal before Friday afternoon?,Could you send the revised proposal before Friday afternoon?,,native_prompt,True,1.0,1.0,0.0,1.0,,,,
V01,voiceink-validation,VoiceInk validation sample,59,59,qwen3.5-2b-original-4bit,Qwen3.5 2B Original 4-bit,mina where should i return the folding chairs the parish hall or the sports pavilion question mark and who has the storage key i can go tomorrow,"Mina, where should I return the folding chairs, the parish hall or the sports pavilion? And who has the storage key? I can go tomorrow.",Where should I return the folding chairs: the parish hall or the sports pavilion? Who has the storage key? I can go tomorrow.,,dataset_system_prompt,False,0.9384615384615383,0.8430541711685214,0.2,0.9259259259259259,102,28,1.933221000013873,14.483600167698917
V02,voiceink-validation,VoiceInk validation sample,67,67,qwen3.5-2b-original-4bit,Qwen3.5 2B Original 4-bit,message to dev colon the freezer door looks shut but it isnt sealing comma so push it until you hear two clicks not one full stop,"Message to Dev: The freezer door looks shut, but it isn’t sealing, so push it until you hear 2 clicks, not one.","Message to Dev: The freezer door looks shut, but it isn't sealing. So, push it until you hear two clicks.",,dataset_system_prompt,False,0.9074074074074074,0.7575987440852796,0.3181818181818182,0.9459459459459459,100,26,0.5706236670084763,45.564180918583915
V03,voiceink-validation,VoiceInk validation sample,113,113,qwen3.5-2b-original-4bit,Qwen3.5 2B Original 4-bit,dear ken we heard about your new house period may we visit next sunday around tea time question mark warm wishes comma lou and fay,"Dear Ken,

We heard about your new house. May we visit next Sunday around teatime?

Warm wishes,
Lou and Fay","Dear Ken, we heard about your new house. Please may we visit next Sunday around tea time. Warm wishes, Lou and Fay.",,dataset_system_prompt,False,0.8968609865470853,0.8315811673119431,0.42105263157894735,1.0648148148148149,100,27,0.7158455419994425,37.717633785335536
V04,voiceink-validation,VoiceInk validation sample,213,213,qwen3.5-2b-original-4bit,Qwen3.5 2B Original 4-bit,can the taxi take four passengers plus a folding wheelchair and two medium cases or should we request a larger car question mark for the airport run,"Can the taxi take 4 passengers, a folding wheelchair, and 2 medium cases, or should we request a larger car for the airport run?","Can the taxi accommodate four passengers, a folding wheelchair, and two medium cases, or should we request a larger vehicle for the airport run?",,dataset_system_prompt,False,0.8970588235294117,0.816801467475253,0.16666666666666666,1.125,101,28,0.641699208994396,43.63415071662419
V05,voiceink-validation,VoiceInk validation sample,426,426,qwen3.5-2b-original-4bit,Qwen3.5 2B Original 4-bit,before the guests arrive saturday morning comma separate the white laundry wash the towels at sixty and hang the linen shirts instead of machine drying them,"Before the guests arrive Saturday morning, separate the white laundry, wash the towels at 60 degrees, and hang the linen shirts instead of machine-drying them.","Before the guests arrive on Saturday morning, separate the white laundry, wash the towels at sixty degrees, and hang the linen shirts instead of machine drying them.",,dataset_system_prompt,False,0.962962962962963,0.902109037387564,0.16,1.0377358490566038,101,31,0.7424783329770435,41.75206012504405
V06,voiceink-validation,VoiceInk validation sample,465,465,qwen3.5-2b-original-4bit,Qwen3.5 2B Original 4-bit,dear neighbors please collect your post from the lower lobby shelf by friday evening period anything remaining there will move to reception before mondays delivery,"Dear Neighbors,

Please collect your post from the lower lobby shelf by Friday evening. Anything remaining there will move to Reception before Monday’s delivery.","Dear neighbors, please collect your post from the lower lobby shelf by Friday evening. Anything remaining will be moved to the reception before Monday.",,dataset_system_prompt,False,0.891025641025641,0.7478181898847851,0.375,0.937888198757764,101,27,0.6555869579897262,41.18446785883608
V07,voiceink-validation,VoiceInk validation sample,582,582,qwen3.5-2b-original-4bit,Qwen3.5 2B Original 4-bit,support closed the incident at eleven forty p m utc service had been stable since ten oh five and monitoring continued overnight with the incident commander remaining on call,"Support closed the incident at 11:40 PM UTC. Service had been stable since 10:05, and monitoring continued overnight. The Incident Commander remained on call.","The incident was closed at 11:40 p.m. UTC. Service had been stable since 10:05, and monitoring continued overnight. The incident commander remained on call.",,dataset_system_prompt,False,0.8789808917197451,0.7991159158177179,0.2916666666666667,0.9873417721518988,103,40,0.8401117079774849,47.612715809302834
V08,voiceink-validation,VoiceInk validation sample,650,650,qwen3.5-2b-original-4bit,Qwen3.5 2B Original 4-bit,the sales manager approved the five percent discount but not the free implementation package shown in the latest quote despite a separate verbal concession request,"The Sales manager approved the 5% discount, but not the free implementation package shown in the latest quote. A separate verbal concession request remains unapproved.","The sales manager approved the five percent discount but did not approve the free implementation package shown in the latest quote, despite a separate verbal concession request.",,dataset_system_prompt,False,0.8255813953488372,0.7274228279014616,0.48,1.0598802395209581,99,29,0.6510199589829426,44.545485280213704
V09,voiceink-validation,VoiceInk validation sample,948,948,qwen3.5-2b-original-4bit,Qwen3.5 2B Original 4-bit,why did the nightly pipe line finish green even though the schema validation step logged seventeen errors is continue on error set somewhere question mark,Why did the nightly pipeline finish green even though the schema validation step logged 17 errors? Is continue-on-error set somewhere?,Why did the nightly pipeline finish green even though the schema validation step logged seventeen errors? Is it continuing on error set somewhere?,,dataset_system_prompt,False,0.9214285714285715,0.8558843758789592,0.25,1.0895522388059702,99,25,0.6072477499837987,41.16935797731156
V10,voiceink-validation,VoiceInk validation sample,1001,1001,qwen3.5-2b-original-4bit,Qwen3.5 2B Original 4-bit,please shorten the permission dialog it currently says in order to continue we need to be able to access your microphone period keep the reason visible though,"Please shorten the permission dialog. It currently says, “In order to continue, we need to be able to access your microphone.” Keep the reason visible, though.","To continue, we need to be able to access your microphone. Keep the reason visible.",,dataset_system_prompt,False,0.6776859504132231,0.5185402278284893,0.5384615384615384,0.5220125786163522,101,18,0.5202712920145132,34.597334652664024
V11,voiceink-validation,VoiceInk validation sample,1107,1107,qwen3.5-2b-original-4bit,Qwen3.5 2B Original 4-bit,the search index skipped records with emoji in the title reprocessing succeeds after unicode normalization form c is applied period existing records need back filling,The search index skipped records with emoji in the title. Reprocessing succeeds after Unicode Normalization Form C is applied. Existing records need backfilling.,The search index skipped records with emojis in the title. Reprocessing succeeds after unicode normalization from C is applied. Existing records need backfilling.,,dataset_system_prompt,False,0.9721362229102168,0.8686908442947215,0.17391304347826086,1.0062111801242235,100,29,0.6803112920024432,42.62754468566994
V12,voiceink-validation,VoiceInk validation sample,1111,1111,qwen3.5-2b-original-4bit,Qwen3.5 2B Original 4-bit,paragraph break the tablet layout is usable in portrait period in landscape the sticky footer overlaps the final form field by twenty four pixels period rotation does not recalculate it,"The tablet layout is usable in portrait. In landscape, the sticky footer overlaps the final form field by 24 pixels. Rotation does not recalculate it.","The tablet layout is usable in portrait mode. In landscape mode, the sticky footer overlaps the final form field by twenty-four pixels. Rotation does not recalculate it.",,dataset_system_prompt,False,0.9278996865203761,0.9030722962731423,0.2,1.1266666666666667,105,33,0.6493698330014013,50.81849867813122
V13,voiceink-validation,VoiceInk validation sample,1211,1211,qwen3.5-2b-original-4bit,Qwen3.5 2B Original 4-bit,can you check whether the variance calculation uses n or n minus one results differ from the published table by point zero three before correcting the published appendix,Can you check whether the variance calculation uses n or n−1? Results differ from the published table by 0.03. Check this before correcting the published appendix.,Can you check whether the variance calculation uses $n$ or $n-1$? The results differ from the published table by 0.03 before correcting the published appendix.,,dataset_system_prompt,False,0.9254658385093166,0.8150793003894518,0.2692307692307692,0.9754601226993865,102,37,0.720053957978962,51.38503801000013
V14,voiceink-validation,VoiceInk validation sample,1257,1257,qwen3.5-2b-original-4bit,Qwen3.5 2B Original 4-bit,during the quarterly structural survey inspection at pier two found minor scaling above the water line comma no exposed reinforcement and no measurable change since march,"During the quarterly structural survey, inspection at Pier 2 found minor scaling above the waterline, no exposed reinforcement, and no measurable change since March.","During the quarterly structural survey inspection at Pier Two, minor scaling was observed above the waterline. No exposed reinforcement was detected, and no measurable change was noted since March.",,dataset_system_prompt,False,0.861878453038674,0.7763056007657286,0.5,1.1939393939393939,100,34,0.6627738749957643,51.29954767788227
V15,voiceink-validation,VoiceInk validation sample,1368,1368,qwen3.5-2b-original-4bit,Qwen3.5 2B Original 4-bit,thirty minute discharge test reading colon battery bank voltage was twenty five point six at rest comma then dropped to twenty two point nine under inverter load,"30-minute discharge-test reading: Battery-bank voltage was 25.6 at rest, then dropped to 22.9 under inverter load.","Thirty-minute discharge test: Battery bank voltage was 25.6 V at rest, then dropped to 22.9 V under inverter load.",,dataset_system_prompt,False,0.8947368421052632,0.7451054034437423,0.4375,1.0,103,32,0.6467163329944015,49.48073578385567
V16,voiceink-validation,VoiceInk validation sample,1396,1396,qwen3.5-2b-original-4bit,Qwen3.5 2B Original 4-bit,dear nina before the accessibility review meeting note that the attached screen reader transcript timestamps correspond to build one eighty four not the latest beta,"Dear Nina,

Before the accessibility-review meeting, note that the attached screen-reader transcript timestamps correspond to Build 184, not the latest beta.","Dear Nina, before the accessibility review meeting, note that the attached screen reader transcript timestamps correspond to Build 184, not the latest beta.",,dataset_system_prompt,False,0.9712460063897762,0.8934070470681518,0.23809523809523808,0.9936305732484076,101,30,0.6228714580065571,48.164030658929605
V17,voiceink-validation,VoiceInk validation sample,1605,1605,qwen3.5-2b-original-4bit,Qwen3.5 2B Original 4-bit,dear garden club saturdays seed swap moves indoors to room four because rain is likely period label packets with variety and harvest year cheers comma monica,"Dear Garden Club,

Saturday’s seed swap moves indoors to Room 4 because rain is likely. Label packets with the variety and harvest year.

Cheers,
Monica",Dear Garden Club: Saturdays seed swap moves indoors to Room Four because rain is likely. Period. Label packets with variety and harvest year. Cheers. Comma. Monica.,,dataset_system_prompt,False,0.879746835443038,0.7919438534841733,0.3333333333333333,1.0789473684210527,103,34,0.7696289999876171,44.1771295007686
V18,voiceink-validation,VoiceInk validation sample,1616,1616,qwen3.5-2b-original-4bit,Qwen3.5 2B Original 4-bit,event recap colon one hundred eighty four attendees checked in and seventeen walk ins paid at the door period the west room session filled first but but no one was turned away,"Event recap: 184 attendees checked in, and 17 walk-ins paid at the door. The West Room session filled first, but no one was turned away.","Event Recap: 184 attendees checked in; 17 walk-ins paid at the door. The West Room session was the first to fill, but no one was turned away.",,dataset_system_prompt,False,0.9025270758122743,0.8117551227753517,0.32,1.036764705882353,106,38,0.8646540410118178,43.94821303967124
V19,voiceink-validation,VoiceInk validation sample,1711,1711,qwen3.5-2b-original-4bit,Qwen3.5 2B Original 4-bit,our pickup window was one to three and and no driver came can you reschedule for tomorrow morning without creating a second charge question mark there are seven boxes,"Our pickup window was 1:00 to 3:00, and no driver came. Can you reschedule for tomorrow morning without creating a second charge? There are 7 boxes.","Our pickup window is one to three. If no driver arrives, can you reschedule for tomorrow morning without creating a second charge? There are seven boxes.",,dataset_system_prompt,False,0.8571428571428572,0.7258528603152911,0.2692307692307692,1.0337837837837838,104,31,0.6639244580001105,46.692059053493765
V20,voiceink-validation,VoiceInk validation sample,1826,1826,qwen3.5-2b-original-4bit,Qwen3.5 2B Original 4-bit,lock report colon rear office lever sticks when pulled upward latch works from inside but but key rotation outside stops halfway do not force it,"Lock report: The rear-office lever sticks when pulled upward. The latch works from inside, but key rotation outside stops halfway. Do not force it.","Lock Report: Col. Rear Office Lever Sticks. When pulled upward, the latch works from inside. However, key rotation outside stops halfway. Do not force it.",,dataset_system_prompt,False,0.8704318936877077,0.6845784565487354,0.4583333333333333,1.0476190476190477,99,34,0.6667834590189159,50.991066950020816
V21,voiceink-validation,VoiceInk validation sample,57,57,qwen3.5-2b-original-4bit,Qwen3.5 2B Original 4-bit,please ask the bus station whether the midnight coach has under floor luggage storage and um whether bicycles need a separate reservation question mark for next friday night,Please ask the bus station whether the midnight coach has underfloor luggage storage and whether bicycles need a separate reservation for next Friday night.,Please ask the bus station whether the midnight coach has under-floor luggage storage and whether bicycles need a separate reservation.,,dataset_system_prompt,False,0.9209621993127147,0.838937936312235,0.25,0.8653846153846154,102,22,0.5778745840070769,38.07054438602992
V22,voiceink-validation,VoiceInk validation sample,550,550,qwen3.5-2b-original-4bit,Qwen3.5 2B Original 4-bit,ask operations why the overnight shipment went to phoenix instead of tucson comma include tracking number nine three six zero zero one and request a corrected delivery estimate,"Ask Operations why the overnight shipment went to Phoenix instead of Tucson, include tracking number 936001, and request a corrected delivery estimate.","Operations, why did the overnight shipment go to Phoenix instead of Tucson? Please include tracking number 936001 and request a corrected delivery estimate.",,dataset_system_prompt,False,0.9185667752442996,0.8114020288398752,0.3181818181818182,1.033112582781457,103,32,0.748767457989743,42.73690003290495
V23,voiceink-validation,VoiceInk validation sample,629,629,qwen3.5-2b-original-4bit,Qwen3.5 2B Original 4-bit,the budget deck accidentally labels fiscal year twenty twenty six as calendar year twenty twenty six period the underlying numbers are fiscal and the footnote uses the same incorrect label,The budget deck accidentally labels fiscal year 2026 as calendar year 2026. The underlying numbers are fiscal-year figures. The footnote uses the same incorrect label.,"The budget deck accidentally labels fiscal year 2026 as calendar year 2026. The underlying numbers are fiscal, and the footnote uses the same incorrect label.",,dataset_system_prompt,False,0.9415384615384617,0.8803745271713368,0.12,0.9461077844311377,104,36,0.7417279169894755,48.53531756781754
V24,voiceink-validation,VoiceInk validation sample,652,652,qwen3.5-2b-original-4bit,Qwen3.5 2B Original 4-bit,the monday notes should say decision deferred pending tax advice comma not decision denied and the follow up owner is casey from treasury before circulating the revised record,"The Monday notes should say, “Decision deferred pending tax advice,” not “Decision denied,” and the follow-up owner is Casey from Treasury. Circulate the revised record afterward.","The Monday Notes should state that the decision is deferred pending tax advice; the decision is not denied. The follow-up owner is Casey from Treasury. Before circulating the revised record, please note the above.",,dataset_system_prompt,False,0.7857142857142857,0.6387228108097065,0.7692307692307693,1.1899441340782122,103,40,0.7468774169974495,53.55631203953861
V25,voiceink-validation,VoiceInk validation sample,658,658,qwen3.5-2b-original-4bit,Qwen3.5 2B Original 4-bit,the service report lists priority one downtime as forty eight minutes the incident timeline supports only thirty eight because monitoring recovered earlier and customer success disputes the longer figure,The service report lists Priority 1 downtime as 48 minutes. The incident timeline supports only 38 minutes because monitoring recovered earlier. Customer Success disputes the longer figure.,The service report lists priority one downtime as forty-eight minutes. The incident timeline supports only thirty-eight minutes because monitoring recovered earlier. Customer success disputes the longer figure.,,dataset_system_prompt,False,0.9122807017543859,0.832410477808954,0.18518518518518517,1.1111111111111112,103,32,0.6554955409956165,48.81802849702984
V26,voiceink-validation,VoiceInk validation sample,669,669,qwen3.5-2b-original-4bit,Qwen3.5 2B Original 4-bit,the investigation scope covers expense approvals from january through april it does not include vendor selection or contract negotiation unless new evidence expands the review,The investigation scope covers expense approvals from January through April. It does not include vendor selection or contract negotiation. New evidence could expand the review.,The investigation scope covers expense approvals from January through April. It does not include vendor selection or contract negotiation unless new evidence expands the review.,,dataset_system_prompt,False,0.9518413597733713,0.8836023501462565,0.2,1.0056818181818181,100,27,0.5990980410133488,45.06774876834958
V27,voiceink-validation,VoiceInk validation sample,704,704,qwen3.5-2b-original-4bit,Qwen3.5 2B Original 4-bit,following the latest litigation update the controller approved a two hundred fifty thousand reserve comma subject to receiving counsels final estimate before close by noon tomorrow,"Following the latest litigation update, the Controller approved a $250,000 reserve, subject to receiving counsel’s final estimate before close. Counsel’s estimate is due by noon tomorrow.","Following the latest litigation update, the controller approved a reserve of two hundred fifty thousand, subject to receiving counsel's final estimate before close by noon tomorrow.",,dataset_system_prompt,False,0.809782608695652,0.7111825564593104,0.5,0.9679144385026738,102,30,0.6237422089907341,48.09679314238242
V28,voiceink-validation,VoiceInk validation sample,811,811,qwen3.5-2b-original-4bit,Qwen3.5 2B Original 4-bit,would you send the customer the maintenance window in both eastern and greenwich mean time comma make clear that service may be intermittent before the maintenance notice is translated,"Would you send the customer the maintenance window in both Eastern Time and Greenwich Mean Time, and make clear that service may be intermittent? The maintenance notice will be translated afterward.","Here is the cleaned transcript:

""Would you send the customer the maintenance window in both Eastern and Greenwich Mean Time? Make clear that service may be intermittent before the maintenance notice is translated.""",,dataset_system_prompt,False,0.8184019370460048,0.7473001002786523,0.5483870967741935,1.0858585858585859,104,38,0.8035702499910258,47.28895824655577
V29,voiceink-validation,VoiceInk validation sample,813,813,qwen3.5-2b-original-4bit,Qwen3.5 2B Original 4-bit,who owns the response to the accessibility questionnaire question mark product answered the first section but legal and security sections remain blank before friday afternoons submission deadline,"Who owns the response to the accessibility questionnaire? Product answered the first section, but the Legal and Security sections remain blank. Friday afternoon’s submission deadline is approaching.","Who owns the response to the accessibility questionnaire? The product answered the first section, but the legal and security sections remain blank before Friday afternoon's submission deadline.",,dataset_system_prompt,False,0.9104859335038362,0.7884165534354536,0.37037037037037035,0.9747474747474747,103,31,0.644060124992393,48.13215225886891
V30,voiceink-validation,VoiceInk validation sample,817,817,qwen3.5-2b-original-4bit,Qwen3.5 2B Original 4-bit,please route the exception request to ethics and compliance comma not employee relations and attach the original disclosure from february because the reporting path was incorrect,"Please route the exception request to Ethics and Compliance, not Employee Relations, and attach the original disclosure from February. The reporting path was incorrect.","Please route the exception request to Ethics and Compliance, not Employee Relations, and attach the original disclosure from February, as the reporting path was incorrect.",,dataset_system_prompt,False,0.9793510324483776,0.949727454677513,0.125,1.0178571428571428,101,29,0.6149616249895189,47.15741409147971
V31,voiceink-validation,VoiceInk validation sample,840,840,qwen3.5-2b-original-4bit,Qwen3.5 2B Original 4-bit,can we use the clients logo in the investor presentation question mark the marketing consent covers our website but does not mention fundraising materials before marketing finalizes the presentation,Can we use the client’s logo in the investor presentation? The marketing consent covers our website but does not mention fundraising materials. Marketing has not finalized the presentation.,Can we use the client's logo in the investor presentation? The marketing consent covers our website but does not mention fundraising materials until the presentation is finalized.,,dataset_system_prompt,False,0.8913043478260869,0.8365892046227227,0.2857142857142857,0.9470899470899471,104,30,0.6300135829951614,47.618020959764614
V32,voiceink-validation,VoiceInk validation sample,856,856,qwen3.5-2b-original-4bit,Qwen3.5 2B Original 4-bit,could you request wheelchair access for the site tour comma including the production floor and emergency assembly area not only the lobby because the full group will participate,"Could you request wheelchair access for the site tour, including the production floor and emergency-assembly area, not only the lobby? The full group will participate.","Could you please request wheelchair access for the site tour, including the production floor and emergency assembly area—not just the lobby—since the full group will be participating.",,dataset_system_prompt,False,0.8971428571428571,0.7632833026949812,0.36,1.095808383233533,102,32,0.8092999579967,39.54034555890893
V33,voiceink-validation,VoiceInk validation sample,902,902,qwen3.5-2b-original-4bit,Qwen3.5 2B Original 4-bit,for all three finalists this week ask procurement for the evaluation rubric before vendor presentations we should not change weighting after seeing demonstrations before scoring begins,"For all 3 finalists this week, ask Procurement for the evaluation rubric before vendor presentations. We should not change weighting after seeing demonstrations. Finalize the rubric before scoring begins.","For all three finalists this week, please ask procurement for the evaluation rubric prior to vendor presentations. We should not change the weighting after seeing demonstrations. Scoring should begin only after the demonstrations are complete.",,dataset_system_prompt,False,0.7874720357941833,0.6946035086541663,0.5172413793103449,1.1911764705882353,101,41,0.7048824999947101,58.16572265634016
V34,voiceink-validation,VoiceInk validation sample,926,926,qwen3.5-2b-original-4bit,Qwen3.5 2B Original 4-bit,before approving reimbursement can you change coding from client entertainment to employee meal question mark all attendees were internal and no customer joined in the expense system,"Before approving reimbursement, can you change coding from Client Entertainment to Employee Meal? All attendees were internal, and no customer joined. Make the change in the expense system.","Before approving reimbursement, please change the coding from ""Client Entertainment"" to ""Employee Meal."" All attendees were internal, and no customer joined the expense system.",,dataset_system_prompt,False,0.8876712328767123,0.749803874486445,0.42857142857142855,0.9312169312169312,101,31,0.75090137499501,41.28371718616977
V35,voiceink-validation,VoiceInk validation sample,1083,1083,qwen3.5-2b-original-4bit,Qwen3.5 2B Original 4-bit,inspection item bullet point north anchor secure bullet point south anchor needs re torque bullet point conduit label missing near junction box four new line photos saved in folder seven,"Inspection items:
- North anchor secure
- South anchor needs retorquing
- Conduit label missing near Junction Box 4

Photos are saved in Folder 7.","**Inspection Items:**

*   North anchor secured.
*   South anchor requires re-torque.
*   Conduit label missing near junction box.
*   Four new photos saved in Folder 7.",,dataset_system_prompt,False,0.8063492063492064,0.5937642604447173,0.5,1.1575342465753424,104,45,0.7911239579843823,56.881098778313515
V36,voiceink-validation,VoiceInk validation sample,1100,1100,qwen3.5-2b-original-4bit,Qwen3.5 2B Original 4-bit,sample c twelve was thawed for approximately eighteen minutes comma returned to minus eighty and flagged for sensitivity analysis period no visible leakage occurred afterward,"Sample C12 was thawed for approximately 18 minutes, returned to −80°C, and flagged for sensitivity analysis. No visible leakage occurred afterward.","Sample C-12 was thawed for approximately 18 minutes, returned to -80°C, and flagged for sensitivity analysis. No visible leakage occurred afterward.",,dataset_system_prompt,False,0.9898305084745763,0.9315904583265516,0.09523809523809523,1.0068027210884354,100,34,0.8121711670246441,41.86309657428201
V37,voiceink-validation,VoiceInk validation sample,1177,1177,qwen3.5-2b-original-4bit,Qwen3.5 2B Original 4-bit,for our final storage comparison write this technical question to the vendor colon what is the maximum sustained write rate with encryption enabled and raid six active question mark,"For our final storage comparison, write this technical question to the vendor: What is the maximum sustained write rate with encryption enabled and RAID 6 active?",**Maximum sustained write rate with encryption enabled and RAID 6 active?**,,dataset_system_prompt,False,0.5907172995780591,0.4429557257791896,0.6538461538461539,0.46296296296296297,103,14,0.5196060840098653,26.94348744333447
V38,voiceink-validation,VoiceInk validation sample,1209,1209,qwen3.5-2b-original-4bit,Qwen3.5 2B Original 4-bit,for the production system prompt please turn the model instructions into a numbered priority list colon safety constraints first output schema second and style preferences third,"For the production system prompt, please turn the model instructions into a numbered priority list:
1. Safety constraints
2. Output schema
3. Style preferences","1. Safety constraints
2. Output schema
3. Style preferences",,dataset_system_prompt,False,0.5412844036697247,0.42671600260987397,0.7142857142857143,0.3710691823899371,100,14,0.4836756250006147,28.94501867854558
V39,voiceink-validation,VoiceInk validation sample,1412,1412,qwen3.5-2b-original-4bit,Qwen3.5 2B Original 4-bit,class reminder colon the ecology quiz is next monday not this friday and chapters six through eight are included new line bring a pencil your field notebook and the calculator you used in lab,"Class reminder: The ecology quiz is next Monday, not this Friday, and Chapters 6 through 8 are included.
Bring a pencil, your field notebook, and the calculator you used in lab.","Class reminder: The ecology quiz is next Monday. Chapters six through eight are included. Bring a pencil, your field notebook, and the calculator you used in lab.",,dataset_system_prompt,False,0.8967551622418878,0.8123474306539146,0.3,0.9152542372881356,108,33,0.6914992080128286,47.72239739049388
V40,voiceink-validation,VoiceInk validation sample,1434,1434,qwen3.5-2b-original-4bit,Qwen3.5 2B Original 4-bit,can you ask the pool manager whether lane four will be open for lap swimming from six to seven tomorrow comma or is the regional team still using all the deep lanes question mark,"Can you ask the pool manager whether Lane 4 will be open for lap swimming from 6:00 to 7:00 tomorrow, or is the regional team still using all the deep lanes?","Can you ask the pool manager whether Lane 4 will be open for lap swimming from six to seven tomorrow, or is the regional team still using all the deep lanes?",,dataset_system_prompt,False,0.949044585987261,0.9043032583104594,0.06451612903225806,1.0,108,34,0.7188889159879182,47.29520687250576
V41,voiceink-validation,VoiceInk validation sample,1465,1465,qwen3.5-2b-original-4bit,Qwen3.5 2B Original 4-bit,dispatch this is unit forty six we have smoke showing from a detached garage at eight twelve birch lane no visible flames yet send one additional engine and advise police the driveway is blocked,"Dispatch, this is Unit 46. We have smoke showing from a detached garage at 812 Birch Lane. No visible flames yet. Send 1 additional engine, and advise police that the driveway is blocked.",Dispatch this is Unit 46. Smoke is showing from a detached garage at 812 Birch Lane. No visible flames yet. Send one additional engine and advise police. The driveway is blocked.,,dataset_system_prompt,False,0.9260273972602739,0.7944098235620519,0.2727272727272727,0.9518716577540107,109,41,0.7254937920079101,56.513233402764904
V42,voiceink-validation,VoiceInk validation sample,1469,1469,qwen3.5-2b-original-4bit,Qwen3.5 2B Original 4-bit,radio check colon team bravo can hear command clearly but but command is not receiving bravo on channel three should we switch to channel five or return to the staging area question mark,"Radio check: Team Bravo can hear Command clearly, but Command is not receiving Bravo on Channel 3. Should we switch to Channel 5 or return to the staging area?","Radio check: ""Colon, team Bravo can hear command clearly. But command is not receiving. Bravo on channel three. Should we switch to channel five or return to the staging area?""",,dataset_system_prompt,False,0.8955223880597015,0.7028973509089147,0.41379310344827586,1.1069182389937107,107,37,0.6921938750019763,53.45323230416386
V43,voiceink-validation,VoiceInk validation sample,1479,1479,qwen3.5-2b-original-4bit,Qwen3.5 2B Original 4-bit,the boarding reservation is for two rabbits from october six through october tenth can they share the larger enclosure and do we need to bring their usual pellets question mark,"The boarding reservation is for 2 rabbits from October 6 through October 10. Can they share the larger enclosure, and do we need to bring their usual pellets?",The boarding reservation is for two rabbits from October 6 through October 10. Can they share the larger enclosure? Do we need to bring their usual pellets?,,dataset_system_prompt,False,0.9617834394904459,0.8968553629666646,0.14285714285714285,0.9873417721518988,106,33,0.6605017090041656,49.9620206127156
V44,voiceink-validation,VoiceInk validation sample,1510,1510,qwen3.5-2b-original-4bit,Qwen3.5 2B Original 4-bit,can you transcribe the handwritten caption exactly comma including the crossed out surname but mark uncertain letters with square brackets question mark dont modernize the spelling,"Can you transcribe the handwritten caption exactly, including the crossed-out surname, but mark uncertain letters with square brackets? Don’t modernize the spelling.","can you transcribe the handwritten caption exactly, comma, including the crossed out surname but mark uncertain letters with square brackets question mark dont modernize the spelling",,dataset_system_prompt,False,0.9106628242074928,0.8230858757042298,0.45454545454545453,1.103030303030303,102,30,0.6163607919879723,48.672790985357516
V45,voiceink-validation,VoiceInk validation sample,1544,1544,qwen3.5-2b-original-4bit,Qwen3.5 2B Original 4-bit,could you categorize the bike lock under transportation comma not recreation and split the ninety dollar hardware store purchase into sixty five home repair and twenty five garden question mark,"Could you categorize the bike lock under Transportation, not Recreation, and split the $90 hardware-store purchase into $65 for Home Repair and $25 for Garden?","Could you categorize the bike lock under transportation, not recreation? Split the ninety-dollar hardware store purchase into sixty-five home repair and twenty-five garden.",,dataset_system_prompt,False,0.7915407854984893,0.5798102589522218,0.56,1.0817610062893082,105,30,0.6665550420002546,45.00753592677578
V46,voiceink-validation,VoiceInk validation sample,1545,1545,qwen3.5-2b-original-4bit,Qwen3.5 2B Original 4-bit,dear loan officer ive attached pay stubs for may and june but the april file is missing from my employers portal period is a bank statement acceptable instead question mark sincerely comma remy,"Dear Loan Officer,

I’ve attached pay stubs for May and June, but the April file is missing from my employer’s portal. Is a bank statement acceptable instead?

Sincerely,
Remy","Dear Loan Officer, I have attached my pay stubs for May and June. However, the April file is missing from my employer's portal. A bank statement would be acceptable instead.

Sincerely,

Remy",,dataset_system_prompt,False,0.8852459016393442,0.7679117073345225,0.4642857142857143,1.0914285714285714,111,44,0.9075475829886273,48.482306409879314
V47,voiceink-validation,VoiceInk validation sample,1621,1621,qwen3.5-2b-original-4bit,Qwen3.5 2B Original 4-bit,could you explain why the estimate lists three point five labor hours for the alternator the phone quote said two hours and and did not mention a diagnostic fee question mark,Could you explain why the estimate lists 3.5 labor hours for the alternator? The phone quote said 2 hours and did not mention a diagnostic fee.,Could you explain why the estimate lists three and a half labor hours for the alternator? The phone quote stated two hours and did not mention a diagnostic fee.,,dataset_system_prompt,False,0.910891089108911,0.8668150216453742,0.23076923076923078,1.118881118881119,106,32,0.6673139170161448,47.95344317571875
V48,voiceink-validation,VoiceInk validation sample,1639,1639,qwen3.5-2b-original-4bit,Qwen3.5 2B Original 4-bit,the accessible shuttle was booked for eight forty five but arrived at nine thirty passenger missed appointment r six one four can you document the delay and reschedule the ride question mark,The accessible shuttle was booked for 8:45 but arrived at 9:30. The passenger missed Appointment R614. Can you document the delay and reschedule the ride?,The accessible shuttle was booked for eight forty-five but arrived at nine thirty. The passenger missed the appointment at six o'clock. Can you document the delay and reschedule the ride?,,dataset_system_prompt,False,0.8269794721407624,0.7810829246483364,0.36,1.2142857142857142,107,36,0.7099077500170097,50.71081418555781
V49,voiceink-validation,VoiceInk validation sample,1673,1673,qwen3.5-2b-original-4bit,Qwen3.5 2B Original 4-bit,application checklist bullet point two passport photos next item proof of address next item signed declaration page next item fee receipt new line bring originals and one copy of each,"Application checklist:
- 2 passport photos
- Proof of address
- Signed declaration page
- Fee receipt

Bring the originals and 1 copy of each.","Application Checklist

*   Passport photos (2)
*   Proof of address
*   Signed declaration page
*   Fee receipt

New line: Bring originals and one copy of each.",,dataset_system_prompt,False,0.8543046357615894,0.659492817181301,0.5238095238095238,1.1267605633802817,104,39,0.7066360829921905,55.19106784762223
V50,voiceink-validation,VoiceInk validation sample,1691,1691,qwen3.5-2b-original-4bit,Qwen3.5 2B Original 4-bit,dear costume rental the return sheet lists four hats but we received three period could you check the packing photo before charging the missing item fee question mark regards comma tessa,"Dear Costume Rental,

The return sheet lists 4 hats, but we received 3. Could you check the packing photo before charging the missing-item fee?

Regards,
Tessa","Dear Costume Rental, the return sheet lists four hats but we received three. Could you please check the packing photo before charging the missing item fee?

Regards,
Tessa",,dataset_system_prompt,False,0.9212121212121213,0.8066319562811124,0.28,1.0754716981132075,107,35,0.7774642090080306,45.01814951026058
C01,curated-sample-50,Curated transcript cleanup sample,sample_001,,qwen3.5-2b-original-4bit,Qwen3.5 2B Original 4-bit,the deployment finished successfully all services are healthy and no customer action is required,"The deployment finished successfully. All services are healthy, and no customer action is required.","The deployment finished successfully. All services are healthy, and no customer action is required.",,dataset_system_prompt,True,1.0,1.0,0.0,1.0,217,17,0.726339624990942,23.405029018225466
C02,curated-sample-50,Curated transcript cleanup sample,sample_002,,qwen3.5-2b-original-4bit,Qwen3.5 2B Original 4-bit,Can we move the review to Friday. because Maya is unavailable Thursday?,Can we move the review to Friday because Maya is unavailable Thursday?,"Can we move the review to Friday, because Maya is unavailable Thursday?",,dataset_system_prompt,False,0.9929078014184397,0.9494851257433504,0.08333333333333333,1.0142857142857142,217,14,0.6181591250060592,22.64789021736559
C03,curated-sample-50,Curated transcript cleanup sample,sample_003,,qwen3.5-2b-original-4bit,Qwen3.5 2B Original 4-bit,uh please send the revised contract to Priya this afternoon,Please send the revised contract to Priya this afternoon.,Please send the revised contract to Priya this afternoon.,,dataset_system_prompt,True,1.0,1.0,0.0,1.0,214,11,0.5763462500181049,19.085749234343858
C04,curated-sample-50,Curated transcript cleanup sample,sample_004,,qwen3.5-2b-original-4bit,Qwen3.5 2B Original 4-bit,I mean the main issue is basically that the export takes too long,The main issue is that the export takes too long.,I mean the main issue is basically that the export takes too long,,dataset_system_prompt,False,0.8245614035087719,0.7988353911503401,0.5,1.3265306122448979,216,13,0.5923841670155525,21.945218531910385
C05,curated-sample-50,Curated transcript cleanup sample,sample_005,,qwen3.5-2b-original-4bit,Qwen3.5 2B Original 4-bit,the important thing the important thing is that we keep the existing backup,The important thing is that we keep the existing backup.,The important thing is that we keep the existing backup.,,dataset_system_prompt,True,1.0,1.0,0.0,1.0,216,11,0.5937625000078697,18.525925769738247
C06,curated-sample-50,Curated transcript cleanup sample,sample_006,,qwen3.5-2b-original-4bit,Qwen3.5 2B Original 4-bit,p please confirm that the customer received the refund,Please confirm that the customer received the refund.,Please confirm that the customer received the refund.,,dataset_system_prompt,True,1.0,1.0,0.0,1.0,212,9,0.5324987909989432,16.901446824163518
C07,curated-sample-50,Curated transcript cleanup sample,sample_007,,qwen3.5-2b-original-4bit,Qwen3.5 2B Original 4-bit,I wanted to ask whether actually please cancel tomorrow's check-in,Please cancel tomorrow's check-in.,I wanted to ask whether I should actually please cancel tomorrow's check-in.,,dataset_system_prompt,False,0.6,0.7284160810504733,2.25,2.235294117647059,215,15,0.67417091599782,22.24955073566019
C08,curated-sample-50,Curated transcript cleanup sample,sample_008,,qwen3.5-2b-original-4bit,Qwen3.5 2B Original 4-bit,schedule the review for Tuesday no sorry Thursday,Schedule the review for Thursday.,"Schedule the review for Tuesday. No, sorry, Thursday.",,dataset_system_prompt,False,0.7674418604651163,0.8070790972267805,0.6,1.606060606060606,211,12,0.5660573339846451,21.199266009908307
C09,curated-sample-50,Curated transcript cleanup sample,sample_009,,qwen3.5-2b-original-4bit,Qwen3.5 2B Original 4-bit,please review the sight migration plan before lunch,Please review the site migration plan before lunch.,Please review the sight migration plan before lunch.,,dataset_system_prompt,False,0.970873786407767,0.871767392252351,0.125,1.0196078431372548,211,9,0.5482279160059988,16.416529945369508
C10,curated-sample-50,Curated transcript cleanup sample,sample_010,,qwen3.5-2b-original-4bit,Qwen3.5 2B Original 4-bit,store the session token in red is for fifteen minutes,Store the session token in Redis for 15 minutes.,Store the session token in red for fifteen minutes.,,dataset_system_prompt,False,0.8686868686868688,0.6908443827606442,0.2222222222222222,1.0625,213,10,0.5329332090041135,18.764077432305058
C11,curated-sample-50,Curated transcript cleanup sample,sample_011,,qwen3.5-2b-original-4bit,Qwen3.5 2B Original 4-bit,we received one thousand two hundred and forty six responses,"We received 1,246 responses.",We received one thousand two hundred and forty-six responses.,,dataset_system_prompt,False,0.5168539325842696,0.5299553525691598,1.5,2.1785714285714284,213,11,0.6013907500018831,18.290936466790612
C12,curated-sample-50,Curated transcript cleanup sample,sample_012,,qwen3.5-2b-original-4bit,Qwen3.5 2B Original 4-bit,the workshop starts on September twenty third twenty twenty six,"The workshop starts on September 23, 2026.","The workshop starts on September twenty-third, twenty-six, twenty-six.",,dataset_system_prompt,False,0.6428571428571428,0.6533829981677026,0.42857142857142855,1.6666666666666667,213,14,0.6422274580108933,21.799130238624173
C13,curated-sample-50,Curated transcript cleanup sample,sample_013,,qwen3.5-2b-original-4bit,Qwen3.5 2B Original 4-bit,the call begins at four thirty p m,The call begins at 4:30 PM.,The call begins at four thirty p.m.,,dataset_system_prompt,False,0.6774193548387097,0.5997683939300656,0.5,1.2962962962962963,211,9,0.5583484589878935,16.118966310597706
C14,curated-sample-50,Curated transcript cleanup sample,sample_014,,qwen3.5-2b-original-4bit,Qwen3.5 2B Original 4-bit,the replacement costs forty nine dollars and weighs two point five kilograms,The replacement costs $49 and weighs 2.5 kilograms.,Replacement costs $49 and weighs 2.5 kilograms.,,dataset_system_prompt,False,0.9387755102040817,0.8890499414769089,0.25,0.9215686274509803,215,13,0.614493458007928,21.155636126938685
C15,curated-sample-50,Curated transcript cleanup sample,sample_015,,qwen3.5-2b-original-4bit,Qwen3.5 2B Original 4-bit,send the receipt to finance at acme dot com,Send the receipt to finance@acme.com.,send the receipt to finance at acme.com,,dataset_system_prompt,False,0.8947368421052632,0.7209439057103049,0.8,1.054054054054054,213,9,0.5375107079744339,16.74385247861532
C16,curated-sample-50,Curated transcript cleanup sample,sample_016,,qwen3.5-2b-original-4bit,Qwen3.5 2B Original 4-bit,the documentation is available at docs dot example dot com slash setup,The documentation is available at docs.example.com/setup.,The documentation is available at docs.example.com/slash/setup,,dataset_system_prompt,False,0.9411764705882352,0.8846041822016808,0.16666666666666666,1.087719298245614,215,11,0.6180959589837585,17.79658941321285
C17,curated-sample-50,Curated transcript cleanup sample,sample_017,,qwen3.5-2b-original-4bit,Qwen3.5 2B Original 4-bit,yes comma I can send the draft today semicolon the figures will follow tomorrow period great work everyone exclamation mark,"Yes, I can send the draft today; the figures will follow tomorrow. Great work, everyone!","Yes, comma I can send the draft today; the figures will follow tomorrow. Period. Great work, everyone! Exclamation mark.",,dataset_system_prompt,False,0.8461538461538461,0.8853797568022518,0.26666666666666666,1.3636363636363635,225,27,0.7292786659963895,37.02288474750703
C18,curated-sample-50,Curated transcript cleanup sample,sample_018,,qwen3.5-2b-original-4bit,Qwen3.5 2B Original 4-bit,Maya said open quote the release is ready close quote,"Maya said, “The release is ready.”","Maya said, ""The release is ready.""",,dataset_system_prompt,False,0.9411764705882352,0.7633925045084017,0.3333333333333333,1.0,214,10,0.5784491249942221,17.287605025074395
C19,curated-sample-50,Curated transcript cleanup sample,sample_019,,qwen3.5-2b-original-4bit,Qwen3.5 2B Original 4-bit,the migration is complete period new paragraph customers do not need to take any action period,"The migration is complete.

Customers do not need to take any action.",The migration is complete. Period. New paragraph. Customers do not need to take any action. Period.,,dataset_system_prompt,False,0.7976190476190478,0.8874351094542109,0.3333333333333333,1.434782608695652,219,21,0.6708099579846021,31.305438671621566
C20,curated-sample-50,Curated transcript cleanup sample,sample_020,,qwen3.5-2b-original-4bit,Qwen3.5 2B Original 4-bit,bullet list apples new line rice new line olive oil,"- Apples
- Rice
- Olive oil","*   Apples
*   Rice
*   Olive oil",,dataset_system_prompt,False,0.8,0.5099697773846381,0.6,1.2222222222222223,213,13,0.6631435419840273,19.6035988846486
C21,curated-sample-50,Curated transcript cleanup sample,sample_021,,qwen3.5-2b-original-4bit,Qwen3.5 2B Original 4-bit,numbered list first back up the database second deploy the service third run the smoke tests,"1. Back up the database.
2. Deploy the service.
3. Run the smoke tests.",1. Back up the database. 2. Deploy the service. 3. Run the smoke tests.,,dataset_system_prompt,False,0.971830985915493,1.0,0.3333333333333333,1.0,220,22,0.6391042920004111,34.42317674184208
C22,curated-sample-50,Curated transcript cleanup sample,sample_022,,qwen3.5-2b-original-4bit,Qwen3.5 2B Original 4-bit,dear Anika new paragraph thank you for reviewing the proposal new paragraph best regards new line Sam,"Dear Anika,

Thank you for reviewing the proposal.

Best regards,
Sam","Dear Anika,

Thank you for reviewing the proposal.

Best regards,

Sam",,dataset_system_prompt,False,0.9928057553956835,1.0,0.2,1.0144927536231885,222,18,0.6313893329934217,28.50855891825391
C23,curated-sample-50,Curated transcript cleanup sample,sample_023,,qwen3.5-2b-original-4bit,Qwen3.5 2B Original 4-bit,heading weekly status new paragraph all planned work is complete,"# Weekly Status

All planned work is complete.","# Weekly Status

All planned work is complete.",,dataset_system_prompt,True,1.0,1.0,0.0,1.0,213,10,0.5729010840004776,17.45502021076934
C24,curated-sample-50,Curated transcript cleanup sample,sample_024,,qwen3.5-2b-original-4bit,Qwen3.5 2B Original 4-bit,the word comma appears twice in the first paragraph,The word “comma” appears twice in the first paragraph.,The word comma appears twice in the first paragraph.,,dataset_system_prompt,False,0.9811320754716981,0.8423853483413423,0.1111111111111111,0.9629629629629629,212,10,0.5348865420091897,18.69555356999091
C25,curated-sample-50,Curated transcript cleanup sample,sample_025,,qwen3.5-2b-original-4bit,Qwen3.5 2B Original 4-bit,attach the file quarterly report final dot pdf and reference ticket a c m e dash four two seven,Attach the file quarterly-report-final.pdf and reference ticket ACME-427.,attach the file **Quarterly Report Final.pdf** and reference ticket **ACM-E-4-2-7**.,,dataset_system_prompt,False,0.8535031847133758,0.5916942856522287,0.625,1.1506849315068493,222,24,0.6579252920055296,36.478305807095026
C26,curated-sample-50,Curated transcript cleanup sample,sample_026,,qwen3.5-2b-original-4bit,Qwen3.5 2B Original 4-bit,hi Priya comma new paragraph um could you send the revised budget to finance at acme dot com by four p m question mark new paragraph thanks comma new line Daniel,"Hi Priya,

Could you send the revised budget to finance@acme.com by 4:00 PM?

Thanks,
Daniel","Hi Priya,

Could you send the revised budget to finance at acme.com by 4 p.m.?

Thanks,

Daniel",,dataset_system_prompt,False,0.9197860962566845,0.8252685177413884,0.5,1.0326086956521738,236,28,0.7773230840102769,36.021058136528744
C27,curated-sample-50,Curated transcript cleanup sample,sample_027,,qwen3.5-2b-original-4bit,Qwen3.5 2B Original 4-bit,numbered list first archive the last thirty days of logs second increase the time out to forty five seconds third restart the a p i gateway,"1. Archive the last 30 days of logs.
2. Increase the timeout to 45 seconds.
3. Restart the API gateway.",1. Archive the last thirty days of logs. 2. Increase the timeout to forty-five seconds. 3. Restart the API gateway.,,dataset_system_prompt,False,0.889908256880734,0.8683406048324254,0.3333333333333333,1.116504854368932,230,29,0.8746819579973817,33.15490817530594
C28,curated-sample-50,Curated transcript cleanup sample,sample_028,,qwen3.5-2b-original-4bit,Qwen3.5 2B Original 4-bit,okay bullet list um coffee beans new line coffee filters coffee filters new line oat milk new line dish soap,"- Coffee beans
- Coffee filters
- Oat milk
- Dish soap","Okay, bullet list.

Um, coffee beans.

New line.

Coffee filters.

New line.

Oat milk.

New line.

Dish soap.",,dataset_system_prompt,False,0.5975609756097561,0.5089343074606758,1.6666666666666667,2.037037037037037,223,37,0.8130895409849472,45.505443293710975
C29,curated-sample-50,Curated transcript cleanup sample,sample_029,,qwen3.5-2b-original-4bit,Qwen3.5 2B Original 4-bit,heading meeting notes new paragraph date August thirtieth twenty twenty six new line time ten thirty a m new paragraph bullet list finalize the launch copy new line confirm the support schedule new line send the customer notice,"# Meeting Notes

Date: August 30, 2026
Time: 10:30 AM

- Finalize the launch copy.
- Confirm the support schedule.
- Send the customer notice.","# Meeting Notes

**Date:** August 30, 2026
**Time:** 10:30 AM

### Meeting Agenda

*   Finalize the launch copy
*   Confirm the support schedule
*   Send the customer notice",,dataset_system_prompt,False,0.8634920634920635,0.7189515285701499,0.4090909090909091,1.2183098591549295,243,54,0.9841300000261981,54.87079958802444
C30,curated-sample-50,Curated transcript cleanup sample,sample_030,,qwen3.5-2b-original-4bit,Qwen3.5 2B Original 4-bit,Ravi said open quote we can launch on Monday no Tuesday close quote,"Ravi said, “We can launch on Tuesday.”",Ravi said we can launch on Monday or Tuesday.,,dataset_system_prompt,False,0.8192771084337349,0.6237956789959294,0.7142857142857143,1.1842105263157894,217,11,0.654587624972919,16.804472893075364
C31,curated-sample-50,Curated transcript cleanup sample,sample_031,,qwen3.5-2b-original-4bit,Qwen3.5 2B Original 4-bit,uh upgrade the service to version two point four point one comma then check the guide at docs dot example dot com slash upgrade,"Upgrade the service to version 2.4.1, then check the guide at docs.example.com/upgrade.","Upgrade the service to version 2.4.1, then check the guide at docs.example.com/upgrade.",,dataset_system_prompt,True,1.0,1.0,0.0,1.0,227,23,0.8083347500069067,28.453558380118483
C32,curated-sample-50,Curated transcript cleanup sample,sample_032,,qwen3.5-2b-original-4bit,Qwen3.5 2B Original 4-bit,ship three boxes to twenty four lake view road apartment seven b Kathmandu,"Ship 3 boxes to 24 Lake View Road, Apartment 7B, Kathmandu.","Ship three boxes to 24 Lake View Road, Apartment 7, Kathmandu.",,dataset_system_prompt,False,0.9421487603305785,0.8234242547408347,0.18181818181818182,1.0508474576271187,218,19,0.6627653339819517,28.667763725429555
C33,curated-sample-50,Curated transcript cleanup sample,sample_033,,qwen3.5-2b-original-4bit,Qwen3.5 2B Original 4-bit,move the demo from September tenth at two p m no make that September eleventh at three thirty p m,Move the demo to September 11 at 3:30 PM.,"Move the demo from September 10th at 2 p.m. No, make that September 11th at 3:30 p.m.",,dataset_system_prompt,False,0.6190476190476191,0.5205419795777116,1.2222222222222223,2.073170731707317,224,33,0.7556668750185054,43.670036481606886
C34,curated-sample-50,Curated transcript cleanup sample,sample_034,,qwen3.5-2b-original-4bit,Qwen3.5 2B Original 4-bit,heading quarterly results new paragraph bullet list revenue increased by twelve percent new line support costs fell by eight point five percent new line cash balance is two point three million dollars,"# Quarterly Results

- Revenue increased by 12%.
- Support costs fell by 8.5%.
- Cash balance is $2.3 million.","Quarterly Results

*   Revenue increased by twelve percent.
*   Support costs fell by eight point five percent.
*   Cash balance is two point three million dollars.",,dataset_system_prompt,False,0.6861313868613139,0.5905114392131322,0.7222222222222222,1.490909090909091,235,36,0.810826166998595,44.39915911108278
C35,curated-sample-50,Curated transcript cleanup sample,sample_035,,qwen3.5-2b-original-4bit,Qwen3.5 2B Original 4-bit,okay steps colon first download the archive second unzip it into the tools folder third run setup dot sh,"Steps:

1. Download the archive.
2. Unzip it into the tools folder.
3. Run setup.sh.","Okay, steps: first download the archive, second unzip it into the tools folder, third run setup.sh.",,dataset_system_prompt,False,0.7431693989071038,0.5999569361358111,0.7692307692307693,1.1785714285714286,222,22,0.6777795839880127,32.4589298936291
C36,curated-sample-50,Curated transcript cleanup sample,sample_036,,qwen3.5-2b-original-4bit,Qwen3.5 2B Original 4-bit,the pilot went well period new paragraph um twelve people completed onboarding comma and ten activated their accounts period new paragraph the next session is Friday at nine a m full stop,"The pilot went well.

Twelve people completed onboarding, and 10 activated their accounts.

The next session is Friday at 9:00 AM.","The pilot went well. New paragraph. Twelve people completed onboarding, and ten activated their accounts. New paragraph. The next session is Friday at 9 a.m. Full stop.",,dataset_system_prompt,False,0.7986577181208054,0.8074849825419186,0.42857142857142855,1.2923076923076924,236,37,0.9505680410075001,38.92409422978703
C37,curated-sample-50,Curated transcript cleanup sample,sample_037,,qwen3.5-2b-original-4bit,Qwen3.5 2B Original 4-bit,hello Marcus comma new paragraph please send the invoice to billing at north star dot io no sorry accounts at north star dot io new paragraph kind regards comma new line Lena,"Hello Marcus,

Please send the invoice to accounts@northstar.io.

Kind regards,
Lena","Hello Marcus,

Please send the invoice to billing@northstar.io.

No, sorry. Accounts@northstar.io.

New paragraph.

Kind regards,

New line.

Lena",,dataset_system_prompt,False,0.7304347826086957,0.7644377824628034,1.0,1.7380952380952381,235,41,0.8682107079948764,47.223559468287455
C38,curated-sample-50,Curated transcript cleanup sample,sample_038,,qwen3.5-2b-original-4bit,Qwen3.5 2B Original 4-bit,bug report colon the app crashes when opening settings dot j son period attach crash log dash two zero two six zero eight three zero dot text and reference issue v o i dash nine one eight,Bug report: The app crashes when opening settings.json. Attach crash-log-20260830.txt and reference issue VOI-918.,"**Bug Report**

**Title:** The app crashes when opening settings.

**Description:**
Attach crash log: 2026030830.txt

**Reference Issue:** VOI-918",,dataset_system_prompt,False,0.7692307692307692,0.5514331174955271,0.7857142857142857,1.280701754385965,240,47,0.9608540410117712,48.91481743731795
C39,curated-sample-50,Curated transcript cleanup sample,sample_039,,qwen3.5-2b-original-4bit,Qwen3.5 2B Original 4-bit,note colon the trial period ends tomorrow comma but the word period in the heading should remain lowercase period,"Note: The trial period ends tomorrow, but the word “period” in the heading should remain lowercase.",note: the trial period ends tomorrow. comma. but the word period in the heading should remain lowercase period.,,dataset_system_prompt,False,0.8952380952380953,0.7528905957050999,0.4375,1.121212121212121,222,22,0.8189815410005394,26.862632304414184
C40,curated-sample-50,Curated transcript cleanup sample,sample_040,,qwen3.5-2b-original-4bit,Qwen3.5 2B Original 4-bit,open quote good writing is clear writing close quote new line dash Maya Chen,"“Good writing is clear writing.”
—Maya Chen","""Good writing is clear writing.""

Maya Chen",,dataset_system_prompt,False,0.9302325581395349,0.7398673165508999,0.5,1.0,217,11,0.576832375023514,19.06966473501352
C41,curated-sample-50,Curated transcript cleanup sample,sample_041,,qwen3.5-2b-original-4bit,Qwen3.5 2B Original 4-bit,recipe colon new paragraph numbered list first mix two cups of flour and one teaspoon of salt second add three hundred milliliters of water third bake for forty minutes at two hundred degrees Celsius,"Recipe:

1. Mix 2 cups of flour and 1 teaspoon of salt.
2. Add 300 milliliters of water.
3. Bake for 40 minutes at 200 degrees Celsius.","Recipe: New paragraph. Numbered list. First, mix two cups of flour and one teaspoon of salt. Second, add three hundred milliliters of water. Third, bake for forty minutes at two hundred degrees Celsius.",,dataset_system_prompt,False,0.6706231454005934,0.5620962881502211,0.76,1.4962962962962962,239,45,1.0079164589988068,44.6465573592278
C42,curated-sample-50,Curated transcript cleanup sample,sample_042,,qwen3.5-2b-original-4bit,Qwen3.5 2B Original 4-bit,travel plan colon new paragraph September fifth flight at seven fifteen a m new line September sixth workshop at nine a m new line hotel budget one hundred eighty dollars per night,"Travel Plan:

- September 5: Flight at 7:15 AM.
- September 6: Workshop at 9:00 AM.
- Hotel budget: $180 per night.","Travel Plan
New paragraph
September fifth: Flight at seven fifteen a.m.
New line
September sixth: Workshop at nine a.m.
New line
Hotel budget: One hundred eighty dollars per night",,dataset_system_prompt,False,0.6190476190476191,0.47790181971756174,0.85,1.5565217391304347,235,42,1.016724457993405,41.309127236784185
C43,curated-sample-50,Curated transcript cleanup sample,sample_043,,qwen3.5-2b-original-4bit,Qwen3.5 2B Original 4-bit,heading customer update new paragraph um three updates colon the mobile fix is live comma the desktop release is in review in review comma and support has answered all open tickets,"# Customer Update

- The mobile fix is live.
- The desktop release is in review.
- Support has answered all open tickets.","Customer Update: New Paragraph

**Three Updates:**

*   The mobile fix is live.
*   The desktop release is in review.
*   Support has answered all open tickets.",,dataset_system_prompt,False,0.8256227758007116,0.8082990346514591,0.42857142857142855,1.322314049586777,234,39,0.9211487919965293,42.33843689407666
C44,curated-sample-50,Curated transcript cleanup sample,sample_044,,qwen3.5-2b-original-4bit,Qwen3.5 2B Original 4-bit,the c c d n cache cache should expire after three hundred seconds and the key belongs in red is,"The CDN cache should expire after 300 seconds, and the key belongs in Redis.",The CCDN cache should expire after three hundred seconds and the key belongs in red.,,dataset_system_prompt,False,0.8625,0.6915175596610976,0.35714285714285715,1.105263157894737,223,17,0.65302395800245,26.032735540058425
C45,curated-sample-50,Curated transcript cleanup sample,sample_045,,qwen3.5-2b-original-4bit,Qwen3.5 2B Original 4-bit,question colon are we still planning to launch Friday question mark new paragraph answer colon yes comma assuming the final review passes period,"Question: Are we still planning to launch Friday?

Answer: Yes, assuming the final review passes.","Question: Are we still planning to launch Friday?
New paragraph: Answer: Yes, assuming the final review passes.",,dataset_system_prompt,False,0.923076923076923,0.9392244126142925,0.13333333333333333,1.1443298969072164,226,24,0.7892834170197602,30.40732832145534
C46,curated-sample-50,Curated transcript cleanup sample,sample_046,,qwen3.5-2b-original-4bit,Qwen3.5 2B Original 4-bit,hello this is Nina from Acme support comma I'm calling about ticket a c dash seven four two period please call me back at five p m period thank you,"Hello, this is Nina from Acme Support. I'm calling about ticket AC-742. Please call me back at 5:00 PM. Thank you.",Hello. This is Nina from Acme Support. I'm calling about ticket AC-742. Please call me back at 5 p.m. Thank you.,,dataset_system_prompt,False,0.9469026548672567,0.8547206059562258,0.19047619047619047,0.9824561403508771,235,34,0.8270406250085216,41.110435173181095
C47,curated-sample-50,Curated transcript cleanup sample,sample_047,,qwen3.5-2b-original-4bit,Qwen3.5 2B Original 4-bit,heading launch checklist new paragraph bullet list open quote release approved close quote from Maya new line deploy version three point two new line email status at acme dot com after launch,"# Launch Checklist

- “Release approved,” from Maya.
- Deploy version 3.2.
- Email status@acme.com after launch.","# Launch Checklist

*   [ ] New paragraph: [ ] Open quote: [ ] Release: [ ] Approved: [ ] Close quote: [ ] From: Maya [ ] New line: [ ] Deploy: [ ] Version: 3.2 [ ] New line: [ ] Email: [ ] Status: @acme.com [ ] After launch: [ ]

*   [ ] New paragraph: [ ] Open quote: [ ] Release: [ ] Approved: [",Generation did not stop at EOS within the token budget.,dataset_system_prompt,False,,,,,236,97,1.448764625005424,66.95359503248282
C48,curated-sample-50,Curated transcript cleanup sample,sample_048,,qwen3.5-2b-original-4bit,Qwen3.5 2B Original 4-bit,dear team comma uh the launch is complete period the launch is complete and all systems are healthy period please report issues at status dot example dot com slash support period best comma Arjun,"Dear Team,

The launch is complete, and all systems are healthy.

Please report issues at status.example.com/support.

Best,
Arjun","Dear Team, comma uh the launch is complete. Period. The launch is complete, and all systems are healthy. Period. Please report issues at status.example.com/support. Best, Arjun",,dataset_system_prompt,False,0.803921568627451,0.8966181844204555,0.5882352941176471,1.353846153846154,239,38,0.9055285420035943,41.96444202180561
C49,curated-sample-50,Curated transcript cleanup sample,sample_049,,qwen3.5-2b-original-4bit,Qwen3.5 2B Original 4-bit,"The migration completed successfully, and no customer action is required.","The migration completed successfully, and no customer action is required.",Migration completed successfully. No customer action is required.,,dataset_system_prompt,False,0.8985507246376812,0.7557075456030347,0.5,0.8904109589041096,215,10,0.6334482090023812,15.78661026723719
C50,curated-sample-50,Curated transcript cleanup sample,sample_050,,qwen3.5-2b-original-4bit,Qwen3.5 2B Original 4-bit,Could you send the revised proposal before Friday afternoon?,Could you send the revised proposal before Friday afternoon?,Could you send the revised proposal before Friday afternoon?,,dataset_system_prompt,True,1.0,1.0,0.0,1.0,213,10,0.6524826250097249,15.326078606079289
V01,voiceink-validation,VoiceInk validation sample,59,59,voiceink-refine-v1,VoiceInk Refine V1,mina where should i return the folding chairs the parish hall or the sports pavilion question mark and who has the storage key i can go tomorrow,"Mina, where should I return the folding chairs, the parish hall or the sports pavilion? And who has the storage key? I can go tomorrow.","Where should I return the folding chairs: the parish hall or the sports pavilion?

Who has the storage key? I can go tomorrow.",,native_prompt,False,0.9272030651340997,0.8430541711685214,0.2,0.9333333333333333,102,29,0.8609752500196919,33.68273362020189
V02,voiceink-validation,VoiceInk validation sample,67,67,voiceink-refine-v1,VoiceInk Refine V1,message to dev colon the freezer door looks shut but it isnt sealing comma so push it until you hear two clicks not one full stop,"Message to Dev: The freezer door looks shut, but it isn’t sealing, so push it until you hear 2 clicks, not one.",Message to Dev: The freezer door looks shut but it isn’t sealing. Push it until you hear two clicks.,,native_prompt,False,0.9004739336492891,0.7411206199712281,0.36363636363636365,0.9009009009009009,100,23,0.5072074579948094,45.34633637077824
V03,voiceink-validation,VoiceInk validation sample,113,113,voiceink-refine-v1,VoiceInk Refine V1,dear ken we heard about your new house period may we visit next sunday around tea time question mark warm wishes comma lou and fay,"Dear Ken,

We heard about your new house. May we visit next Sunday around teatime?

Warm wishes,
Lou and Fay","Dear Ken,

We heard about your new house. May we visit next Sunday around tea time?

Warm wishes,
Lou and Fay",,native_prompt,False,0.9953917050691244,0.9819977433574129,0.10526315789473684,1.0092592592592593,100,28,0.5580674590019044,50.173145823764024
V04,voiceink-validation,VoiceInk validation sample,213,213,voiceink-refine-v1,VoiceInk Refine V1,can the taxi take four passengers plus a folding wheelchair and two medium cases or should we request a larger car question mark for the airport run,"Can the taxi take 4 passengers, a folding wheelchair, and 2 medium cases, or should we request a larger car for the airport run?","Can the taxi take 4 passengers plus a folding wheelchair and 2 medium cases, or should we request a larger car?",,native_prompt,False,0.8870292887029287,0.78215466332612,0.3333333333333333,0.8671875,101,25,0.5214866249880288,47.939868065789604
V05,voiceink-validation,VoiceInk validation sample,426,426,voiceink-refine-v1,VoiceInk Refine V1,before the guests arrive saturday morning comma separate the white laundry wash the towels at sixty and hang the linen shirts instead of machine drying them,"Before the guests arrive Saturday morning, separate the white laundry, wash the towels at 60 degrees, and hang the linen shirts instead of machine-drying them.","Before the guests arrive Saturday morning, separate the white laundry. Wash the towels at 60 and hang the linen shirts instead of machine drying them.",,native_prompt,False,0.9514563106796117,0.8478916750537796,0.2,0.9433962264150944,101,30,0.558363415999338,53.72844842692123
V06,voiceink-validation,VoiceInk validation sample,465,465,voiceink-refine-v1,VoiceInk Refine V1,dear neighbors please collect your post from the lower lobby shelf by friday evening period anything remaining there will move to reception before mondays delivery,"Dear Neighbors,

Please collect your post from the lower lobby shelf by Friday evening. Anything remaining there will move to Reception before Monday’s delivery.","Dear neighbors, please collect your post from the lower lobby shelf by Friday evening. Anything remaining there will be moved to reception before Monday.",,native_prompt,False,0.9235668789808917,0.7895649372815668,0.2916666666666667,0.9503105590062112,101,27,0.5381960829836316,50.16758919968052
V07,voiceink-validation,VoiceInk validation sample,582,582,voiceink-refine-v1,VoiceInk Refine V1,support closed the incident at eleven forty p m utc service had been stable since ten oh five and monitoring continued overnight with the incident commander remaining on call,"Support closed the incident at 11:40 PM UTC. Service had been stable since 10:05, and monitoring continued overnight. The Incident Commander remained on call.",Support closed the incident at 11:40 PM UTC. Service had been stable since 10:05 and monitoring continued overnight with the incident commander remaining on call.,,native_prompt,False,0.94375,0.829439455024106,0.2916666666666667,1.0253164556962024,103,37,0.6357486659835558,58.19909970673385
V08,voiceink-validation,VoiceInk validation sample,650,650,voiceink-refine-v1,VoiceInk Refine V1,the sales manager approved the five percent discount but not the free implementation package shown in the latest quote despite a separate verbal concession request,"The Sales manager approved the 5% discount, but not the free implementation package shown in the latest quote. A separate verbal concession request remains unapproved.",The sales manager approved the 5% discount but not the free implementation package shown in the latest quote despite a separate verbal concession request.,,native_prompt,False,0.897196261682243,0.7965834384754286,0.32,0.9221556886227545,99,27,0.5570870419905987,48.46639387540385
V09,voiceink-validation,VoiceInk validation sample,948,948,voiceink-refine-v1,VoiceInk Refine V1,why did the nightly pipe line finish green even though the schema validation step logged seventeen errors is continue on error set somewhere question mark,Why did the nightly pipeline finish green even though the schema validation step logged 17 errors? Is continue-on-error set somewhere?,Why did the nightly pipeline finish green even though the schema validation step logged 17 errors? Is it continuing on error set somewhere?,,native_prompt,False,0.9597069597069597,0.9102733323937643,0.2,1.037313432835821,99,27,0.5432181250071153,49.703790718776816
V10,voiceink-validation,VoiceInk validation sample,1001,1001,voiceink-refine-v1,VoiceInk Refine V1,please shorten the permission dialog it currently says in order to continue we need to be able to access your microphone period keep the reason visible though,"Please shorten the permission dialog. It currently says, “In order to continue, we need to be able to access your microphone.” Keep the reason visible, though.","Please shorten the permission dialog. It currently says, “In order to continue, we need to be able to access your microphone.” Keep the reason visible though.",,native_prompt,False,0.9968454258675079,0.9702417375826454,0.038461538461538464,0.9937106918238994,101,32,0.6278143340023234,50.9704832573663
V11,voiceink-validation,VoiceInk validation sample,1107,1107,voiceink-refine-v1,VoiceInk Refine V1,the search index skipped records with emoji in the title reprocessing succeeds after unicode normalization form c is applied period existing records need back filling,The search index skipped records with emoji in the title. Reprocessing succeeds after Unicode Normalization Form C is applied. Existing records need backfilling.,The search index skipped records with emoji in the title. Reprocessing succeeds after Unicode normalization from C is applied. Existing records need backfilling.,,native_prompt,False,0.9813664596273292,0.9274900124776114,0.08695652173913043,1.0,100,29,0.5584587079938501,51.928637847150114
V12,voiceink-validation,VoiceInk validation sample,1111,1111,voiceink-refine-v1,VoiceInk Refine V1,paragraph break the tablet layout is usable in portrait period in landscape the sticky footer overlaps the final form field by twenty four pixels period rotation does not recalculate it,"The tablet layout is usable in portrait. In landscape, the sticky footer overlaps the final form field by 24 pixels. Rotation does not recalculate it.","The tablet layout is usable in portrait. In landscape, the sticky footer overlaps the final form field by 24 pixels. Rotation does not recalculate it.",,native_prompt,True,1.0,1.0,0.0,1.0,105,32,0.575307499995688,55.6224280063094
V13,voiceink-validation,VoiceInk validation sample,1211,1211,voiceink-refine-v1,VoiceInk Refine V1,can you check whether the variance calculation uses n or n minus one results differ from the published table by point zero three before correcting the published appendix,Can you check whether the variance calculation uses n or n−1? Results differ from the published table by 0.03. Check this before correcting the published appendix.,Can you check whether the variance calculation uses n or n minus 1? Results differ from the published table by 0.03 before correcting the published appendix.,,native_prompt,False,0.9375,0.8763508234780217,0.23076923076923078,0.9631901840490797,102,33,0.5779031660058536,57.10299223324508
V14,voiceink-validation,VoiceInk validation sample,1257,1257,voiceink-refine-v1,VoiceInk Refine V1,during the quarterly structural survey inspection at pier two found minor scaling above the water line comma no exposed reinforcement and no measurable change since march,"During the quarterly structural survey, inspection at Pier 2 found minor scaling above the waterline, no exposed reinforcement, and no measurable change since March.","During the quarterly structural survey inspection at Pier 2, minor scaling was found above the waterline, no exposed reinforcement, and no measurable change since March.",,native_prompt,False,0.9461077844311377,0.9135450915258082,0.20833333333333334,1.0242424242424242,100,31,0.5520491250208579,56.15442284928671
V15,voiceink-validation,VoiceInk validation sample,1368,1368,voiceink-refine-v1,VoiceInk Refine V1,thirty minute discharge test reading colon battery bank voltage was twenty five point six at rest comma then dropped to twenty two point nine under inverter load,"30-minute discharge-test reading: Battery-bank voltage was 25.6 at rest, then dropped to 22.9 under inverter load.","30-minute discharge test:
Battery bank voltage was 25.6V at rest, then dropped to 22.9V under inverter load.",,native_prompt,False,0.927927927927928,0.7448379819976158,0.3125,0.9473684210526315,103,34,0.5688283329945989,59.77198748347656
V16,voiceink-validation,VoiceInk validation sample,1396,1396,voiceink-refine-v1,VoiceInk Refine V1,dear nina before the accessibility review meeting note that the attached screen reader transcript timestamps correspond to build one eighty four not the latest beta,"Dear Nina,

Before the accessibility-review meeting, note that the attached screen-reader transcript timestamps correspond to Build 184, not the latest beta.","Dear Nina,

Before the accessibility review meeting, note that the attached screen reader transcript timestamps correspond to build 184, not the latest beta.",,native_prompt,False,0.9808917197452228,0.8934070470681518,0.23809523809523808,1.0,101,31,0.5575566670158878,55.59972973853193
V17,voiceink-validation,VoiceInk validation sample,1605,1605,voiceink-refine-v1,VoiceInk Refine V1,dear garden club saturdays seed swap moves indoors to room four because rain is likely period label packets with variety and harvest year cheers comma monica,"Dear Garden Club,

Saturday’s seed swap moves indoors to Room 4 because rain is likely. Label packets with the variety and harvest year.

Cheers,
Monica","Dear Garden Club, Saturdays seed swap moves indoors to Room 4 because rain is likely.

Label packets with variety and harvest year.

Cheers,
Monica",,native_prompt,False,0.9632107023411371,0.9246787582623088,0.08333333333333333,0.9671052631578947,103,33,0.5789934999775141,56.99545850045224
V18,voiceink-validation,VoiceInk validation sample,1616,1616,voiceink-refine-v1,VoiceInk Refine V1,event recap colon one hundred eighty four attendees checked in and seventeen walk ins paid at the door period the west room session filled first but but no one was turned away,"Event recap: 184 attendees checked in, and 17 walk-ins paid at the door. The West Room session filled first, but no one was turned away.",Event recap: 184 attendees checked in and 17 walked-ins paid at the door. The west room session filled first but no one was turned away.,,native_prompt,False,0.9705882352941176,0.8326424988244031,0.2,1.0,106,34,0.5893649170175195,57.68921599890432
V19,voiceink-validation,VoiceInk validation sample,1711,1711,voiceink-refine-v1,VoiceInk Refine V1,our pickup window was one to three and and no driver came can you reschedule for tomorrow morning without creating a second charge question mark there are seven boxes,"Our pickup window was 1:00 to 3:00, and no driver came. Can you reschedule for tomorrow morning without creating a second charge? There are 7 boxes.",Our pickup window was 1 to 3 and no driver came. Can you reschedule for tomorrow morning without creating a second charge? There are 7 boxes.,,native_prompt,False,0.9757785467128027,0.9035723519289056,0.07692307692307693,0.9527027027027027,104,33,0.5678384999919217,58.11511547820282
V20,voiceink-validation,VoiceInk validation sample,1826,1826,voiceink-refine-v1,VoiceInk Refine V1,lock report colon rear office lever sticks when pulled upward latch works from inside but but key rotation outside stops halfway do not force it,"Lock report: The rear-office lever sticks when pulled upward. The latch works from inside, but key rotation outside stops halfway. Do not force it.","Lock report: rear office lever sticks. When pulled upward, the latch works from inside. But key rotation outside stops halfway. Do not force it.",,native_prompt,False,0.9415807560137456,0.8008265872916018,0.3333333333333333,0.9795918367346939,99,30,0.5501563750149217,54.52995068754102
V21,voiceink-validation,VoiceInk validation sample,57,57,voiceink-refine-v1,VoiceInk Refine V1,please ask the bus station whether the midnight coach has under floor luggage storage and um whether bicycles need a separate reservation question mark for next friday night,Please ask the bus station whether the midnight coach has underfloor luggage storage and whether bicycles need a separate reservation for next Friday night.,Please ask the bus station whether the midnight coach has under-floor luggage storage and whether bicycles need a separate reservation for next Friday night.,,native_prompt,False,0.9968051118210862,0.9689607622064027,0.041666666666666664,1.0064102564102564,102,26,0.539013374975184,48.23627985334693
V22,voiceink-validation,VoiceInk validation sample,550,550,voiceink-refine-v1,VoiceInk Refine V1,ask operations why the overnight shipment went to phoenix instead of tucson comma include tracking number nine three six zero zero one and request a corrected delivery estimate,"Ask Operations why the overnight shipment went to Phoenix instead of Tucson, include tracking number 936001, and request a corrected delivery estimate.",Ask operations why the overnight shipment went to Phoenix instead of Tucson. Include tracking number 936001 and request a corrected delivery estimate.,,native_prompt,False,0.9767441860465115,0.8811646928713389,0.18181818181818182,0.9933774834437086,103,30,0.5540289169875905,54.14879815862023
V23,voiceink-validation,VoiceInk validation sample,629,629,voiceink-refine-v1,VoiceInk Refine V1,the budget deck accidentally labels fiscal year twenty twenty six as calendar year twenty twenty six period the underlying numbers are fiscal and the footnote uses the same incorrect label,The budget deck accidentally labels fiscal year 2026 as calendar year 2026. The underlying numbers are fiscal-year figures. The footnote uses the same incorrect label.,"The budget deck accidentally labels fiscal year 2026 as calendar year 2026. The underlying numbers are fiscal, and the footnote uses the same incorrect label.",,native_prompt,False,0.9415384615384617,0.8803745271713368,0.12,0.9461077844311377,104,36,0.6052007499965839,59.484394228201474
V24,voiceink-validation,VoiceInk validation sample,652,652,voiceink-refine-v1,VoiceInk Refine V1,the monday notes should say decision deferred pending tax advice comma not decision denied and the follow up owner is casey from treasury before circulating the revised record,"The Monday notes should say, “Decision deferred pending tax advice,” not “Decision denied,” and the follow-up owner is Casey from Treasury. Circulate the revised record afterward.","The Monday notes should say “Decision deferred pending tax advice,” not “Decision denied,” and the follow-up owner is Casey from Treasury before circulating the revised record.",,native_prompt,False,0.9295774647887324,0.8559841212513645,0.23076923076923078,0.9832402234636871,103,32,0.5845950420189183,54.73874682461716
V25,voiceink-validation,VoiceInk validation sample,658,658,voiceink-refine-v1,VoiceInk Refine V1,the service report lists priority one downtime as forty eight minutes the incident timeline supports only thirty eight because monitoring recovered earlier and customer success disputes the longer figure,The service report lists Priority 1 downtime as 48 minutes. The incident timeline supports only 38 minutes because monitoring recovered earlier. Customer Success disputes the longer figure.,The service report lists priority 1 downtime as 48 minutes. The incident timeline supports only 38 because monitoring recovered earlier. Customer success disputes the longer figure.,,native_prompt,False,0.9675675675675676,0.892408407184749,0.1111111111111111,0.9576719576719577,103,34,0.5911435839952901,57.51563735194137
V26,voiceink-validation,VoiceInk validation sample,669,669,voiceink-refine-v1,VoiceInk Refine V1,the investigation scope covers expense approvals from january through april it does not include vendor selection or contract negotiation unless new evidence expands the review,The investigation scope covers expense approvals from January through April. It does not include vendor selection or contract negotiation. New evidence could expand the review.,The investigation scope covers expense approvals from January through April. It does not include vendor selection or contract negotiation unless new evidence expands the review.,,native_prompt,False,0.9518413597733713,0.8836023501462565,0.2,1.0056818181818181,100,27,0.5430845000082627,49.71602025023585
V27,voiceink-validation,VoiceInk validation sample,704,704,voiceink-refine-v1,VoiceInk Refine V1,following the latest litigation update the controller approved a two hundred fifty thousand reserve comma subject to receiving counsels final estimate before close by noon tomorrow,"Following the latest litigation update, the Controller approved a $250,000 reserve, subject to receiving counsel’s final estimate before close. Counsel’s estimate is due by noon tomorrow.","Following the latest litigation update, the controller approved a $250,000 reserve, subject to receiving counsel's final estimate before close by noon tomorrow.",,native_prompt,False,0.9106628242074928,0.8048897371736682,0.2692307692307692,0.8556149732620321,102,33,0.5842688749835361,56.480845400039314
V28,voiceink-validation,VoiceInk validation sample,811,811,voiceink-refine-v1,VoiceInk Refine V1,would you send the customer the maintenance window in both eastern and greenwich mean time comma make clear that service may be intermittent before the maintenance notice is translated,"Would you send the customer the maintenance window in both Eastern Time and Greenwich Mean Time, and make clear that service may be intermittent? The maintenance notice will be translated afterward.","Would you send the customer the maintenance window in both Eastern and Greenwich Mean Time, make clear that service may be intermittent before the maintenance notice is translated.",,native_prompt,False,0.9047619047619048,0.7935074179501254,0.2903225806451613,0.9090909090909091,104,30,0.5376639589958359,55.796933192303385
V29,voiceink-validation,VoiceInk validation sample,813,813,voiceink-refine-v1,VoiceInk Refine V1,who owns the response to the accessibility questionnaire question mark product answered the first section but legal and security sections remain blank before friday afternoons submission deadline,"Who owns the response to the accessibility questionnaire? Product answered the first section, but the Legal and Security sections remain blank. Friday afternoon’s submission deadline is approaching.",Who owns the response to the accessibility questionnaire? Product answered the first section but legal and security sections remain blank before Friday afternoon's submission deadline.,,native_prompt,False,0.9109947643979058,0.7752560799722548,0.37037037037037035,0.9292929292929293,103,28,0.5410162080079317,51.754456863868114
V30,voiceink-validation,VoiceInk validation sample,817,817,voiceink-refine-v1,VoiceInk Refine V1,please route the exception request to ethics and compliance comma not employee relations and attach the original disclosure from february because the reporting path was incorrect,"Please route the exception request to Ethics and Compliance, not Employee Relations, and attach the original disclosure from February. The reporting path was incorrect.","Please route the exception request to ethics and compliance, not employee relations, and attach the original disclosure from February because the reporting path was incorrect.",,native_prompt,False,0.9446064139941691,0.8235938065679507,0.2916666666666667,1.0416666666666667,101,28,0.5354227090138011,52.29512967721037
V31,voiceink-validation,VoiceInk validation sample,840,840,voiceink-refine-v1,VoiceInk Refine V1,can we use the clients logo in the investor presentation question mark the marketing consent covers our website but does not mention fundraising materials before marketing finalizes the presentation,Can we use the client’s logo in the investor presentation? The marketing consent covers our website but does not mention fundraising materials. Marketing has not finalized the presentation.,"Can we use the client's logo in the investor presentation?

The marketing consent covers our website but does not mention fundraising materials before marketing finalizes the presentation.",,native_prompt,False,0.9336870026525199,0.8530887555266247,0.21428571428571427,0.9947089947089947,104,32,0.5792748329986352,55.241481550909
V32,voiceink-validation,VoiceInk validation sample,856,856,voiceink-refine-v1,VoiceInk Refine V1,could you request wheelchair access for the site tour comma including the production floor and emergency assembly area not only the lobby because the full group will participate,"Could you request wheelchair access for the site tour, including the production floor and emergency-assembly area, not only the lobby? The full group will participate.","Could you request wheelchair access for the site tour, including the production floor and emergency assembly area? Not only the lobby because the full group will participate.",,native_prompt,False,0.9501466275659824,0.8746480834149735,0.28,1.0419161676646707,102,30,0.5573613749875221,53.82504304441911
V33,voiceink-validation,VoiceInk validation sample,902,902,voiceink-refine-v1,VoiceInk Refine V1,for all three finalists this week ask procurement for the evaluation rubric before vendor presentations we should not change weighting after seeing demonstrations before scoring begins,"For all 3 finalists this week, ask Procurement for the evaluation rubric before vendor presentations. We should not change weighting after seeing demonstrations. Finalize the rubric before scoring begins.","For all three finalists this week, ask procurement for the evaluation rubric before vendor presentations. We should not change weighting after seeing demonstrations before scoring begins.",,native_prompt,False,0.9258312020460358,0.842586499297147,0.20689655172413793,0.9166666666666666,101,30,0.5536674580071121,54.18414892575217
V34,voiceink-validation,VoiceInk validation sample,926,926,voiceink-refine-v1,VoiceInk Refine V1,before approving reimbursement can you change coding from client entertainment to employee meal question mark all attendees were internal and no customer joined in the expense system,"Before approving reimbursement, can you change coding from Client Entertainment to Employee Meal? All attendees were internal, and no customer joined. Make the change in the expense system.","Before approving reimbursement, can you change coding from client entertainment to employee meal? All attendees were internal and no customer joined in the expense system.",,native_prompt,False,0.9277777777777778,0.7736977242788923,0.32142857142857145,0.9047619047619048,101,28,0.5306527090142481,52.76520693169249
V35,voiceink-validation,VoiceInk validation sample,1083,1083,voiceink-refine-v1,VoiceInk Refine V1,inspection item bullet point north anchor secure bullet point south anchor needs re torque bullet point conduit label missing near junction box four new line photos saved in folder seven,"Inspection items:
- North anchor secure
- South anchor needs retorquing
- Conduit label missing near Junction Box 4

Photos are saved in Folder 7.","- North anchor secure
- South anchor needs re-torque
- Conduit label missing near junction box 4
- Photos saved in folder 7",,native_prompt,False,0.862453531598513,0.6398568819525468,0.4090909090909091,0.8424657534246576,104,31,0.5466987079998944,56.70399352764885
V36,voiceink-validation,VoiceInk validation sample,1100,1100,voiceink-refine-v1,VoiceInk Refine V1,sample c twelve was thawed for approximately eighteen minutes comma returned to minus eighty and flagged for sensitivity analysis period no visible leakage occurred afterward,"Sample C12 was thawed for approximately 18 minutes, returned to −80°C, and flagged for sensitivity analysis. No visible leakage occurred afterward.","Sample C-12 was thawed for approximately 18 minutes, returned to -80°C, and flagged for sensitivity analysis. No visible leakage occurred afterward.",,native_prompt,False,0.9898305084745763,0.9315904583265516,0.09523809523809523,1.0068027210884354,100,34,0.5861203340173233,58.00856586387446
V37,voiceink-validation,VoiceInk validation sample,1177,1177,voiceink-refine-v1,VoiceInk Refine V1,for our final storage comparison write this technical question to the vendor colon what is the maximum sustained write rate with encryption enabled and raid six active question mark,"For our final storage comparison, write this technical question to the vendor: What is the maximum sustained write rate with encryption enabled and RAID 6 active?","For our final storage comparison, write this technical question to the vendor: What is the maximum sustained write rate with encryption enabled and RAID 6 active?",,native_prompt,True,1.0,1.0,0.0,1.0,103,30,0.5523187919752672,54.316457154590886
V38,voiceink-validation,VoiceInk validation sample,1209,1209,voiceink-refine-v1,VoiceInk Refine V1,for the production system prompt please turn the model instructions into a numbered priority list colon safety constraints first output schema second and style preferences third,"For the production system prompt, please turn the model instructions into a numbered priority list:
1. Safety constraints
2. Output schema
3. Style preferences","For the production system prompt, please turn the model instructions into a numbered priority list:
1. Safety constraints
2. Output schema
3. Style preferences",,native_prompt,True,1.0,1.0,0.0,1.0,100,32,0.5774773329903837,55.41343040131563
V39,voiceink-validation,VoiceInk validation sample,1412,1412,voiceink-refine-v1,VoiceInk Refine V1,class reminder colon the ecology quiz is next monday not this friday and chapters six through eight are included new line bring a pencil your field notebook and the calculator you used in lab,"Class reminder: The ecology quiz is next Monday, not this Friday, and Chapters 6 through 8 are included.
Bring a pencil, your field notebook, and the calculator you used in lab.","Class reminder: The ecology quiz is next Monday. Not this Friday.

Chapters 6 through 8 are included.

Bring a pencil, your field notebook, and the calculator you used in lab.",,native_prompt,False,0.9602272727272727,0.9133104677728638,0.2,0.9887005649717514,108,42,0.6802337910048664,61.743477838635535
V40,voiceink-validation,VoiceInk validation sample,1434,1434,voiceink-refine-v1,VoiceInk Refine V1,can you ask the pool manager whether lane four will be open for lap swimming from six to seven tomorrow comma or is the regional team still using all the deep lanes question mark,"Can you ask the pool manager whether Lane 4 will be open for lap swimming from 6:00 to 7:00 tomorrow, or is the regional team still using all the deep lanes?","Can you ask the pool manager whether Lane 4 will be open for lap swimming from 6 to 7 tomorrow, or is the regional team still using all the deep lanes?",,native_prompt,False,0.9805194805194806,0.9200502882704704,0.06451612903225806,0.9617834394904459,108,36,0.6085967920080293,59.152464279708276
V41,voiceink-validation,VoiceInk validation sample,1465,1465,voiceink-refine-v1,VoiceInk Refine V1,dispatch this is unit forty six we have smoke showing from a detached garage at eight twelve birch lane no visible flames yet send one additional engine and advise police the driveway is blocked,"Dispatch, this is Unit 46. We have smoke showing from a detached garage at 812 Birch Lane. No visible flames yet. Send 1 additional engine, and advise police that the driveway is blocked.",Dispatch this is Unit 46. We have smoke showing from a detached garage at 812 Birch Lane. No visible flames yet. Send one additional engine and advise police. The driveway is blocked.,,native_prompt,False,0.9621621621621621,0.8702389995089702,0.18181818181818182,0.9786096256684492,109,42,0.6775976249773521,61.98368833037719
V42,voiceink-validation,VoiceInk validation sample,1469,1469,voiceink-refine-v1,VoiceInk Refine V1,radio check colon team bravo can hear command clearly but but command is not receiving bravo on channel three should we switch to channel five or return to the staging area question mark,"Radio check: Team Bravo can hear Command clearly, but Command is not receiving Bravo on Channel 3. Should we switch to Channel 5 or return to the staging area?","Radio check. Command, Bravo. Can you hear command? Command is not receiving. Bravo on channel 3. Should we switch to channel 5 or return to the staging area?",,native_prompt,False,0.8734177215189873,0.7005997450333341,0.3793103448275862,0.9874213836477987,107,37,0.6134671669860836,60.31292625125827
V43,voiceink-validation,VoiceInk validation sample,1479,1479,voiceink-refine-v1,VoiceInk Refine V1,the boarding reservation is for two rabbits from october six through october tenth can they share the larger enclosure and do we need to bring their usual pellets question mark,"The boarding reservation is for 2 rabbits from October 6 through October 10. Can they share the larger enclosure, and do we need to bring their usual pellets?",The boarding reservation is for 2 rabbits from October 6 through October 10. Can they share the larger enclosure and do we need to bring their usual pellets?,,native_prompt,False,0.9968253968253968,0.9697944723038937,0.03571428571428571,0.9936708860759493,106,34,0.6093171249958687,55.80017138075765
V44,voiceink-validation,VoiceInk validation sample,1510,1510,voiceink-refine-v1,VoiceInk Refine V1,can you transcribe the handwritten caption exactly comma including the crossed out surname but mark uncertain letters with square brackets question mark dont modernize the spelling,"Can you transcribe the handwritten caption exactly, including the crossed-out surname, but mark uncertain letters with square brackets? Don’t modernize the spelling.","Can you transcribe the handwritten caption exactly, including the crossed out surname but mark uncertain letters with square brackets? Don't modernize the spelling.",,native_prompt,False,0.9848024316109423,0.9015591331287027,0.18181818181818182,0.9939393939393939,102,29,0.6551574580080342,44.26416832401284
V45,voiceink-validation,VoiceInk validation sample,1544,1544,voiceink-refine-v1,VoiceInk Refine V1,could you categorize the bike lock under transportation comma not recreation and split the ninety dollar hardware store purchase into sixty five home repair and twenty five garden question mark,"Could you categorize the bike lock under Transportation, not Recreation, and split the $90 hardware-store purchase into $65 for Home Repair and $25 for Garden?","Could you categorize the bike lock under transportation, not recreation, and split the $90 hardware store purchase into $65 home repair and $25 garden?",,native_prompt,False,0.9354838709677421,0.7721997114666039,0.36,0.949685534591195,105,34,0.7018720829801168,48.441875413590395
V46,voiceink-validation,VoiceInk validation sample,1545,1545,voiceink-refine-v1,VoiceInk Refine V1,dear loan officer ive attached pay stubs for may and june but the april file is missing from my employers portal period is a bank statement acceptable instead question mark sincerely comma remy,"Dear Loan Officer,

I’ve attached pay stubs for May and June, but the April file is missing from my employer’s portal. Is a bank statement acceptable instead?

Sincerely,
Remy","Dear Loan Officer,

I have attached the pay stubs for May and June. However, the April file is missing from my employer's portal. A bank statement is acceptable instead.

Sincerely,
Remy",,native_prompt,False,0.9085872576177284,0.7730734558982861,0.35714285714285715,1.062857142857143,111,44,0.7012854999920819,62.74192180003265
V47,voiceink-validation,VoiceInk validation sample,1621,1621,voiceink-refine-v1,VoiceInk Refine V1,could you explain why the estimate lists three point five labor hours for the alternator the phone quote said two hours and and did not mention a diagnostic fee question mark,Could you explain why the estimate lists 3.5 labor hours for the alternator? The phone quote said 2 hours and did not mention a diagnostic fee.,Could you explain why the estimate lists 3.5 labor hours for the alternator? The phone quote said 2 hours and did not mention a diagnostic fee.,,native_prompt,True,1.0,1.0,0.0,1.0,106,33,0.5919808329781517,55.745048085396256
V48,voiceink-validation,VoiceInk validation sample,1639,1639,voiceink-refine-v1,VoiceInk Refine V1,the accessible shuttle was booked for eight forty five but arrived at nine thirty passenger missed appointment r six one four can you document the delay and reschedule the ride question mark,The accessible shuttle was booked for 8:45 but arrived at 9:30. The passenger missed Appointment R614. Can you document the delay and reschedule the ride?,The accessible shuttle was booked for 8:45 but arrived at 9:30. Passenger missed appointment R614. Can you document the delay and reschedule the ride?,,native_prompt,False,0.9736842105263157,0.9091891700283302,0.12,0.974025974025974,107,39,0.693281540996395,56.254202216243335
V49,voiceink-validation,VoiceInk validation sample,1673,1673,voiceink-refine-v1,VoiceInk Refine V1,application checklist bullet point two passport photos next item proof of address next item signed declaration page next item fee receipt new line bring originals and one copy of each,"Application checklist:
- 2 passport photos
- Proof of address
- Signed declaration page
- Fee receipt

Bring the originals and 1 copy of each.","Application checklist:
- 2 passport photos
- Proof of address
- Signed declaration page
- Fee receipt

Bring originals and 1 copy of each.",,native_prompt,False,0.9857142857142859,0.9551106633955934,0.047619047619047616,0.971830985915493,104,33,0.5742239160172176,57.46887073057843
V50,voiceink-validation,VoiceInk validation sample,1691,1691,voiceink-refine-v1,VoiceInk Refine V1,dear costume rental the return sheet lists four hats but we received three period could you check the packing photo before charging the missing item fee question mark regards comma tessa,"Dear Costume Rental,

The return sheet lists 4 hats, but we received 3. Could you check the packing photo before charging the missing-item fee?

Regards,
Tessa","Dear Costume Rental,

The return sheet lists 4 hats, but we received 3. Could you check the packing photo before charging the missing item fee?

Regards,
Tessa",,native_prompt,False,0.9937106918238993,0.9668563677762352,0.08,1.0,107,38,0.6354466659831814,59.800455387086345
C01,curated-sample-50,Curated transcript cleanup sample,sample_001,,voiceink-refine-v1,VoiceInk Refine V1,the deployment finished successfully all services are healthy and no customer action is required,"The deployment finished successfully. All services are healthy, and no customer action is required.",The deployment finished successfully. All services are healthy and no customer action is required.,,native_prompt,False,0.9949238578680203,0.9498373428969487,0.07142857142857142,0.98989898989899,269,16,0.6602462920127437,24.233381078482722
C02,curated-sample-50,Curated transcript cleanup sample,sample_002,,voiceink-refine-v1,VoiceInk Refine V1,Can we move the review to Friday. because Maya is unavailable Thursday?,Can we move the review to Friday because Maya is unavailable Thursday?,Can we move the review to Friday? Because Maya is unavailable Thursday.,,native_prompt,False,0.9645390070921985,0.9017020995662581,0.25,1.0142857142857142,269,14,0.5752000840147957,24.339356667479002
C03,curated-sample-50,Curated transcript cleanup sample,sample_003,,voiceink-refine-v1,VoiceInk Refine V1,uh please send the revised contract to Priya this afternoon,Please send the revised contract to Priya this afternoon.,Please send the revised contract to Priya this afternoon.,,native_prompt,True,1.0,1.0,0.0,1.0,266,11,0.5527794169902336,19.89943847745392
C04,curated-sample-50,Curated transcript cleanup sample,sample_004,,voiceink-refine-v1,VoiceInk Refine V1,I mean the main issue is basically that the export takes too long,The main issue is that the export takes too long.,The main issue is that the export takes too long.,,native_prompt,True,1.0,1.0,0.0,1.0,268,11,0.566649000014877,19.4123699145524
C05,curated-sample-50,Curated transcript cleanup sample,sample_005,,voiceink-refine-v1,VoiceInk Refine V1,the important thing the important thing is that we keep the existing backup,The important thing is that we keep the existing backup.,The important thing is that we keep the existing backup.,,native_prompt,True,1.0,1.0,0.0,1.0,268,11,0.57010874999105,19.29456441454843
C06,curated-sample-50,Curated transcript cleanup sample,sample_006,,voiceink-refine-v1,VoiceInk Refine V1,p please confirm that the customer received the refund,Please confirm that the customer received the refund.,Please confirm that the customer received the refund.,,native_prompt,True,1.0,1.0,0.0,1.0,264,9,0.5708631669986062,15.76559939454278
C07,curated-sample-50,Curated transcript cleanup sample,sample_007,,voiceink-refine-v1,VoiceInk Refine V1,I wanted to ask whether actually please cancel tomorrow's check-in,Please cancel tomorrow's check-in.,I wanted to ask whether actually please cancel tomorrow's check-in.,,native_prompt,False,0.6534653465346536,0.7619596767066494,1.75,1.9705882352941178,267,13,0.5663592919881921,22.953627112506233
C08,curated-sample-50,Curated transcript cleanup sample,sample_008,,voiceink-refine-v1,VoiceInk Refine V1,schedule the review for Tuesday no sorry Thursday,Schedule the review for Thursday.,Schedule the review for Thursday.,,native_prompt,True,1.0,1.0,0.0,1.0,263,6,0.5088049579935614,11.792337919938127
C09,curated-sample-50,Curated transcript cleanup sample,sample_009,,voiceink-refine-v1,VoiceInk Refine V1,please review the sight migration plan before lunch,Please review the site migration plan before lunch.,Please review the sight migration plan before lunch.,,native_prompt,False,0.970873786407767,0.871767392252351,0.125,1.0196078431372548,263,9,0.5277593339851592,17.053227523311
C10,curated-sample-50,Curated transcript cleanup sample,sample_010,,voiceink-refine-v1,VoiceInk Refine V1,store the session token in red is for fifteen minutes,Store the session token in Redis for 15 minutes.,Store the session token in Redis for 15 minutes.,,native_prompt,True,1.0,1.0,0.0,1.0,265,12,0.564576709002722,21.254861932219992
C11,curated-sample-50,Curated transcript cleanup sample,sample_011,,voiceink-refine-v1,VoiceInk Refine V1,we received one thousand two hundred and forty six responses,"We received 1,246 responses.","We received 1,246 responses.",,native_prompt,True,1.0,1.0,0.0,1.0,265,10,0.544781292002881,18.355990095098782
C12,curated-sample-50,Curated transcript cleanup sample,sample_012,,voiceink-refine-v1,VoiceInk Refine V1,the workshop starts on September twenty third twenty twenty six,"The workshop starts on September 23, 2026.","The workshop starts on September 23, 2026.",,native_prompt,True,1.0,1.0,0.0,1.0,265,15,0.5827042500022799,25.742046672804104
C13,curated-sample-50,Curated transcript cleanup sample,sample_013,,voiceink-refine-v1,VoiceInk Refine V1,the call begins at four thirty p m,The call begins at 4:30 PM.,The call begins at 4:30 PM.,,native_prompt,True,1.0,1.0,0.0,1.0,263,11,0.5380317500093952,20.444890101388843
C14,curated-sample-50,Curated transcript cleanup sample,sample_014,,voiceink-refine-v1,VoiceInk Refine V1,the replacement costs forty nine dollars and weighs two point five kilograms,The replacement costs $49 and weighs 2.5 kilograms.,The replacement costs $49 and weighs 2.5 kilograms.,,native_prompt,True,1.0,1.0,0.0,1.0,267,14,0.5547827920236159,25.23510137892678
C15,curated-sample-50,Curated transcript cleanup sample,sample_015,,voiceink-refine-v1,VoiceInk Refine V1,send the receipt to finance at acme dot com,Send the receipt to finance@acme.com.,Send the receipt to finance@acme.com,,native_prompt,False,0.9863013698630136,0.942792549390486,0.2,0.972972972972973,265,9,0.5373278750048485,16.749549797539892
C16,curated-sample-50,Curated transcript cleanup sample,sample_016,,voiceink-refine-v1,VoiceInk Refine V1,the documentation is available at docs dot example dot com slash setup,The documentation is available at docs.example.com/setup.,The documentation is available at docs.example.com/setup,,native_prompt,False,0.9911504424778761,0.9564427493121079,0.16666666666666666,0.9824561403508771,267,9,0.538967957982095,16.698580809323342
C17,curated-sample-50,Curated transcript cleanup sample,sample_017,,voiceink-refine-v1,VoiceInk Refine V1,yes comma I can send the draft today semicolon the figures will follow tomorrow period great work everyone exclamation mark,"Yes, I can send the draft today; the figures will follow tomorrow. Great work, everyone!","Yes, I can send the draft today; the figures will follow tomorrow. Great work everyone!",,native_prompt,False,0.9942857142857143,0.9478595522878821,0.06666666666666667,0.9886363636363636,277,19,0.6075061669980641,31.275402674324695
C18,curated-sample-50,Curated transcript cleanup sample,sample_018,,voiceink-refine-v1,VoiceInk Refine V1,Maya said open quote the release is ready close quote,"Maya said, “The release is ready.”","Maya said, “The release is ready.”",,native_prompt,True,1.0,1.0,0.0,1.0,266,10,0.5342518329853192,18.71776451214308
C19,curated-sample-50,Curated transcript cleanup sample,sample_019,,voiceink-refine-v1,VoiceInk Refine V1,the migration is complete period new paragraph customers do not need to take any action period,"The migration is complete.

Customers do not need to take any action.","The migration is complete.

Customers do not need to take any action.",,native_prompt,True,1.0,1.0,0.0,1.0,271,15,0.5587900420068763,26.84371386814265
C20,curated-sample-50,Curated transcript cleanup sample,sample_020,,voiceink-refine-v1,VoiceInk Refine V1,bullet list apples new line rice new line olive oil,"- Apples
- Rice
- Olive oil","- Apples
- Rice
- Olive oil",,native_prompt,True,1.0,1.0,0.0,1.0,265,10,0.5284887090092525,18.92188012634519
C21,curated-sample-50,Curated transcript cleanup sample,sample_021,,voiceink-refine-v1,VoiceInk Refine V1,numbered list first back up the database second deploy the service third run the smoke tests,"1. Back up the database.
2. Deploy the service.
3. Run the smoke tests.","1. Back up the database
2. Deploy the service
3. Run the smoke tests",,native_prompt,False,0.9784172661870504,0.8522943293956972,0.25,0.9577464788732394,272,19,0.6002045840141363,31.65587285743306
C22,curated-sample-50,Curated transcript cleanup sample,sample_022,,voiceink-refine-v1,VoiceInk Refine V1,dear Anika new paragraph thank you for reviewing the proposal new paragraph best regards new line Sam,"Dear Anika,

Thank you for reviewing the proposal.

Best regards,
Sam","Dear Anika,

Thank you for reviewing the proposal.

Best regards,

Sam",,native_prompt,False,0.9928057553956835,1.0,0.2,1.0144927536231885,274,18,0.6339090830006171,28.39523913239539
C23,curated-sample-50,Curated transcript cleanup sample,sample_023,,voiceink-refine-v1,VoiceInk Refine V1,heading weekly status new paragraph all planned work is complete,"# Weekly Status

All planned work is complete.","# Weekly Status

All planned work is complete.",,native_prompt,True,1.0,1.0,0.0,1.0,265,10,0.5465105840121396,18.297907291357912
C24,curated-sample-50,Curated transcript cleanup sample,sample_024,,voiceink-refine-v1,VoiceInk Refine V1,the word comma appears twice in the first paragraph,The word “comma” appears twice in the first paragraph.,The word comma appears twice in the first paragraph.,,native_prompt,False,0.9811320754716981,0.8423853483413423,0.1111111111111111,0.9629629629629629,264,10,0.5396753750101198,18.529657759189927
C25,curated-sample-50,Curated transcript cleanup sample,sample_025,,voiceink-refine-v1,VoiceInk Refine V1,attach the file quarterly report final dot pdf and reference ticket a c m e dash four two seven,Attach the file quarterly-report-final.pdf and reference ticket ACME-427.,Attach the file quarterly report final.pdf and reference ticket ACM-4-2-7.,,native_prompt,False,0.9523809523809522,0.7679167783182552,0.5,1.0136986301369864,274,18,0.6108412079920527,29.467560086801132
C26,curated-sample-50,Curated transcript cleanup sample,sample_026,,voiceink-refine-v1,VoiceInk Refine V1,hi Priya comma new paragraph um could you send the revised budget to finance at acme dot com by four p m question mark new paragraph thanks comma new line Daniel,"Hi Priya,

Could you send the revised budget to finance@acme.com by 4:00 PM?

Thanks,
Daniel","Hi Priya,

Could you send the revised budget to finance at acme.com by 4:00 PM?

Thanks,
Daniel",,native_prompt,False,0.9732620320855615,0.9354211830030705,0.21428571428571427,1.0326086956521738,288,30,0.7075822080078069,42.397900428368324
C27,curated-sample-50,Curated transcript cleanup sample,sample_027,,voiceink-refine-v1,VoiceInk Refine V1,numbered list first archive the last thirty days of logs second increase the time out to forty five seconds third restart the a p i gateway,"1. Archive the last 30 days of logs.
2. Increase the timeout to 45 seconds.
3. Restart the API gateway.","1. Archive the last 30 days of logs.
2. Increase the timeout to 45 seconds.
3. Restart the API gateway.",,native_prompt,True,1.0,1.0,0.0,1.0,282,32,0.7281060839886777,43.949639624900605
C28,curated-sample-50,Curated transcript cleanup sample,sample_028,,voiceink-refine-v1,VoiceInk Refine V1,okay bullet list um coffee beans new line coffee filters coffee filters new line oat milk new line dish soap,"- Coffee beans
- Coffee filters
- Oat milk
- Dish soap","- Coffee beans
- Coffee filters
- Oat milk
- Dish soap",,native_prompt,True,1.0,1.0,0.0,1.0,275,16,0.5868372500117403,27.26479956696666
C29,curated-sample-50,Curated transcript cleanup sample,sample_029,,voiceink-refine-v1,VoiceInk Refine V1,heading meeting notes new paragraph date August thirtieth twenty twenty six new line time ten thirty a m new paragraph bullet list finalize the launch copy new line confirm the support schedule new line send the customer notice,"# Meeting Notes

Date: August 30, 2026
Time: 10:30 AM

- Finalize the launch copy.
- Confirm the support schedule.
- Send the customer notice.","# Meeting Notes

**Date:** August 30, 2026
**Time:** 10:30 AM

- Finalize the launch copy
- Confirm the support schedule
- Send the customer notice",,native_prompt,False,0.9619377162629758,0.8044648485201616,0.22727272727272727,1.0352112676056338,295,47,0.8677194170013536,54.164974390479365
C30,curated-sample-50,Curated transcript cleanup sample,sample_030,,voiceink-refine-v1,VoiceInk Refine V1,Ravi said open quote we can launch on Monday no Tuesday close quote,"Ravi said, “We can launch on Tuesday.”","Ravi said, “We can launch on Monday. No, Tuesday.”",,native_prompt,False,0.8636363636363636,0.8507147144859778,0.2857142857142857,1.3157894736842106,269,15,0.587268416013103,25.541983173270676
C31,curated-sample-50,Curated transcript cleanup sample,sample_031,,voiceink-refine-v1,VoiceInk Refine V1,uh upgrade the service to version two point four point one comma then check the guide at docs dot example dot com slash upgrade,"Upgrade the service to version 2.4.1, then check the guide at docs.example.com/upgrade.","Upgrade the service to version 2.4.1, then check the guide at docs.example.com/upgrade.",,native_prompt,True,1.0,1.0,0.0,1.0,279,23,0.6459473339782562,35.60661804786429
C32,curated-sample-50,Curated transcript cleanup sample,sample_032,,voiceink-refine-v1,VoiceInk Refine V1,ship three boxes to twenty four lake view road apartment seven b Kathmandu,"Ship 3 boxes to 24 Lake View Road, Apartment 7B, Kathmandu.","Ship 3 boxes to 24 Lake View Road, Apartment 7, Kathmandu.",,native_prompt,False,0.9914529914529915,0.9173018455290948,0.09090909090909091,0.9830508474576272,270,20,0.6268558750161901,31.90526051858962
C33,curated-sample-50,Curated transcript cleanup sample,sample_033,,voiceink-refine-v1,VoiceInk Refine V1,move the demo from September tenth at two p m no make that September eleventh at three thirty p m,Move the demo to September 11 at 3:30 PM.,"Move the demo from September 10th at 2:00 PM. No, make that September 11th at 3:30 PM.",,native_prompt,False,0.6456692913385826,0.6079987830592986,1.1111111111111112,2.097560975609756,276,34,0.7380234590091277,46.068996296741695
C34,curated-sample-50,Curated transcript cleanup sample,sample_034,,voiceink-refine-v1,VoiceInk Refine V1,heading quarterly results new paragraph bullet list revenue increased by twelve percent new line support costs fell by eight point five percent new line cash balance is two point three million dollars,"# Quarterly Results

- Revenue increased by 12%.
- Support costs fell by 8.5%.
- Cash balance is $2.3 million.","**Quarterly results**

*   Revenue increased by 12%
*   Support costs fell by 8.5%
*   Cash balance is $2.3 million",,native_prompt,False,0.8977777777777777,0.7165680192952606,0.3888888888888889,1.0454545454545454,287,38,0.7615003749961033,49.90148560359468
C35,curated-sample-50,Curated transcript cleanup sample,sample_035,,voiceink-refine-v1,VoiceInk Refine V1,okay steps colon first download the archive second unzip it into the tools folder third run setup dot sh,"Steps:

1. Download the archive.
2. Unzip it into the tools folder.
3. Run setup.sh.","Steps:
1. Download the archive.
2. Unzip it into the tools folder.
3. Run setup.sh",,native_prompt,False,0.9879518072289156,0.9815796886041355,0.23076923076923078,0.9761904761904762,274,26,0.6851355830149259,37.94869314127212
C36,curated-sample-50,Curated transcript cleanup sample,sample_036,,voiceink-refine-v1,VoiceInk Refine V1,the pilot went well period new paragraph um twelve people completed onboarding comma and ten activated their accounts period new paragraph the next session is Friday at nine a m full stop,"The pilot went well.

Twelve people completed onboarding, and 10 activated their accounts.

The next session is Friday at 9:00 AM.","The pilot went well.

12 people completed onboarding, and 10 activated their accounts.

The next session is Friday at 9 AM.",,native_prompt,False,0.9565217391304348,0.8817596193979744,0.09523809523809523,0.9461538461538461,288,32,0.7549262919928879,42.38824417616319
C37,curated-sample-50,Curated transcript cleanup sample,sample_037,,voiceink-refine-v1,VoiceInk Refine V1,hello Marcus comma new paragraph please send the invoice to billing at north star dot io no sorry accounts at north star dot io new paragraph kind regards comma new line Lena,"Hello Marcus,

Please send the invoice to accounts@northstar.io.

Kind regards,
Lena","Hello Marcus,

Please send the invoice to billing@northstar.io.

Kind regards,

Lena",,native_prompt,False,0.9166666666666665,0.8615915116470677,0.3,1.0,287,22,0.6410265419981442,34.319951762720756
C38,curated-sample-50,Curated transcript cleanup sample,sample_038,,voiceink-refine-v1,VoiceInk Refine V1,bug report colon the app crashes when opening settings dot j son period attach crash log dash two zero two six zero eight three zero dot text and reference issue v o i dash nine one eight,Bug report: The app crashes when opening settings.json. Attach crash-log-20260830.txt and reference issue VOI-918.,"Bug report: The app crashes when opening settings.json.

Attach crash log 20260830.0 and reference issue VOI-918.",,native_prompt,False,0.9515418502202643,0.8856893648814819,0.21428571428571427,0.9912280701754386,292,36,0.7920382499869447,45.452350313376144
C39,curated-sample-50,Curated transcript cleanup sample,sample_039,,voiceink-refine-v1,VoiceInk Refine V1,note colon the trial period ends tomorrow comma but the word period in the heading should remain lowercase period,"Note: The trial period ends tomorrow, but the word “period” in the heading should remain lowercase.","Note: The trial period ends tomorrow, but the word ""period"" in the heading should remain lowercase.",,native_prompt,False,0.9797979797979798,0.9120492259293733,0.0625,1.0,274,21,0.6557822079921607,32.02282670079856
C40,curated-sample-50,Curated transcript cleanup sample,sample_040,,voiceink-refine-v1,VoiceInk Refine V1,open quote good writing is clear writing close quote new line dash Maya Chen,"“Good writing is clear writing.”
—Maya Chen","""Good writing is clear writing.""
- Maya Chen",,native_prompt,False,0.9195402298850575,0.7340467533556305,0.5,1.0232558139534884,269,11,0.5603045000170823,19.632182143217904
C41,curated-sample-50,Curated transcript cleanup sample,sample_041,,voiceink-refine-v1,VoiceInk Refine V1,recipe colon new paragraph numbered list first mix two cups of flour and one teaspoon of salt second add three hundred milliliters of water third bake for forty minutes at two hundred degrees Celsius,"Recipe:

1. Mix 2 cups of flour and 1 teaspoon of salt.
2. Add 300 milliliters of water.
3. Bake for 40 minutes at 200 degrees Celsius.","Recipe:

1. Mix 2 cups of flour and 1 teaspoon of salt.
2. Add 300 milliliters of water.
3. Bake for 40 minutes at 200 degrees Celsius.",,native_prompt,True,1.0,1.0,0.0,1.0,291,49,0.8879239580128342,55.18490582195975
C42,curated-sample-50,Curated transcript cleanup sample,sample_042,,voiceink-refine-v1,VoiceInk Refine V1,travel plan colon new paragraph September fifth flight at seven fifteen a m new line September sixth workshop at nine a m new line hotel budget one hundred eighty dollars per night,"Travel Plan:

- September 5: Flight at 7:15 AM.
- September 6: Workshop at 9:00 AM.
- Hotel budget: $180 per night.","Travel plan:
- September 5th flight at 7:15 AM
- September 6th workshop at 9:00 AM
- Hotel budget: $180 per night",,native_prompt,False,0.9298245614035088,0.7292586813174551,0.45,0.9826086956521739,287,42,0.7966200420050882,52.72275085407873
C43,curated-sample-50,Curated transcript cleanup sample,sample_043,,voiceink-refine-v1,VoiceInk Refine V1,heading customer update new paragraph um three updates colon the mobile fix is live comma the desktop release is in review in review comma and support has answered all open tickets,"# Customer Update

- The mobile fix is live.
- The desktop release is in review.
- Support has answered all open tickets.","**Customer Update**

3. Updates:
- The mobile fix is live.
- The desktop release is in review.
- Support has answered all open tickets.",,native_prompt,False,0.9296875,0.9154489285014589,0.19047619047619047,1.115702479338843,286,35,0.7388053329777904,47.373778230499255
C44,curated-sample-50,Curated transcript cleanup sample,sample_044,,voiceink-refine-v1,VoiceInk Refine V1,the c c d n cache cache should expire after three hundred seconds and the key belongs in red is,"The CDN cache should expire after 300 seconds, and the key belongs in Redis.",The CCDN cache should expire after 300 seconds and the key belongs in red.,,native_prompt,False,0.96,0.8034788220939323,0.21428571428571427,0.9736842105263158,275,19,0.6147652080107946,30.906108140827612
C45,curated-sample-50,Curated transcript cleanup sample,sample_045,,voiceink-refine-v1,VoiceInk Refine V1,question colon are we still planning to launch Friday question mark new paragraph answer colon yes comma assuming the final review passes period,"Question: Are we still planning to launch Friday?

Answer: Yes, assuming the final review passes.","Question: Are we still planning to launch Friday?

Answer: Yes, assuming the final review passes.",,native_prompt,True,1.0,1.0,0.0,1.0,278,21,0.6467371670005377,32.470686812997926
C46,curated-sample-50,Curated transcript cleanup sample,sample_046,,voiceink-refine-v1,VoiceInk Refine V1,hello this is Nina from Acme support comma I'm calling about ticket a c dash seven four two period please call me back at five p m period thank you,"Hello, this is Nina from Acme Support. I'm calling about ticket AC-742. Please call me back at 5:00 PM. Thank you.","Hello, this is Nina from Acme Support. I'm calling about ticket A-C-7-4-2. Please call me back at 5:00 PM. Thank you.",,native_prompt,False,0.987012987012987,0.9364328043513381,0.047619047619047616,1.0263157894736843,287,39,0.7852571659896057,49.66525832445092
C47,curated-sample-50,Curated transcript cleanup sample,sample_047,,voiceink-refine-v1,VoiceInk Refine V1,heading launch checklist new paragraph bullet list open quote release approved close quote from Maya new line deploy version three point two new line email status at acme dot com after launch,"# Launch Checklist

- “Release approved,” from Maya.
- Deploy version 3.2.
- Email status@acme.com after launch.","**Launch Checklist**

*   Release approved
*   Deploy version 3.2
*   Email status at acme.com after launch",,native_prompt,False,0.8310502283105023,0.5848658597219725,0.8666666666666667,0.9553571428571429,288,29,0.6947388749977108,41.74230209889371
C48,curated-sample-50,Curated transcript cleanup sample,sample_048,,voiceink-refine-v1,VoiceInk Refine V1,dear team comma uh the launch is complete period the launch is complete and all systems are healthy period please report issues at status dot example dot com slash support period best comma Arjun,"Dear Team,

The launch is complete, and all systems are healthy.

Please report issues at status.example.com/support.

Best,
Arjun","Dear team,

The launch is complete. All systems are healthy. Please report issues at status.example.com/support. Best, Arjun",,native_prompt,False,0.9291338582677166,0.8737471195259784,0.35294117647058826,0.9538461538461539,291,27,0.7108974999864586,37.980158884388125
C49,curated-sample-50,Curated transcript cleanup sample,sample_049,,voiceink-refine-v1,VoiceInk Refine V1,"The migration completed successfully, and no customer action is required.","The migration completed successfully, and no customer action is required.","The migration completed successfully, and no customer action is required.",,native_prompt,True,1.0,1.0,0.0,1.0,267,12,0.5490404590091202,21.856312778218527
C50,curated-sample-50,Curated transcript cleanup sample,sample_050,,voiceink-refine-v1,VoiceInk Refine V1,Could you send the revised proposal before Friday afternoon?,Could you send the revised proposal before Friday afternoon?,Could you send the revised proposal before Friday afternoon?,,native_prompt,True,1.0,1.0,0.0,1.0,265,10,0.5460669169842731,18.31277392746355
