case_id,dataset_id,dataset_name,source_record_id,source_index,model_id,model_name,input,reference,output,error,context_source,exact_match,edit_similarity,chrf,wer,length_ratio,input_tokens,output_tokens,generation_seconds,tokens_per_second
V01,voiceink-validation,VoiceInk validation sample,59,59,fluid-1-mini-2b-6bit,Fluid-1 Mini 2B 6-bit,mina where should i return the folding chairs the parish hall or the sports pavilion question mark and who has the storage key i can go tomorrow,"Mina, where should I return the folding chairs, the parish hall or the sports pavilion? And who has the storage key? I can go tomorrow.","Mina, where should I return the folding chairs: the parish hall or the sports pavilion? And who has the storage key? I can go tomorrow.",,dataset_system_prompt,False,0.9925925925925925,0.9628272004837606,0.04,1.0,102,32,0.9762694579840172,32.77783580987933
V02,voiceink-validation,VoiceInk validation sample,67,67,fluid-1-mini-2b-6bit,Fluid-1 Mini 2B 6-bit,message to dev colon the freezer door looks shut but it isnt sealing comma so push it until you hear two clicks not one full stop,"Message to Dev: The freezer door looks shut, but it isn’t sealing, so push it until you hear 2 clicks, not one.","Message to dev: The freezer door looks shut, but it isn't sealing, so push it until you hear two clicks, not one.",,dataset_system_prompt,False,0.9642857142857143,0.8633894973209434,0.13636363636363635,1.018018018018018,100,28,0.8517751659965143,32.87252448507589
V03,voiceink-validation,VoiceInk validation sample,113,113,fluid-1-mini-2b-6bit,Fluid-1 Mini 2B 6-bit,dear ken we heard about your new house period may we visit next sunday around tea time question mark warm wishes comma lou and fay,"Dear Ken,

We heard about your new house. May we visit next Sunday around teatime?

Warm wishes,
Lou and Fay","Dear Ken, we heard about your new house. May we visit next Sunday around tea time? Warm wishes, Lou and Fay.",,dataset_system_prompt,False,0.9444444444444444,0.9312505492138318,0.3157894736842105,1.0,101,26,0.5241437910008244,49.60470856738453
V04,voiceink-validation,VoiceInk validation sample,213,213,fluid-1-mini-2b-6bit,Fluid-1 Mini 2B 6-bit,can the taxi take four passengers plus a folding wheelchair and two medium cases or should we request a larger car question mark for the airport run,"Can the taxi take 4 passengers, a folding wheelchair, and 2 medium cases, or should we request a larger car for the airport run?","Can the taxi take 4 passengers plus a folding wheelchair and 2 medium cases, or should we request a larger car for the airport run?",,dataset_system_prompt,False,0.972972972972973,0.919904920796878,0.125,1.0234375,101,29,0.5495988339825999,52.76575969030919
V05,voiceink-validation,VoiceInk validation sample,426,426,fluid-1-mini-2b-6bit,Fluid-1 Mini 2B 6-bit,before the guests arrive saturday morning comma separate the white laundry wash the towels at sixty and hang the linen shirts instead of machine drying them,"Before the guests arrive Saturday morning, separate the white laundry, wash the towels at 60 degrees, and hang the linen shirts instead of machine-drying them.","Before the guests arrive Saturday morning, separate the white laundry, wash the towels at sixty, and hang the linen shirts instead of machine drying them.",,dataset_system_prompt,False,0.952076677316294,0.8856037628468175,0.16,0.9685534591194969,101,29,0.6071389580029063,47.76501263465485
V06,voiceink-validation,VoiceInk validation sample,465,465,fluid-1-mini-2b-6bit,Fluid-1 Mini 2B 6-bit,dear neighbors please collect your post from the lower lobby shelf by friday evening period anything remaining there will move to reception before mondays delivery,"Dear Neighbors,

Please collect your post from the lower lobby shelf by Friday evening. Anything remaining there will move to Reception before Monday’s delivery.","Dear neighbors, please collect your post from the lower lobby shelf by Friday evening. Anything remaining there will move to reception before Monday's delivery.",,dataset_system_prompt,False,0.9657320872274142,0.8654035870500307,0.16666666666666666,0.9937888198757764,101,28,0.5228326669894159,53.554419545416096
V07,voiceink-validation,VoiceInk validation sample,582,582,fluid-1-mini-2b-6bit,Fluid-1 Mini 2B 6-bit,support closed the incident at eleven forty p m utc service had been stable since ten oh five and monitoring continued overnight with the incident commander remaining on call,"Support closed the incident at 11:40 PM UTC. Service had been stable since 10:05, and monitoring continued overnight. The Incident Commander remained on call.","Support closed the incident at 11:40 PM UTC. Service had been stable since 10:05, and monitoring continued overnight with the incident commander remaining on call.",,dataset_system_prompt,False,0.9470404984423676,0.8605961327306126,0.25,1.0316455696202531,103,38,0.6188829999882728,61.40094331355048
V08,voiceink-validation,VoiceInk validation sample,650,650,fluid-1-mini-2b-6bit,Fluid-1 Mini 2B 6-bit,the sales manager approved the five percent discount but not the free implementation package shown in the latest quote despite a separate verbal concession request,"The Sales manager approved the 5% discount, but not the free implementation package shown in the latest quote. A separate verbal concession request remains unapproved.","The sales manager approved the 5% discount but not the free implementation package shown in the latest quote, despite a separate verbal concession request.",,dataset_system_prompt,False,0.8944099378881988,0.7987499470652734,0.32,0.9281437125748503,99,28,0.7580652499746066,36.93613445668158
V09,voiceink-validation,VoiceInk validation sample,948,948,fluid-1-mini-2b-6bit,Fluid-1 Mini 2B 6-bit,why did the nightly pipe line finish green even though the schema validation step logged seventeen errors is continue on error set somewhere question mark,Why did the nightly pipeline finish green even though the schema validation step logged 17 errors? Is continue-on-error set somewhere?,Why did the nightly pipeline finish green even though the schema validation step logged 17 errors? Is continue-on-error set somewhere?,,dataset_system_prompt,True,1.0,1.0,0.0,1.0,99,26,0.7355788749991916,35.34631143400981
V10,voiceink-validation,VoiceInk validation sample,1001,1001,fluid-1-mini-2b-6bit,Fluid-1 Mini 2B 6-bit,please shorten the permission dialog it currently says in order to continue we need to be able to access your microphone period keep the reason visible though,"Please shorten the permission dialog. It currently says, “In order to continue, we need to be able to access your microphone.” Keep the reason visible, though.","Please shorten the permission dialog. It currently says in order to continue, we need to be able to access your microphone. Keep the reason visible though.",,dataset_system_prompt,False,0.9808917197452228,0.8885203762458702,0.15384615384615385,0.9748427672955975,101,30,0.8118829170125537,36.95114082507063
V11,voiceink-validation,VoiceInk validation sample,1107,1107,fluid-1-mini-2b-6bit,Fluid-1 Mini 2B 6-bit,the search index skipped records with emoji in the title reprocessing succeeds after unicode normalization form c is applied period existing records need back filling,The search index skipped records with emoji in the title. Reprocessing succeeds after Unicode Normalization Form C is applied. Existing records need backfilling.,The search index skipped records with emoji in the title. Reprocessing succeeds after Unicode normalization form C is applied. Existing records need back filling.,,dataset_system_prompt,False,0.9845201238390093,0.9202751494208976,0.17391304347826086,1.0062111801242235,100,28,0.5821075419953559,48.10107751571339
V12,voiceink-validation,VoiceInk validation sample,1111,1111,fluid-1-mini-2b-6bit,Fluid-1 Mini 2B 6-bit,paragraph break the tablet layout is usable in portrait period in landscape the sticky footer overlaps the final form field by twenty four pixels period rotation does not recalculate it,"The tablet layout is usable in portrait. In landscape, the sticky footer overlaps the final form field by 24 pixels. Rotation does not recalculate it.","The tablet layout is usable in portrait. In landscape, the sticky footer overlaps the final form field by 24 pixels. Rotation does not recalculate it.",,dataset_system_prompt,True,1.0,1.0,0.0,1.0,105,32,0.9052717500017025,35.34850170674145
V13,voiceink-validation,VoiceInk validation sample,1211,1211,fluid-1-mini-2b-6bit,Fluid-1 Mini 2B 6-bit,can you check whether the variance calculation uses n or n minus one results differ from the published table by point zero three before correcting the published appendix,Can you check whether the variance calculation uses n or n−1? Results differ from the published table by 0.03. Check this before correcting the published appendix.,Can you check whether the variance calculation uses n or n minus one? Results differ from the published table by 0.03 before correcting the published appendix.,,dataset_system_prompt,False,0.9254658385093166,0.8697057490396543,0.23076923076923078,0.9754601226993865,102,32,0.9714097919932101,32.94181329420208
V14,voiceink-validation,VoiceInk validation sample,1257,1257,fluid-1-mini-2b-6bit,Fluid-1 Mini 2B 6-bit,during the quarterly structural survey inspection at pier two found minor scaling above the water line comma no exposed reinforcement and no measurable change since march,"During the quarterly structural survey, inspection at Pier 2 found minor scaling above the waterline, no exposed reinforcement, and no measurable change since March.","During the quarterly structural survey inspection at pier two, found minor scaling above the water line, no exposed reinforcement, and no measurable change since March.",,dataset_system_prompt,False,0.972972972972973,0.8975608580755757,0.20833333333333334,1.018181818181818,100,29,0.8387901250098366,34.57360683598881
V15,voiceink-validation,VoiceInk validation sample,1368,1368,fluid-1-mini-2b-6bit,Fluid-1 Mini 2B 6-bit,thirty minute discharge test reading colon battery bank voltage was twenty five point six at rest comma then dropped to twenty two point nine under inverter load,"30-minute discharge-test reading: Battery-bank voltage was 25.6 at rest, then dropped to 22.9 under inverter load.","Thirty-minute discharge test reading: Battery bank voltage was 25.6 at rest, then dropped to 22.9 under inverter load.",,dataset_system_prompt,False,0.9482758620689655,0.8763971833508479,0.3125,1.0350877192982457,103,31,0.6211375840066466,49.90842737294138
V16,voiceink-validation,VoiceInk validation sample,1396,1396,fluid-1-mini-2b-6bit,Fluid-1 Mini 2B 6-bit,dear nina before the accessibility review meeting note that the attached screen reader transcript timestamps correspond to build one eighty four not the latest beta,"Dear Nina,

Before the accessibility-review meeting, note that the attached screen-reader transcript timestamps correspond to Build 184, not the latest beta.","Dear Nina,

Before the accessibility review meeting, note that the attached screen reader transcript timestamps correspond to build 184, not the latest beta.",,dataset_system_prompt,False,0.9808917197452228,0.8934070470681518,0.23809523809523808,1.0,101,31,0.9343371670111082,33.17860093178916
V17,voiceink-validation,VoiceInk validation sample,1605,1605,fluid-1-mini-2b-6bit,Fluid-1 Mini 2B 6-bit,dear garden club saturdays seed swap moves indoors to room four because rain is likely period label packets with variety and harvest year cheers comma monica,"Dear Garden Club,

Saturday’s seed swap moves indoors to Room 4 because rain is likely. Label packets with the variety and harvest year.

Cheers,
Monica","Dear garden club,

Saturdays' seed swap moves indoors to room four because rain is likely.

Label packets with variety and harvest year.

Cheers,
Monica",,dataset_system_prompt,False,0.9342105263157895,0.7879732188356344,0.25,1.0,103,35,0.9924245000001974,35.2671664192017
V18,voiceink-validation,VoiceInk validation sample,1616,1616,fluid-1-mini-2b-6bit,Fluid-1 Mini 2B 6-bit,event recap colon one hundred eighty four attendees checked in and seventeen walk ins paid at the door period the west room session filled first but but no one was turned away,"Event recap: 184 attendees checked in, and 17 walk-ins paid at the door. The West Room session filled first, but no one was turned away.","Event recap: 184 attendees checked in and 17 walk-ins paid at the door. The west room session filled first, but no one was turned away.",,dataset_system_prompt,False,0.981549815498155,0.8996949716468303,0.12,0.9926470588235294,106,35,1.110778708010912,31.509426447933112
V19,voiceink-validation,VoiceInk validation sample,1711,1711,fluid-1-mini-2b-6bit,Fluid-1 Mini 2B 6-bit,our pickup window was one to three and and no driver came can you reschedule for tomorrow morning without creating a second charge question mark there are seven boxes,"Our pickup window was 1:00 to 3:00, and no driver came. Can you reschedule for tomorrow morning without creating a second charge? There are 7 boxes.","Our pickup window was 1 to 3, and no driver came. Can you reschedule for tomorrow morning without creating a second charge? There are 7 boxes.",,dataset_system_prompt,False,0.9793103448275862,0.9157664164569523,0.07692307692307693,0.9594594594594594,104,34,0.9453718749864493,35.96468321049571
V20,voiceink-validation,VoiceInk validation sample,1826,1826,fluid-1-mini-2b-6bit,Fluid-1 Mini 2B 6-bit,lock report colon rear office lever sticks when pulled upward latch works from inside but but key rotation outside stops halfway do not force it,"Lock report: The rear-office lever sticks when pulled upward. The latch works from inside, but key rotation outside stops halfway. Do not force it.","Lock report: Rear office lever sticks when pulled upward. Latch works from inside, but key rotation outside stops halfway. Do not force it.",,dataset_system_prompt,False,0.951048951048951,0.8658507062443855,0.16666666666666666,0.9455782312925171,99,29,0.762464916013414,38.03453692220745
V21,voiceink-validation,VoiceInk validation sample,57,57,fluid-1-mini-2b-6bit,Fluid-1 Mini 2B 6-bit,please ask the bus station whether the midnight coach has under floor luggage storage and um whether bicycles need a separate reservation question mark for next friday night,Please ask the bus station whether the midnight coach has underfloor luggage storage and whether bicycles need a separate reservation for next Friday night.,Please ask the bus station whether the midnight coach has under-floor luggage storage and whether bicycles need a separate reservation? For next Friday night.,,dataset_system_prompt,False,0.9872611464968153,0.9304788218773596,0.125,1.0128205128205128,102,27,0.9404278330039233,28.71033698966177
V22,voiceink-validation,VoiceInk validation sample,550,550,fluid-1-mini-2b-6bit,Fluid-1 Mini 2B 6-bit,ask operations why the overnight shipment went to phoenix instead of tucson comma include tracking number nine three six zero zero one and request a corrected delivery estimate,"Ask Operations why the overnight shipment went to Phoenix instead of Tucson, include tracking number 936001, and request a corrected delivery estimate.","Ask operations why the overnight shipment went to Phoenix instead of Tucson, include tracking number 936001, and request a corrected delivery estimate.",,dataset_system_prompt,False,0.9933774834437085,0.9668488610334012,0.045454545454545456,1.0,103,31,1.017988375009736,30.452214151957794
V23,voiceink-validation,VoiceInk validation sample,629,629,fluid-1-mini-2b-6bit,Fluid-1 Mini 2B 6-bit,the budget deck accidentally labels fiscal year twenty twenty six as calendar year twenty twenty six period the underlying numbers are fiscal and the footnote uses the same incorrect label,The budget deck accidentally labels fiscal year 2026 as calendar year 2026. The underlying numbers are fiscal-year figures. The footnote uses the same incorrect label.,"The budget deck accidentally labels fiscal year 2026 as calendar year 2026. The underlying numbers are fiscal, and the footnote uses the same incorrect label.",,dataset_system_prompt,False,0.9415384615384617,0.8803745271713368,0.12,0.9461077844311377,104,36,1.1118927500210702,32.377223432132105
V24,voiceink-validation,VoiceInk validation sample,652,652,fluid-1-mini-2b-6bit,Fluid-1 Mini 2B 6-bit,the monday notes should say decision deferred pending tax advice comma not decision denied and the follow up owner is casey from treasury before circulating the revised record,"The Monday notes should say, “Decision deferred pending tax advice,” not “Decision denied,” and the follow-up owner is Casey from Treasury. Circulate the revised record afterward.","The Monday notes should say decision deferred pending tax advice, not decision denied, and the follow-up owner is Casey from Treasury before circulating the revised record.",,dataset_system_prompt,False,0.905982905982906,0.7524480884334808,0.38461538461538464,0.9608938547486033,103,30,0.7459968330222182,40.21464793417763
V25,voiceink-validation,VoiceInk validation sample,658,658,fluid-1-mini-2b-6bit,Fluid-1 Mini 2B 6-bit,the service report lists priority one downtime as forty eight minutes the incident timeline supports only thirty eight because monitoring recovered earlier and customer success disputes the longer figure,The service report lists Priority 1 downtime as 48 minutes. The incident timeline supports only 38 minutes because monitoring recovered earlier. Customer Success disputes the longer figure.,"The service report lists priority 1 downtime as 48 minutes. The incident timeline supports only 38 because monitoring recovered earlier, and customer success disputes the longer figure.",,dataset_system_prompt,False,0.946524064171123,0.8510209584425925,0.2222222222222222,0.9788359788359788,103,35,1.1053660000034142,31.663720432772397
V26,voiceink-validation,VoiceInk validation sample,669,669,fluid-1-mini-2b-6bit,Fluid-1 Mini 2B 6-bit,the investigation scope covers expense approvals from january through april it does not include vendor selection or contract negotiation unless new evidence expands the review,The investigation scope covers expense approvals from January through April. It does not include vendor selection or contract negotiation. New evidence could expand the review.,The investigation scope covers expense approvals from January through April. It does not include vendor selection or contract negotiation unless new evidence expands the review.,,dataset_system_prompt,False,0.9518413597733713,0.8836023501462565,0.2,1.0056818181818181,100,27,0.8924527499766555,30.25370250773081
V27,voiceink-validation,VoiceInk validation sample,704,704,fluid-1-mini-2b-6bit,Fluid-1 Mini 2B 6-bit,following the latest litigation update the controller approved a two hundred fifty thousand reserve comma subject to receiving counsels final estimate before close by noon tomorrow,"Following the latest litigation update, the Controller approved a $250,000 reserve, subject to receiving counsel’s final estimate before close. Counsel’s estimate is due by noon tomorrow.","Following the latest litigation update, the controller approved a $250,000 reserve, subject to receiving counsel's final estimate before close by noon tomorrow.",,dataset_system_prompt,False,0.9106628242074928,0.8048897371736682,0.2692307692307692,0.8556149732620321,102,33,0.8720636669895612,37.841273807357254
V28,voiceink-validation,VoiceInk validation sample,811,811,fluid-1-mini-2b-6bit,Fluid-1 Mini 2B 6-bit,would you send the customer the maintenance window in both eastern and greenwich mean time comma make clear that service may be intermittent before the maintenance notice is translated,"Would you send the customer the maintenance window in both Eastern Time and Greenwich Mean Time, and make clear that service may be intermittent? The maintenance notice will be translated afterward.","Would you send the customer the maintenance window in both Eastern and Greenwich? Mean time, make clear that service may be intermittent before the maintenance notice is translated.",,dataset_system_prompt,False,0.8970976253298153,0.7545410294394244,0.3548387096774194,0.9141414141414141,104,31,0.6571537079871632,47.17313411340525
V29,voiceink-validation,VoiceInk validation sample,813,813,fluid-1-mini-2b-6bit,Fluid-1 Mini 2B 6-bit,who owns the response to the accessibility questionnaire question mark product answered the first section but legal and security sections remain blank before friday afternoons submission deadline,"Who owns the response to the accessibility questionnaire? Product answered the first section, but the Legal and Security sections remain blank. Friday afternoon’s submission deadline is approaching.","Who owns the response to the accessibility questionnaire? Product answered the first section, but legal and security sections remain blank before Friday afternoon's submission deadline.",,dataset_system_prompt,False,0.9138381201044387,0.7994877614536464,0.3333333333333333,0.9343434343434344,103,29,0.8326456670183688,34.82874066209515
V30,voiceink-validation,VoiceInk validation sample,817,817,fluid-1-mini-2b-6bit,Fluid-1 Mini 2B 6-bit,please route the exception request to ethics and compliance comma not employee relations and attach the original disclosure from february because the reporting path was incorrect,"Please route the exception request to Ethics and Compliance, not Employee Relations, and attach the original disclosure from February. The reporting path was incorrect.","Please route the exception request to ethics and compliance, not employee relations, and attach the original disclosure from February because the reporting path was incorrect.",,dataset_system_prompt,False,0.9446064139941691,0.8235938065679507,0.2916666666666667,1.0416666666666667,101,28,0.9210564590175636,30.39987367317954
V31,voiceink-validation,VoiceInk validation sample,840,840,fluid-1-mini-2b-6bit,Fluid-1 Mini 2B 6-bit,can we use the clients logo in the investor presentation question mark the marketing consent covers our website but does not mention fundraising materials before marketing finalizes the presentation,Can we use the client’s logo in the investor presentation? The marketing consent covers our website but does not mention fundraising materials. Marketing has not finalized the presentation.,"Can we use the client's logo in the investor presentation?

The marketing consent covers our website but does not mention fundraising materials before marketing finalizes the presentation.",,dataset_system_prompt,False,0.9336870026525199,0.8530887555266247,0.21428571428571427,0.9947089947089947,104,32,0.9617835420067422,33.2715196324036
V32,voiceink-validation,VoiceInk validation sample,856,856,fluid-1-mini-2b-6bit,Fluid-1 Mini 2B 6-bit,could you request wheelchair access for the site tour comma including the production floor and emergency assembly area not only the lobby because the full group will participate,"Could you request wheelchair access for the site tour, including the production floor and emergency-assembly area, not only the lobby? The full group will participate.","Could you request wheelchair access for the site tour, including the production floor and emergency assembly area, not only the lobby because the full group will participate?",,dataset_system_prompt,False,0.9560117302052786,0.9064573758581903,0.24,1.0419161676646707,102,30,0.9618491250148509,31.189922847345525
V33,voiceink-validation,VoiceInk validation sample,902,902,fluid-1-mini-2b-6bit,Fluid-1 Mini 2B 6-bit,for all three finalists this week ask procurement for the evaluation rubric before vendor presentations we should not change weighting after seeing demonstrations before scoring begins,"For all 3 finalists this week, ask Procurement for the evaluation rubric before vendor presentations. We should not change weighting after seeing demonstrations. Finalize the rubric before scoring begins.","For all three finalists this week, ask procurement for the evaluation rubric before vendor presentations. We should not change weighting after seeing demonstrations before scoring begins.",,dataset_system_prompt,False,0.9258312020460358,0.842586499297147,0.20689655172413793,0.9166666666666666,101,30,0.9073723329929635,33.06250246912988
V34,voiceink-validation,VoiceInk validation sample,926,926,fluid-1-mini-2b-6bit,Fluid-1 Mini 2B 6-bit,before approving reimbursement can you change coding from client entertainment to employee meal question mark all attendees were internal and no customer joined in the expense system,"Before approving reimbursement, can you change coding from Client Entertainment to Employee Meal? All attendees were internal, and no customer joined. Make the change in the expense system.","Before approving reimbursement, can you change coding from client entertainment to employee meal? All attendees were internal and no customer joined in the expense system.",,dataset_system_prompt,False,0.9277777777777778,0.7736977242788923,0.32142857142857145,0.9047619047619048,101,28,0.979730874998495,28.57927693668224
V35,voiceink-validation,VoiceInk validation sample,1083,1083,fluid-1-mini-2b-6bit,Fluid-1 Mini 2B 6-bit,inspection item bullet point north anchor secure bullet point south anchor needs re torque bullet point conduit label missing near junction box four new line photos saved in folder seven,"Inspection items:
- North anchor secure
- South anchor needs retorquing
- Conduit label missing near Junction Box 4

Photos are saved in Folder 7.","Inspection item:
- North anchor secure
- South anchor needs re-torque
- Conduit label missing near junction box 4
Photos saved in folder 7.",,dataset_system_prompt,False,0.9403508771929825,0.7513701551869211,0.36363636363636365,0.952054794520548,104,36,0.7360987499996554,48.90648163716737
V36,voiceink-validation,VoiceInk validation sample,1100,1100,fluid-1-mini-2b-6bit,Fluid-1 Mini 2B 6-bit,sample c twelve was thawed for approximately eighteen minutes comma returned to minus eighty and flagged for sensitivity analysis period no visible leakage occurred afterward,"Sample C12 was thawed for approximately 18 minutes, returned to −80°C, and flagged for sensitivity analysis. No visible leakage occurred afterward.","Sample C-12 was thawed for approximately 18 minutes, returned to -80, and flagged for sensitivity analysis. No visible leakage occurred afterward.",,dataset_system_prompt,False,0.9829351535836177,0.912708087507308,0.09523809523809523,0.9931972789115646,100,33,0.9708825830020942,33.989692036661886
V37,voiceink-validation,VoiceInk validation sample,1177,1177,fluid-1-mini-2b-6bit,Fluid-1 Mini 2B 6-bit,for our final storage comparison write this technical question to the vendor colon what is the maximum sustained write rate with encryption enabled and raid six active question mark,"For our final storage comparison, write this technical question to the vendor: What is the maximum sustained write rate with encryption enabled and RAID 6 active?","For our final storage comparison, write this technical question to the vendor: What is the maximum sustained write rate with encryption enabled and RAID 6 active?",,dataset_system_prompt,True,1.0,1.0,0.0,1.0,103,30,0.977607667009579,30.687157038945408
V38,voiceink-validation,VoiceInk validation sample,1209,1209,fluid-1-mini-2b-6bit,Fluid-1 Mini 2B 6-bit,for the production system prompt please turn the model instructions into a numbered priority list colon safety constraints first output schema second and style preferences third,"For the production system prompt, please turn the model instructions into a numbered priority list:
1. Safety constraints
2. Output schema
3. Style preferences","For the production system prompt, please turn the model instructions into a numbered priority list:
1. Safety constraints
2. Output schema
3. Style preferences",,dataset_system_prompt,True,1.0,1.0,0.0,1.0,100,32,0.5945112500048708,53.82572659430385
V39,voiceink-validation,VoiceInk validation sample,1412,1412,fluid-1-mini-2b-6bit,Fluid-1 Mini 2B 6-bit,class reminder colon the ecology quiz is next monday not this friday and chapters six through eight are included new line bring a pencil your field notebook and the calculator you used in lab,"Class reminder: The ecology quiz is next Monday, not this Friday, and Chapters 6 through 8 are included.
Bring a pencil, your field notebook, and the calculator you used in lab.","Class reminder: The ecology quiz is next Monday, not this Friday, and chapters 6 through 8 are included.
Bring a pencil, your field notebook, and the calculator you used in lab.",,dataset_system_prompt,False,0.9943502824858758,0.9716803520256064,0.03333333333333333,1.0,108,41,0.6846936669899151,59.88079337763744
V40,voiceink-validation,VoiceInk validation sample,1434,1434,fluid-1-mini-2b-6bit,Fluid-1 Mini 2B 6-bit,can you ask the pool manager whether lane four will be open for lap swimming from six to seven tomorrow comma or is the regional team still using all the deep lanes question mark,"Can you ask the pool manager whether Lane 4 will be open for lap swimming from 6:00 to 7:00 tomorrow, or is the regional team still using all the deep lanes?","Can you ask the pool manager whether lane four will be open for lap swimming from 6 to 7 tomorrow, or is the regional team still using all the deep lanes?",,dataset_system_prompt,False,0.9581993569131833,0.8577635684283255,0.12903225806451613,0.9808917197452229,108,35,0.6087894580268767,57.49114006250553
V41,voiceink-validation,VoiceInk validation sample,1465,1465,fluid-1-mini-2b-6bit,Fluid-1 Mini 2B 6-bit,dispatch this is unit forty six we have smoke showing from a detached garage at eight twelve birch lane no visible flames yet send one additional engine and advise police the driveway is blocked,"Dispatch, this is Unit 46. We have smoke showing from a detached garage at 812 Birch Lane. No visible flames yet. Send 1 additional engine, and advise police that the driveway is blocked.","Dispatch, this is Unit 46. We have smoke showing from a detached garage at 8:12 Birch Lane. No visible flames yet. Send one additional engine and advise police the driveway is blocked.",,dataset_system_prompt,False,0.9703504043126685,0.8932384474660442,0.12121212121212122,0.983957219251337,109,43,0.6623876249941532,64.91667171526575
V42,voiceink-validation,VoiceInk validation sample,1469,1469,fluid-1-mini-2b-6bit,Fluid-1 Mini 2B 6-bit,radio check colon team bravo can hear command clearly but but command is not receiving bravo on channel three should we switch to channel five or return to the staging area question mark,"Radio check: Team Bravo can hear Command clearly, but Command is not receiving Bravo on Channel 3. Should we switch to Channel 5 or return to the staging area?","Radio check: Team Bravo can hear command clearly, but command is not receiving Bravo on channel 3. Should we switch to channel 5 or return to the staging area?",,dataset_system_prompt,False,0.9748427672955975,0.8713419131067006,0.13793103448275862,1.0,107,35,0.6090695000020787,57.46470640851421
V43,voiceink-validation,VoiceInk validation sample,1479,1479,fluid-1-mini-2b-6bit,Fluid-1 Mini 2B 6-bit,the boarding reservation is for two rabbits from october six through october tenth can they share the larger enclosure and do we need to bring their usual pellets question mark,"The boarding reservation is for 2 rabbits from October 6 through October 10. Can they share the larger enclosure, and do we need to bring their usual pellets?","The boarding reservation is for two rabbits from October 6 through October 10. Can they share the larger enclosure, and do we need to bring their usual pellets?",,dataset_system_prompt,False,0.9874213836477987,0.9648136060662919,0.03571428571428571,1.0126582278481013,106,34,0.5998465409793425,56.68116372645865
V44,voiceink-validation,VoiceInk validation sample,1510,1510,fluid-1-mini-2b-6bit,Fluid-1 Mini 2B 6-bit,can you transcribe the handwritten caption exactly comma including the crossed out surname but mark uncertain letters with square brackets question mark dont modernize the spelling,"Can you transcribe the handwritten caption exactly, including the crossed-out surname, but mark uncertain letters with square brackets? Don’t modernize the spelling.","Can you transcribe the handwritten caption exactly, including the crossed out surname, but mark uncertain letters with square brackets?",,dataset_system_prompt,False,0.8933333333333333,0.8092717297322538,0.2727272727272727,0.8181818181818182,102,23,0.47373320898623206,48.55053343044912
V45,voiceink-validation,VoiceInk validation sample,1544,1544,fluid-1-mini-2b-6bit,Fluid-1 Mini 2B 6-bit,could you categorize the bike lock under transportation comma not recreation and split the ninety dollar hardware store purchase into sixty five home repair and twenty five garden question mark,"Could you categorize the bike lock under Transportation, not Recreation, and split the $90 hardware-store purchase into $65 for Home Repair and $25 for Garden?","Could you categorize the bike lock under transportation, not recreation, and split the $90 hardware store purchase into $65 home repair and $25 garden?",,dataset_system_prompt,False,0.9354838709677421,0.7721997114666039,0.36,0.949685534591195,105,34,0.572066916996846,59.43360643626846
V46,voiceink-validation,VoiceInk validation sample,1545,1545,fluid-1-mini-2b-6bit,Fluid-1 Mini 2B 6-bit,dear loan officer ive attached pay stubs for may and june but the april file is missing from my employers portal period is a bank statement acceptable instead question mark sincerely comma remy,"Dear Loan Officer,

I’ve attached pay stubs for May and June, but the April file is missing from my employer’s portal. Is a bank statement acceptable instead?

Sincerely,
Remy","Dear loan officer, I've attached pay stubs for May and June, but the April file is missing from my employer's portal. Is a bank statement acceptable? Sincerely, Remy",,dataset_system_prompt,False,0.9294117647058823,0.834285903519579,0.25,0.9428571428571428,112,38,0.6023914999968838,63.08189939631714
V47,voiceink-validation,VoiceInk validation sample,1621,1621,fluid-1-mini-2b-6bit,Fluid-1 Mini 2B 6-bit,could you explain why the estimate lists three point five labor hours for the alternator the phone quote said two hours and and did not mention a diagnostic fee question mark,Could you explain why the estimate lists 3.5 labor hours for the alternator? The phone quote said 2 hours and did not mention a diagnostic fee.,Could you explain why the estimate lists 3.5 labor hours for the alternator? The phone quote said 2 hours and did not mention a diagnostic fee?,,dataset_system_prompt,False,0.993006993006993,0.9844111579068389,0.038461538461538464,1.0,106,33,0.5538087499735411,59.58735755182022
V48,voiceink-validation,VoiceInk validation sample,1639,1639,fluid-1-mini-2b-6bit,Fluid-1 Mini 2B 6-bit,the accessible shuttle was booked for eight forty five but arrived at nine thirty passenger missed appointment r six one four can you document the delay and reschedule the ride question mark,The accessible shuttle was booked for 8:45 but arrived at 9:30. The passenger missed Appointment R614. Can you document the delay and reschedule the ride?,The accessible shuttle was booked for 8:45 but arrived at 9:30. Passenger missed appointment R614. Can you document the delay and reschedule the ride?,,dataset_system_prompt,False,0.9736842105263157,0.9091891700283302,0.12,0.974025974025974,107,39,0.6196950830053538,62.93417693563185
V49,voiceink-validation,VoiceInk validation sample,1673,1673,fluid-1-mini-2b-6bit,Fluid-1 Mini 2B 6-bit,application checklist bullet point two passport photos next item proof of address next item signed declaration page next item fee receipt new line bring originals and one copy of each,"Application checklist:
- 2 passport photos
- Proof of address
- Signed declaration page
- Fee receipt

Bring the originals and 1 copy of each.","Application Checklist:
- 2 passport photos
- Proof of address
- Signed declaration page
- Fee receipt

Bring originals and 1 copy of each.",,dataset_system_prompt,False,0.9785714285714284,0.9175359420519374,0.09523809523809523,0.971830985915493,104,33,0.5656440829916392,58.340573148871385
V50,voiceink-validation,VoiceInk validation sample,1691,1691,fluid-1-mini-2b-6bit,Fluid-1 Mini 2B 6-bit,dear costume rental the return sheet lists four hats but we received three period could you check the packing photo before charging the missing item fee question mark regards comma tessa,"Dear Costume Rental,

The return sheet lists 4 hats, but we received 3. Could you check the packing photo before charging the missing-item fee?

Regards,
Tessa","Dear costume rental,

The return sheet lists four hats, but we received three. Could you check the packing photo before charging the missing item fee?

Regards,
Tessa",,dataset_system_prompt,False,0.9476923076923077,0.8341007825758139,0.24,1.0440251572327044,107,36,0.5877933329902589,61.24601620923217
C01,curated-sample-50,Curated transcript cleanup sample,sample_001,,fluid-1-mini-2b-6bit,Fluid-1 Mini 2B 6-bit,the deployment finished successfully all services are healthy and no customer action is required,"The deployment finished successfully. All services are healthy, and no customer action is required.","The deployment finished successfully. All services are healthy, and no customer action is required.",,dataset_system_prompt,True,1.0,1.0,0.0,1.0,217,17,0.7640603329928126,22.249551855952607
C02,curated-sample-50,Curated transcript cleanup sample,sample_002,,fluid-1-mini-2b-6bit,Fluid-1 Mini 2B 6-bit,Can we move the review to Friday. because Maya is unavailable Thursday?,Can we move the review to Friday because Maya is unavailable Thursday?,Can we move the review to Friday because Maya is unavailable Thursday?,,dataset_system_prompt,True,1.0,1.0,0.0,1.0,217,13,0.5229551249940414,24.85872951364254
C03,curated-sample-50,Curated transcript cleanup sample,sample_003,,fluid-1-mini-2b-6bit,Fluid-1 Mini 2B 6-bit,uh please send the revised contract to Priya this afternoon,Please send the revised contract to Priya this afternoon.,Please send the revised contract to Priya this afternoon.,,dataset_system_prompt,True,1.0,1.0,0.0,1.0,214,11,0.4915378750010859,22.378743448764144
C04,curated-sample-50,Curated transcript cleanup sample,sample_004,,fluid-1-mini-2b-6bit,Fluid-1 Mini 2B 6-bit,I mean the main issue is basically that the export takes too long,The main issue is that the export takes too long.,The main issue is basically that the export takes too long.,,dataset_system_prompt,False,0.9074074074074074,0.8999063496855664,0.1,1.2040816326530612,216,12,0.43193904098006897,27.781698021026347
C05,curated-sample-50,Curated transcript cleanup sample,sample_005,,fluid-1-mini-2b-6bit,Fluid-1 Mini 2B 6-bit,the important thing the important thing is that we keep the existing backup,The important thing is that we keep the existing backup.,The important thing is that we keep the existing backup.,,dataset_system_prompt,True,1.0,1.0,0.0,1.0,216,11,0.47354124998673797,23.22923293442349
C06,curated-sample-50,Curated transcript cleanup sample,sample_006,,fluid-1-mini-2b-6bit,Fluid-1 Mini 2B 6-bit,p please confirm that the customer received the refund,Please confirm that the customer received the refund.,Please confirm that the customer received the refund.,,dataset_system_prompt,True,1.0,1.0,0.0,1.0,212,9,0.4399555830168538,20.456610502099775
C07,curated-sample-50,Curated transcript cleanup sample,sample_007,,fluid-1-mini-2b-6bit,Fluid-1 Mini 2B 6-bit,I wanted to ask whether actually please cancel tomorrow's check-in,Please cancel tomorrow's check-in.,I wanted to ask whether please cancel tomorrow's check-in.,,dataset_system_prompt,False,0.7173913043478263,0.7982753601306356,1.5,1.7058823529411764,215,12,0.4380556670075748,27.39377869934621
C08,curated-sample-50,Curated transcript cleanup sample,sample_008,,fluid-1-mini-2b-6bit,Fluid-1 Mini 2B 6-bit,schedule the review for Tuesday no sorry Thursday,Schedule the review for Thursday.,Schedule the review for Thursday.,,dataset_system_prompt,True,1.0,1.0,0.0,1.0,211,6,0.4149629580206238,14.459121914447598
C09,curated-sample-50,Curated transcript cleanup sample,sample_009,,fluid-1-mini-2b-6bit,Fluid-1 Mini 2B 6-bit,please review the sight migration plan before lunch,Please review the site migration plan before lunch.,Please review the sight migration plan before lunch.,,dataset_system_prompt,False,0.970873786407767,0.871767392252351,0.125,1.0196078431372548,211,9,0.4364297089923639,20.62187750870432
C10,curated-sample-50,Curated transcript cleanup sample,sample_010,,fluid-1-mini-2b-6bit,Fluid-1 Mini 2B 6-bit,store the session token in red is for fifteen minutes,Store the session token in Redis for 15 minutes.,Store the session token in red for 15 minutes.,,dataset_system_prompt,False,0.9574468085106383,0.8239159626087488,0.1111111111111111,0.9583333333333334,213,12,0.4741150419868063,25.31031276652458
C11,curated-sample-50,Curated transcript cleanup sample,sample_011,,fluid-1-mini-2b-6bit,Fluid-1 Mini 2B 6-bit,we received one thousand two hundred and forty six responses,"We received 1,246 responses.","We received 1,246 responses.",,dataset_system_prompt,True,1.0,1.0,0.0,1.0,213,10,0.4479797499952838,22.322437565772287
C12,curated-sample-50,Curated transcript cleanup sample,sample_012,,fluid-1-mini-2b-6bit,Fluid-1 Mini 2B 6-bit,the workshop starts on September twenty third twenty twenty six,"The workshop starts on September 23, 2026.","The workshop starts on September 23, 2026.",,dataset_system_prompt,True,1.0,1.0,0.0,1.0,213,15,0.4935597500007134,30.391457163956986
C13,curated-sample-50,Curated transcript cleanup sample,sample_013,,fluid-1-mini-2b-6bit,Fluid-1 Mini 2B 6-bit,the call begins at four thirty p m,The call begins at 4:30 PM.,The call begins at 4:30 PM.,,dataset_system_prompt,True,1.0,1.0,0.0,1.0,211,11,0.48126312499516644,22.85651949774976
C14,curated-sample-50,Curated transcript cleanup sample,sample_014,,fluid-1-mini-2b-6bit,Fluid-1 Mini 2B 6-bit,the replacement costs forty nine dollars and weighs two point five kilograms,The replacement costs $49 and weighs 2.5 kilograms.,The replacement costs $49 and weighs 2.5 kilograms.,,dataset_system_prompt,True,1.0,1.0,0.0,1.0,215,14,0.4794935839890968,29.19747097245486
C15,curated-sample-50,Curated transcript cleanup sample,sample_015,,fluid-1-mini-2b-6bit,Fluid-1 Mini 2B 6-bit,send the receipt to finance at acme dot com,Send the receipt to finance@acme.com.,Send the receipt to finance@acme.com.,,dataset_system_prompt,True,1.0,1.0,0.0,1.0,213,10,0.4676384170015808,21.384042962334714
C16,curated-sample-50,Curated transcript cleanup sample,sample_016,,fluid-1-mini-2b-6bit,Fluid-1 Mini 2B 6-bit,the documentation is available at docs dot example dot com slash setup,The documentation is available at docs.example.com/setup.,The documentation is available at docs.example.com/setup.,,dataset_system_prompt,True,1.0,1.0,0.0,1.0,215,10,0.4719208340102341,21.189994760399028
C17,curated-sample-50,Curated transcript cleanup sample,sample_017,,fluid-1-mini-2b-6bit,Fluid-1 Mini 2B 6-bit,yes comma I can send the draft today semicolon the figures will follow tomorrow period great work everyone exclamation mark,"Yes, I can send the draft today; the figures will follow tomorrow. Great work, everyone!","Yes, I can send the draft today; the figures will follow tomorrow. Great work everyone!",,dataset_system_prompt,False,0.9942857142857143,0.9478595522878821,0.06666666666666667,0.9886363636363636,225,19,0.5498727500089444,34.5534489564921
C18,curated-sample-50,Curated transcript cleanup sample,sample_018,,fluid-1-mini-2b-6bit,Fluid-1 Mini 2B 6-bit,Maya said open quote the release is ready close quote,"Maya said, “The release is ready.”","Maya said ""the release is ready.""",,dataset_system_prompt,False,0.8955223880597015,0.6766343636839958,0.5,0.9705882352941176,214,9,0.4402175829745829,20.44443554295658
C19,curated-sample-50,Curated transcript cleanup sample,sample_019,,fluid-1-mini-2b-6bit,Fluid-1 Mini 2B 6-bit,the migration is complete period new paragraph customers do not need to take any action period,"The migration is complete.

Customers do not need to take any action.","The migration is complete.

Customers do not need to take any action.",,dataset_system_prompt,True,1.0,1.0,0.0,1.0,219,15,0.4936301250127144,30.387124366880254
C20,curated-sample-50,Curated transcript cleanup sample,sample_020,,fluid-1-mini-2b-6bit,Fluid-1 Mini 2B 6-bit,bullet list apples new line rice new line olive oil,"- Apples
- Rice
- Olive oil","- Apples
- Rice
- Olive oil",,dataset_system_prompt,True,1.0,1.0,0.0,1.0,213,10,0.4380557919794228,22.828142403535985
C21,curated-sample-50,Curated transcript cleanup sample,sample_021,,fluid-1-mini-2b-6bit,Fluid-1 Mini 2B 6-bit,numbered list first back up the database second deploy the service third run the smoke tests,"1. Back up the database.
2. Deploy the service.
3. Run the smoke tests.","1. Back up the database
2. Deploy the service
3. Run the smoke tests",,dataset_system_prompt,False,0.9784172661870504,0.8522943293956972,0.25,0.9577464788732394,220,19,0.5710187079967,33.27386604662663
C22,curated-sample-50,Curated transcript cleanup sample,sample_022,,fluid-1-mini-2b-6bit,Fluid-1 Mini 2B 6-bit,dear Anika new paragraph thank you for reviewing the proposal new paragraph best regards new line Sam,"Dear Anika,

Thank you for reviewing the proposal.

Best regards,
Sam","Dear Anika,

Thank you for reviewing the proposal.

Best regards,
Sam",,dataset_system_prompt,True,1.0,1.0,0.0,1.0,222,18,0.5791155420010909,31.08188037537782
C23,curated-sample-50,Curated transcript cleanup sample,sample_023,,fluid-1-mini-2b-6bit,Fluid-1 Mini 2B 6-bit,heading weekly status new paragraph all planned work is complete,"# Weekly Status

All planned work is complete.","# Weekly Status

All planned work is complete.",,dataset_system_prompt,True,1.0,1.0,0.0,1.0,213,10,0.515565957990475,19.396160365158842
C24,curated-sample-50,Curated transcript cleanup sample,sample_024,,fluid-1-mini-2b-6bit,Fluid-1 Mini 2B 6-bit,the word comma appears twice in the first paragraph,The word “comma” appears twice in the first paragraph.,The word comma appears twice in the first paragraph.,,dataset_system_prompt,False,0.9811320754716981,0.8423853483413423,0.1111111111111111,0.9629629629629629,212,10,0.6502517919871025,15.378658118635906
C25,curated-sample-50,Curated transcript cleanup sample,sample_025,,fluid-1-mini-2b-6bit,Fluid-1 Mini 2B 6-bit,attach the file quarterly report final dot pdf and reference ticket a c m e dash four two seven,Attach the file quarterly-report-final.pdf and reference ticket ACME-427.,Attach the file quarterly_report_final.pdf and reference ticket ACM-427.,,dataset_system_prompt,False,0.9655172413793103,0.7859605804979876,0.25,0.9863013698630136,222,16,0.5623005829984322,28.454532119958003
C26,curated-sample-50,Curated transcript cleanup sample,sample_026,,fluid-1-mini-2b-6bit,Fluid-1 Mini 2B 6-bit,hi Priya comma new paragraph um could you send the revised budget to finance at acme dot com by four p m question mark new paragraph thanks comma new line Daniel,"Hi Priya,

Could you send the revised budget to finance@acme.com by 4:00 PM?

Thanks,
Daniel","Hi Priya,

Could you send the revised budget to finance@acme.com by 4 PM?

Thanks,
Daniel",,dataset_system_prompt,False,0.9834254143646409,0.927545478452293,0.07142857142857142,0.967391304347826,236,27,0.6648258749919478,40.612137727532065
C27,curated-sample-50,Curated transcript cleanup sample,sample_027,,fluid-1-mini-2b-6bit,Fluid-1 Mini 2B 6-bit,numbered list first archive the last thirty days of logs second increase the time out to forty five seconds third restart the a p i gateway,"1. Archive the last 30 days of logs.
2. Increase the timeout to 45 seconds.
3. Restart the API gateway.","1. Archive the last 30 days of logs
2. Increase the timeout to 45 seconds
3. Restart the API gateway",,dataset_system_prompt,False,0.9852216748768473,0.8965395695087515,0.16666666666666666,0.970873786407767,230,29,0.6868871669867076,42.219452326092444
C28,curated-sample-50,Curated transcript cleanup sample,sample_028,,fluid-1-mini-2b-6bit,Fluid-1 Mini 2B 6-bit,okay bullet list um coffee beans new line coffee filters coffee filters new line oat milk new line dish soap,"- Coffee beans
- Coffee filters
- Oat milk
- Dish soap","- Coffee beans
- Coffee filters
- Oat milk
- Dish soap",,dataset_system_prompt,True,1.0,1.0,0.0,1.0,223,16,0.5026599169941619,31.830666140395337
C29,curated-sample-50,Curated transcript cleanup sample,sample_029,,fluid-1-mini-2b-6bit,Fluid-1 Mini 2B 6-bit,heading meeting notes new paragraph date August thirtieth twenty twenty six new line time ten thirty a m new paragraph bullet list finalize the launch copy new line confirm the support schedule new line send the customer notice,"# Meeting Notes

Date: August 30, 2026
Time: 10:30 AM

- Finalize the launch copy.
- Confirm the support schedule.
- Send the customer notice.","# Meeting Notes

Date: August 30, 2026
Time: 10:30 AM
- Finalize the launch copy
- Confirm the support schedule
- Send the customer notice",,dataset_system_prompt,False,0.9857142857142859,0.9220652264716945,0.22727272727272727,0.971830985915493,243,45,0.8199086249805987,54.88416468489379
C30,curated-sample-50,Curated transcript cleanup sample,sample_030,,fluid-1-mini-2b-6bit,Fluid-1 Mini 2B 6-bit,Ravi said open quote we can launch on Monday no Tuesday close quote,"Ravi said, “We can launch on Tuesday.”","Ravi said, “We can launch on Monday, no, Tuesday.”",,dataset_system_prompt,False,0.8636363636363636,0.8507147144859778,0.2857142857142857,1.3157894736842106,217,15,0.5933524169959128,25.280085780965692
C31,curated-sample-50,Curated transcript cleanup sample,sample_031,,fluid-1-mini-2b-6bit,Fluid-1 Mini 2B 6-bit,uh upgrade the service to version two point four point one comma then check the guide at docs dot example dot com slash upgrade,"Upgrade the service to version 2.4.1, then check the guide at docs.example.com/upgrade.","Upgrade the service to version 2.4.1, then check the guide at docs.example.com/upgrade.",,dataset_system_prompt,True,1.0,1.0,0.0,1.0,227,23,0.6304276669980027,36.48317040005934
C32,curated-sample-50,Curated transcript cleanup sample,sample_032,,fluid-1-mini-2b-6bit,Fluid-1 Mini 2B 6-bit,ship three boxes to twenty four lake view road apartment seven b Kathmandu,"Ship 3 boxes to 24 Lake View Road, Apartment 7B, Kathmandu.","Ship 3 boxes to 24 Lake View Road, Apartment 7B, Kathmandu.",,dataset_system_prompt,True,1.0,1.0,0.0,1.0,218,21,0.5804342500050552,36.17980847928444
C33,curated-sample-50,Curated transcript cleanup sample,sample_033,,fluid-1-mini-2b-6bit,Fluid-1 Mini 2B 6-bit,move the demo from September tenth at two p m no make that September eleventh at three thirty p m,Move the demo to September 11 at 3:30 PM.,Move the demo from September 11 at 3:30 PM.,,dataset_system_prompt,False,0.9523809523809522,0.8419696847095278,0.1111111111111111,1.048780487804878,224,16,0.5040651669842191,31.74192752839221
C34,curated-sample-50,Curated transcript cleanup sample,sample_034,,fluid-1-mini-2b-6bit,Fluid-1 Mini 2B 6-bit,heading quarterly results new paragraph bullet list revenue increased by twelve percent new line support costs fell by eight point five percent new line cash balance is two point three million dollars,"# Quarterly Results

- Revenue increased by 12%.
- Support costs fell by 8.5%.
- Cash balance is $2.3 million.","# Quarterly Results

- Revenue increased by 12%
- Support costs fell by 8.5%
- Cash balance is $2.3 million",,dataset_system_prompt,False,0.9861751152073732,0.8730400544727782,0.16666666666666666,0.9727272727272728,235,33,0.7917242919793352,41.68117655894955
C35,curated-sample-50,Curated transcript cleanup sample,sample_035,,fluid-1-mini-2b-6bit,Fluid-1 Mini 2B 6-bit,okay steps colon first download the archive second unzip it into the tools folder third run setup dot sh,"Steps:

1. Download the archive.
2. Unzip it into the tools folder.
3. Run setup.sh.","Steps:
1. Download the archive.
2. Unzip it into the tools folder.
3. Run setup.sh.",,dataset_system_prompt,False,0.9940119760479041,1.0,0.15384615384615385,0.9880952380952381,222,27,0.610210625018226,44.247017165906534
C36,curated-sample-50,Curated transcript cleanup sample,sample_036,,fluid-1-mini-2b-6bit,Fluid-1 Mini 2B 6-bit,the pilot went well period new paragraph um twelve people completed onboarding comma and ten activated their accounts period new paragraph the next session is Friday at nine a m full stop,"The pilot went well.

Twelve people completed onboarding, and 10 activated their accounts.

The next session is Friday at 9:00 AM.","The pilot went well.

12 people completed onboarding, and 10 activated their accounts.

The next session is Friday at 9 AM.",,dataset_system_prompt,False,0.9565217391304348,0.8817596193979744,0.09523809523809523,0.9461538461538461,236,32,0.7298975839803461,43.84176725931136
C37,curated-sample-50,Curated transcript cleanup sample,sample_037,,fluid-1-mini-2b-6bit,Fluid-1 Mini 2B 6-bit,hello Marcus comma new paragraph please send the invoice to billing at north star dot io no sorry accounts at north star dot io new paragraph kind regards comma new line Lena,"Hello Marcus,

Please send the invoice to accounts@northstar.io.

Kind regards,
Lena","Hello Marcus,

Please send the invoice to accounts@northstar.io.

Kind regards,
Lena",,dataset_system_prompt,True,1.0,1.0,0.0,1.0,235,22,0.6378770840237848,34.48940328945831
C38,curated-sample-50,Curated transcript cleanup sample,sample_038,,fluid-1-mini-2b-6bit,Fluid-1 Mini 2B 6-bit,bug report colon the app crashes when opening settings dot j son period attach crash log dash two zero two six zero eight three zero dot text and reference issue v o i dash nine one eight,Bug report: The app crashes when opening settings.json. Attach crash-log-20260830.txt and reference issue VOI-918.,Bug report: The app crashes when opening settings.json. Attach crash log-20260830.txt and reference issue VOI-918.,,dataset_system_prompt,False,0.9912280701754387,0.9490228316900579,0.14285714285714285,1.0,240,34,0.9715878340066411,34.99426280359085
C39,curated-sample-50,Curated transcript cleanup sample,sample_039,,fluid-1-mini-2b-6bit,Fluid-1 Mini 2B 6-bit,note colon the trial period ends tomorrow comma but the word period in the heading should remain lowercase period,"Note: The trial period ends tomorrow, but the word “period” in the heading should remain lowercase.","Note: The trial period ends tomorrow, but the word period in the heading should remain lowercase.",,dataset_system_prompt,False,0.989795918367347,0.9178204544932009,0.0625,0.9797979797979798,222,19,0.5591617499885615,33.97943439512569
C40,curated-sample-50,Curated transcript cleanup sample,sample_040,,fluid-1-mini-2b-6bit,Fluid-1 Mini 2B 6-bit,open quote good writing is clear writing close quote new line dash Maya Chen,"“Good writing is clear writing.”
—Maya Chen","“Good writing is clear writing”
- Maya Chen",,dataset_system_prompt,False,0.9534883720930233,0.7832071047571819,0.3333333333333333,1.0,217,11,0.456718292000005,24.08486849044329
C41,curated-sample-50,Curated transcript cleanup sample,sample_041,,fluid-1-mini-2b-6bit,Fluid-1 Mini 2B 6-bit,recipe colon new paragraph numbered list first mix two cups of flour and one teaspoon of salt second add three hundred milliliters of water third bake for forty minutes at two hundred degrees Celsius,"Recipe:

1. Mix 2 cups of flour and 1 teaspoon of salt.
2. Add 300 milliliters of water.
3. Bake for 40 minutes at 200 degrees Celsius.","Recipe:
1. Mix 2 cups of flour and 1 teaspoon of salt.
2. Add 300 milliliters of water.
3. Bake for 40 minutes at 200 degrees Celsius.",,dataset_system_prompt,False,0.9962825278810409,1.0,0.08,0.9925925925925926,239,49,0.863684124982683,56.733704583238065
C42,curated-sample-50,Curated transcript cleanup sample,sample_042,,fluid-1-mini-2b-6bit,Fluid-1 Mini 2B 6-bit,travel plan colon new paragraph September fifth flight at seven fifteen a m new line September sixth workshop at nine a m new line hotel budget one hundred eighty dollars per night,"Travel Plan:

- September 5: Flight at 7:15 AM.
- September 6: Workshop at 9:00 AM.
- Hotel budget: $180 per night.","Travel plan:
- September 5 flight at 7:15 AM
- September 6 workshop at 9 AM
- Hotel budget $180 per night",,dataset_system_prompt,False,0.9272727272727272,0.6633906674045239,0.55,0.9130434782608695,235,36,0.7518092909886036,47.88448404602878
C43,curated-sample-50,Curated transcript cleanup sample,sample_043,,fluid-1-mini-2b-6bit,Fluid-1 Mini 2B 6-bit,heading customer update new paragraph um three updates colon the mobile fix is live comma the desktop release is in review in review comma and support has answered all open tickets,"# Customer Update

- The mobile fix is live.
- The desktop release is in review.
- Support has answered all open tickets.","Customer Update

3 Updates:
- The mobile fix is live.
- The desktop release is in review.
- Support has answered all open tickets.",,dataset_system_prompt,False,0.9482071713147411,0.9419245017723334,0.14285714285714285,1.0743801652892562,234,32,0.735378415993182,43.51501118887433
C44,curated-sample-50,Curated transcript cleanup sample,sample_044,,fluid-1-mini-2b-6bit,Fluid-1 Mini 2B 6-bit,the c c d n cache cache should expire after three hundred seconds and the key belongs in red is,"The CDN cache should expire after 300 seconds, and the key belongs in Redis.","The CDN cache should expire after 300 seconds, and the key belongs in red.",,dataset_system_prompt,False,0.9733333333333334,0.9136307991162588,0.07142857142857142,0.9736842105263158,223,19,0.5199147500097752,36.54445271968678
C45,curated-sample-50,Curated transcript cleanup sample,sample_045,,fluid-1-mini-2b-6bit,Fluid-1 Mini 2B 6-bit,question colon are we still planning to launch Friday question mark new paragraph answer colon yes comma assuming the final review passes period,"Question: Are we still planning to launch Friday?

Answer: Yes, assuming the final review passes.","Question: Are we still planning to launch Friday?

Answer: Yes, assuming the final review passes.",,dataset_system_prompt,True,1.0,1.0,0.0,1.0,226,21,0.8005363330012187,26.232413363764252
C46,curated-sample-50,Curated transcript cleanup sample,sample_046,,fluid-1-mini-2b-6bit,Fluid-1 Mini 2B 6-bit,hello this is Nina from Acme support comma I'm calling about ticket a c dash seven four two period please call me back at five p m period thank you,"Hello, this is Nina from Acme Support. I'm calling about ticket AC-742. Please call me back at 5:00 PM. Thank you.","Hello,

This is Nina from Acme Support, I'm calling about ticket AC-742. Please call me back at 5 PM.

Thank you.",,dataset_system_prompt,False,0.9427312775330396,0.8565900683238368,0.14285714285714285,0.9912280701754386,235,35,0.7161256250110455,48.874106410394354
C47,curated-sample-50,Curated transcript cleanup sample,sample_047,,fluid-1-mini-2b-6bit,Fluid-1 Mini 2B 6-bit,heading launch checklist new paragraph bullet list open quote release approved close quote from Maya new line deploy version three point two new line email status at acme dot com after launch,"# Launch Checklist

- “Release approved,” from Maya.
- Deploy version 3.2.
- Email status@acme.com after launch.","# Launch Checklist
- ""Release approved"" from Maya
- Deploy version 3.2
- Email status@acme.com after launch",,dataset_system_prompt,False,0.9589041095890412,0.7924340550600003,0.4666666666666667,0.9553571428571429,236,29,0.6927265000122134,41.863563757830406
C48,curated-sample-50,Curated transcript cleanup sample,sample_048,,fluid-1-mini-2b-6bit,Fluid-1 Mini 2B 6-bit,dear team comma uh the launch is complete period the launch is complete and all systems are healthy period please report issues at status dot example dot com slash support period best comma Arjun,"Dear Team,

The launch is complete, and all systems are healthy.

Please report issues at status.example.com/support.

Best,
Arjun","Dear team,

The launch is complete and all systems are healthy. Please report issues at status.example.com/support.

Best,
Arjun",,dataset_system_prompt,False,0.9767441860465115,0.9216472210789073,0.11764705882352941,0.9846153846153847,239,29,0.6923960419953801,41.88354386952648
C49,curated-sample-50,Curated transcript cleanup sample,sample_049,,fluid-1-mini-2b-6bit,Fluid-1 Mini 2B 6-bit,"The migration completed successfully, and no customer action is required.","The migration completed successfully, and no customer action is required.","The migration completed successfully, and no customer action is required.",,dataset_system_prompt,True,1.0,1.0,0.0,1.0,215,12,0.44903616700321436,26.723905292720218
C50,curated-sample-50,Curated transcript cleanup sample,sample_050,,fluid-1-mini-2b-6bit,Fluid-1 Mini 2B 6-bit,Could you send the revised proposal before Friday afternoon?,Could you send the revised proposal before Friday afternoon?,Could you send the revised proposal before Friday afternoon?,,dataset_system_prompt,True,1.0,1.0,0.0,1.0,213,10,0.44151912501547486,22.649075506410984
V01,voiceink-validation,VoiceInk validation sample,59,59,gpt-5.6-sol-low,GPT-5.6 Sol (low reasoning),mina where should i return the folding chairs the parish hall or the sports pavilion question mark and who has the storage key i can go tomorrow,"Mina, where should I return the folding chairs, the parish hall or the sports pavilion? And who has the storage key? I can go tomorrow.","Mina, where should I return the folding chairs: the parish hall or the sports pavilion? And who has the storage key? I can go tomorrow.",,native_prompt,False,0.9925925925925925,0.9628272004837606,0.04,1.0,,,,
V02,voiceink-validation,VoiceInk validation sample,67,67,gpt-5.6-sol-low,GPT-5.6 Sol (low reasoning),message to dev colon the freezer door looks shut but it isnt sealing comma so push it until you hear two clicks not one full stop,"Message to Dev: The freezer door looks shut, but it isn’t sealing, so push it until you hear 2 clicks, not one.","Message to Dev: The freezer door looks shut, but it isn't sealing, so push it until you hear two clicks, not one.",,native_prompt,False,0.9732142857142857,0.9077934121597024,0.09090909090909091,1.018018018018018,,,,
V03,voiceink-validation,VoiceInk validation sample,113,113,gpt-5.6-sol-low,GPT-5.6 Sol (low reasoning),dear ken we heard about your new house period may we visit next sunday around tea time question mark warm wishes comma lou and fay,"Dear Ken,

We heard about your new house. May we visit next Sunday around teatime?

Warm wishes,
Lou and Fay","Dear Ken,

We heard about your new house. May we visit next Sunday around teatime?

Warm wishes,
Lou and Fay",,native_prompt,True,1.0,1.0,0.0,1.0,,,,
V04,voiceink-validation,VoiceInk validation sample,213,213,gpt-5.6-sol-low,GPT-5.6 Sol (low reasoning),can the taxi take four passengers plus a folding wheelchair and two medium cases or should we request a larger car question mark for the airport run,"Can the taxi take 4 passengers, a folding wheelchair, and 2 medium cases, or should we request a larger car for the airport run?","Can the taxi take four passengers, a folding wheelchair, and two medium cases, or should we request a larger car for the airport run?",,native_prompt,False,0.9655172413793103,0.914219961313523,0.08333333333333333,1.0390625,,,,
V05,voiceink-validation,VoiceInk validation sample,426,426,gpt-5.6-sol-low,GPT-5.6 Sol (low reasoning),before the guests arrive saturday morning comma separate the white laundry wash the towels at sixty and hang the linen shirts instead of machine drying them,"Before the guests arrive Saturday morning, separate the white laundry, wash the towels at 60 degrees, and hang the linen shirts instead of machine-drying them.","Before the guests arrive Saturday morning, separate the white laundry, wash the towels at 60 degrees, and hang the linen shirts instead of machine-drying them.",,native_prompt,True,1.0,1.0,0.0,1.0,,,,
V06,voiceink-validation,VoiceInk validation sample,465,465,gpt-5.6-sol-low,GPT-5.6 Sol (low reasoning),dear neighbors please collect your post from the lower lobby shelf by friday evening period anything remaining there will move to reception before mondays delivery,"Dear Neighbors,

Please collect your post from the lower lobby shelf by Friday evening. Anything remaining there will move to Reception before Monday’s delivery.","Dear Neighbors,

Please collect your post from the lower lobby shelf by Friday evening. Anything remaining there will be moved to reception before Monday's delivery.",,native_prompt,False,0.9754601226993865,0.8918515132561757,0.16666666666666666,1.0248447204968945,,,,
V07,voiceink-validation,VoiceInk validation sample,582,582,gpt-5.6-sol-low,GPT-5.6 Sol (low reasoning),support closed the incident at eleven forty p m utc service had been stable since ten oh five and monitoring continued overnight with the incident commander remaining on call,"Support closed the incident at 11:40 PM UTC. Service had been stable since 10:05, and monitoring continued overnight. The Incident Commander remained on call.","Support closed the incident at 11:40 PM UTC. Service had been stable since 10:05, and monitoring continued overnight, with the incident commander remaining on call.",,native_prompt,False,0.9440993788819876,0.8581418210982927,0.25,1.0379746835443038,,,,
V08,voiceink-validation,VoiceInk validation sample,650,650,gpt-5.6-sol-low,GPT-5.6 Sol (low reasoning),the sales manager approved the five percent discount but not the free implementation package shown in the latest quote despite a separate verbal concession request,"The Sales manager approved the 5% discount, but not the free implementation package shown in the latest quote. A separate verbal concession request remains unapproved.","The sales manager approved the 5% discount, but not the free implementation package shown in the latest quote, despite a separate verbal concession request.",,native_prompt,False,0.8978328173374613,0.8237590268025126,0.28,0.9341317365269461,,,,
V09,voiceink-validation,VoiceInk validation sample,948,948,gpt-5.6-sol-low,GPT-5.6 Sol (low reasoning),why did the nightly pipe line finish green even though the schema validation step logged seventeen errors is continue on error set somewhere question mark,Why did the nightly pipeline finish green even though the schema validation step logged 17 errors? Is continue-on-error set somewhere?,Why did the nightly pipeline finish green even though the schema validation step logged 17 errors? Is continue-on-error set somewhere?,,native_prompt,True,1.0,1.0,0.0,1.0,,,,
V10,voiceink-validation,VoiceInk validation sample,1001,1001,gpt-5.6-sol-low,GPT-5.6 Sol (low reasoning),please shorten the permission dialog it currently says in order to continue we need to be able to access your microphone period keep the reason visible though,"Please shorten the permission dialog. It currently says, “In order to continue, we need to be able to access your microphone.” Keep the reason visible, though.","Please shorten the permission dialog. It currently says, ""In order to continue, we need to be able to access your microphone."" Keep the reason visible, though.",,native_prompt,False,0.9874213836477987,0.9322802293950019,0.07692307692307693,1.0,,,,
V11,voiceink-validation,VoiceInk validation sample,1107,1107,gpt-5.6-sol-low,GPT-5.6 Sol (low reasoning),the search index skipped records with emoji in the title reprocessing succeeds after unicode normalization form c is applied period existing records need back filling,The search index skipped records with emoji in the title. Reprocessing succeeds after Unicode Normalization Form C is applied. Existing records need backfilling.,The search index skipped records with emoji in the title. Reprocessing succeeds after Unicode Normalization Form C is applied. Existing records need backfilling.,,native_prompt,True,1.0,1.0,0.0,1.0,,,,
V12,voiceink-validation,VoiceInk validation sample,1111,1111,gpt-5.6-sol-low,GPT-5.6 Sol (low reasoning),paragraph break the tablet layout is usable in portrait period in landscape the sticky footer overlaps the final form field by twenty four pixels period rotation does not recalculate it,"The tablet layout is usable in portrait. In landscape, the sticky footer overlaps the final form field by 24 pixels. Rotation does not recalculate it.","The tablet layout is usable in portrait. In landscape, the sticky footer overlaps the final form field by 24 pixels. Rotation does not recalculate it.",,native_prompt,True,1.0,1.0,0.0,1.0,,,,
V13,voiceink-validation,VoiceInk validation sample,1211,1211,gpt-5.6-sol-low,GPT-5.6 Sol (low reasoning),can you check whether the variance calculation uses n or n minus one results differ from the published table by point zero three before correcting the published appendix,Can you check whether the variance calculation uses n or n−1? Results differ from the published table by 0.03. Check this before correcting the published appendix.,Can you check whether the variance calculation uses n or n minus one? The results differ from the published table by 0.03. Check before correcting the published appendix.,,native_prompt,False,0.9309309309309309,0.8838283264831152,0.23076923076923078,1.0429447852760736,,,,
V14,voiceink-validation,VoiceInk validation sample,1257,1257,gpt-5.6-sol-low,GPT-5.6 Sol (low reasoning),during the quarterly structural survey inspection at pier two found minor scaling above the water line comma no exposed reinforcement and no measurable change since march,"During the quarterly structural survey, inspection at Pier 2 found minor scaling above the waterline, no exposed reinforcement, and no measurable change since March.","During the quarterly structural survey, an inspection at Pier 2 found minor scaling above the waterline, no exposed reinforcement, and no measurable change since March.",,native_prompt,False,0.990990990990991,0.9779515222063315,0.041666666666666664,1.018181818181818,,,,
V15,voiceink-validation,VoiceInk validation sample,1368,1368,gpt-5.6-sol-low,GPT-5.6 Sol (low reasoning),thirty minute discharge test reading colon battery bank voltage was twenty five point six at rest comma then dropped to twenty two point nine under inverter load,"30-minute discharge-test reading: Battery-bank voltage was 25.6 at rest, then dropped to 22.9 under inverter load.","30-minute discharge test reading: Battery-bank voltage was 25.6 at rest, then dropped to 22.9 under inverter load.",,native_prompt,False,0.9912280701754387,0.9512429242547737,0.125,1.0,,,,
V16,voiceink-validation,VoiceInk validation sample,1396,1396,gpt-5.6-sol-low,GPT-5.6 Sol (low reasoning),dear nina before the accessibility review meeting note that the attached screen reader transcript timestamps correspond to build one eighty four not the latest beta,"Dear Nina,

Before the accessibility-review meeting, note that the attached screen-reader transcript timestamps correspond to Build 184, not the latest beta.","Dear Nina,

Before the accessibility review meeting, note that the attached screen-reader transcript timestamps correspond to Build 184, not the latest beta.",,native_prompt,False,0.9936305732484076,0.9640546096283295,0.09523809523809523,1.0,,,,
V17,voiceink-validation,VoiceInk validation sample,1605,1605,gpt-5.6-sol-low,GPT-5.6 Sol (low reasoning),dear garden club saturdays seed swap moves indoors to room four because rain is likely period label packets with variety and harvest year cheers comma monica,"Dear Garden Club,

Saturday’s seed swap moves indoors to Room 4 because rain is likely. Label packets with the variety and harvest year.

Cheers,
Monica","Dear Garden Club,

Saturday's seed swap moves indoors to Room 4 because rain is likely. Label the packets with the variety and harvest year.

Cheers,
Monica",,native_prompt,False,0.9805194805194806,0.9405028354229479,0.08333333333333333,1.0263157894736843,,,,
V18,voiceink-validation,VoiceInk validation sample,1616,1616,gpt-5.6-sol-low,GPT-5.6 Sol (low reasoning),event recap colon one hundred eighty four attendees checked in and seventeen walk ins paid at the door period the west room session filled first but but no one was turned away,"Event recap: 184 attendees checked in, and 17 walk-ins paid at the door. The West Room session filled first, but no one was turned away.","Event recap: 184 attendees checked in, and 17 walk-ins paid at the door. The West Room session filled first, but no one was turned away.",,native_prompt,True,1.0,1.0,0.0,1.0,,,,
V19,voiceink-validation,VoiceInk validation sample,1711,1711,gpt-5.6-sol-low,GPT-5.6 Sol (low reasoning),our pickup window was one to three and and no driver came can you reschedule for tomorrow morning without creating a second charge question mark there are seven boxes,"Our pickup window was 1:00 to 3:00, and no driver came. Can you reschedule for tomorrow morning without creating a second charge? There are 7 boxes.","Our pickup window was from 1:00 to 3:00, and no driver came. Can you reschedule for tomorrow morning without creating a second charge? There are seven boxes.",,native_prompt,False,0.9639344262295082,0.9343764098348066,0.07692307692307693,1.0608108108108107,,,,
V20,voiceink-validation,VoiceInk validation sample,1826,1826,gpt-5.6-sol-low,GPT-5.6 Sol (low reasoning),lock report colon rear office lever sticks when pulled upward latch works from inside but but key rotation outside stops halfway do not force it,"Lock report: The rear-office lever sticks when pulled upward. The latch works from inside, but key rotation outside stops halfway. Do not force it.","Lock report: The rear-office lever sticks when pulled upward. The latch works from inside, but the key rotation outside stops halfway. Do not force it.",,native_prompt,False,0.9865771812080537,0.9746354686243981,0.041666666666666664,1.0272108843537415,,,,
V21,voiceink-validation,VoiceInk validation sample,57,57,gpt-5.6-sol-low,GPT-5.6 Sol (low reasoning),please ask the bus station whether the midnight coach has under floor luggage storage and um whether bicycles need a separate reservation question mark for next friday night,Please ask the bus station whether the midnight coach has underfloor luggage storage and whether bicycles need a separate reservation for next Friday night.,Please ask the bus station whether the midnight coach has underfloor luggage storage and whether bicycles need a separate reservation for next Friday night.,,native_prompt,True,1.0,1.0,0.0,1.0,,,,
V22,voiceink-validation,VoiceInk validation sample,550,550,gpt-5.6-sol-low,GPT-5.6 Sol (low reasoning),ask operations why the overnight shipment went to phoenix instead of tucson comma include tracking number nine three six zero zero one and request a corrected delivery estimate,"Ask Operations why the overnight shipment went to Phoenix instead of Tucson, include tracking number 936001, and request a corrected delivery estimate.","Ask Operations why the overnight shipment went to Phoenix instead of Tucson, include tracking number 936001, and request a corrected delivery estimate.",,native_prompt,True,1.0,1.0,0.0,1.0,,,,
V23,voiceink-validation,VoiceInk validation sample,629,629,gpt-5.6-sol-low,GPT-5.6 Sol (low reasoning),the budget deck accidentally labels fiscal year twenty twenty six as calendar year twenty twenty six period the underlying numbers are fiscal and the footnote uses the same incorrect label,The budget deck accidentally labels fiscal year 2026 as calendar year 2026. The underlying numbers are fiscal-year figures. The footnote uses the same incorrect label.,"The budget deck accidentally labels fiscal year 2026 as calendar year 2026. The underlying numbers are fiscal, and the footnote uses the same incorrect label.",,native_prompt,False,0.9415384615384617,0.8803745271713368,0.12,0.9461077844311377,,,,
V24,voiceink-validation,VoiceInk validation sample,652,652,gpt-5.6-sol-low,GPT-5.6 Sol (low reasoning),the monday notes should say decision deferred pending tax advice comma not decision denied and the follow up owner is casey from treasury before circulating the revised record,"The Monday notes should say, “Decision deferred pending tax advice,” not “Decision denied,” and the follow-up owner is Casey from Treasury. Circulate the revised record afterward.","The Monday notes should say, “Decision deferred pending tax advice,” not “Decision denied,” and the follow-up owner is Casey from Treasury, before circulating the revised record.",,native_prompt,False,0.9299719887955181,0.8820162089953495,0.19230769230769232,0.994413407821229,,,,
V25,voiceink-validation,VoiceInk validation sample,658,658,gpt-5.6-sol-low,GPT-5.6 Sol (low reasoning),the service report lists priority one downtime as forty eight minutes the incident timeline supports only thirty eight because monitoring recovered earlier and customer success disputes the longer figure,The service report lists Priority 1 downtime as 48 minutes. The incident timeline supports only 38 minutes because monitoring recovered earlier. Customer Success disputes the longer figure.,"The service report lists Priority 1 downtime as 48 minutes. The incident timeline supports only 38 because monitoring recovered earlier, and Customer Success disputes the longer figure.",,native_prompt,False,0.9625668449197861,0.9177399681327063,0.1111111111111111,0.9788359788359788,,,,
V26,voiceink-validation,VoiceInk validation sample,669,669,gpt-5.6-sol-low,GPT-5.6 Sol (low reasoning),the investigation scope covers expense approvals from january through april it does not include vendor selection or contract negotiation unless new evidence expands the review,The investigation scope covers expense approvals from January through April. It does not include vendor selection or contract negotiation. New evidence could expand the review.,The investigation scope covers expense approvals from January through April. It does not include vendor selection or contract negotiation unless new evidence expands the review.,,native_prompt,False,0.9518413597733713,0.8836023501462565,0.2,1.0056818181818181,,,,
V27,voiceink-validation,VoiceInk validation sample,704,704,gpt-5.6-sol-low,GPT-5.6 Sol (low reasoning),following the latest litigation update the controller approved a two hundred fifty thousand reserve comma subject to receiving counsels final estimate before close by noon tomorrow,"Following the latest litigation update, the Controller approved a $250,000 reserve, subject to receiving counsel’s final estimate before close. Counsel’s estimate is due by noon tomorrow.","Following the latest litigation update, the controller approved a $250,000 reserve, subject to receiving counsel’s final estimate before close by noon tomorrow.",,native_prompt,False,0.9164265129682997,0.8347175041165223,0.23076923076923078,0.8556149732620321,,,,
V28,voiceink-validation,VoiceInk validation sample,811,811,gpt-5.6-sol-low,GPT-5.6 Sol (low reasoning),would you send the customer the maintenance window in both eastern and greenwich mean time comma make clear that service may be intermittent before the maintenance notice is translated,"Would you send the customer the maintenance window in both Eastern Time and Greenwich Mean Time, and make clear that service may be intermittent? The maintenance notice will be translated afterward.",Would you send the customer the maintenance window in both Eastern and Greenwich Mean Time? Make clear that service may be intermittent before the maintenance notice is translated.,,native_prompt,False,0.8941798941798942,0.7735029588958372,0.3548387096774194,0.9090909090909091,,,,
V29,voiceink-validation,VoiceInk validation sample,813,813,gpt-5.6-sol-low,GPT-5.6 Sol (low reasoning),who owns the response to the accessibility questionnaire question mark product answered the first section but legal and security sections remain blank before friday afternoons submission deadline,"Who owns the response to the accessibility questionnaire? Product answered the first section, but the Legal and Security sections remain blank. Friday afternoon’s submission deadline is approaching.","Who owns the response to the accessibility questionnaire? Product answered the first section, but the Legal and Security sections remain blank before Friday afternoon’s submission deadline.",,native_prompt,False,0.9405684754521964,0.9010545499912535,0.18518518518518517,0.9545454545454546,,,,
V30,voiceink-validation,VoiceInk validation sample,817,817,gpt-5.6-sol-low,GPT-5.6 Sol (low reasoning),please route the exception request to ethics and compliance comma not employee relations and attach the original disclosure from february because the reporting path was incorrect,"Please route the exception request to Ethics and Compliance, not Employee Relations, and attach the original disclosure from February. The reporting path was incorrect.","Please route the exception request to Ethics and Compliance, not Employee Relations, and attach the original disclosure from February because the reporting path was incorrect.",,native_prompt,False,0.967930029154519,0.9473708135651926,0.125,1.0416666666666667,,,,
V31,voiceink-validation,VoiceInk validation sample,840,840,gpt-5.6-sol-low,GPT-5.6 Sol (low reasoning),can we use the clients logo in the investor presentation question mark the marketing consent covers our website but does not mention fundraising materials before marketing finalizes the presentation,Can we use the client’s logo in the investor presentation? The marketing consent covers our website but does not mention fundraising materials. Marketing has not finalized the presentation.,Can we use the client’s logo in the investor presentation? The marketing consent covers our website but does not mention fundraising materials. Confirm before Marketing finalizes the presentation.,,native_prompt,False,0.9350649350649349,0.8950381015540401,0.14285714285714285,1.037037037037037,,,,
V32,voiceink-validation,VoiceInk validation sample,856,856,gpt-5.6-sol-low,GPT-5.6 Sol (low reasoning),could you request wheelchair access for the site tour comma including the production floor and emergency assembly area not only the lobby because the full group will participate,"Could you request wheelchair access for the site tour, including the production floor and emergency-assembly area, not only the lobby? The full group will participate.","Could you request wheelchair access for the site tour, including the production floor and emergency assembly area, not only the lobby, because the full group will participate?",,native_prompt,False,0.9532163742690059,0.9040467632789109,0.24,1.0479041916167664,,,,
V33,voiceink-validation,VoiceInk validation sample,902,902,gpt-5.6-sol-low,GPT-5.6 Sol (low reasoning),for all three finalists this week ask procurement for the evaluation rubric before vendor presentations we should not change weighting after seeing demonstrations before scoring begins,"For all 3 finalists this week, ask Procurement for the evaluation rubric before vendor presentations. We should not change weighting after seeing demonstrations. Finalize the rubric before scoring begins.","For all three finalists this week, ask Procurement for the evaluation rubric before the vendor presentations. We should not change the weighting after seeing demonstrations and before scoring begins.",,native_prompt,False,0.9131513647642681,0.8454769741195168,0.2413793103448276,0.9754901960784313,,,,
V34,voiceink-validation,VoiceInk validation sample,926,926,gpt-5.6-sol-low,GPT-5.6 Sol (low reasoning),before approving reimbursement can you change coding from client entertainment to employee meal question mark all attendees were internal and no customer joined in the expense system,"Before approving reimbursement, can you change coding from Client Entertainment to Employee Meal? All attendees were internal, and no customer joined. Make the change in the expense system.","Before approving reimbursement, can you change the coding from Client Entertainment to Employee Meal? All attendees were internal, and no customer joined, according to the expense system.",,native_prompt,False,0.9308510638297872,0.8794088423677573,0.21428571428571427,0.9894179894179894,,,,
V35,voiceink-validation,VoiceInk validation sample,1083,1083,gpt-5.6-sol-low,GPT-5.6 Sol (low reasoning),inspection item bullet point north anchor secure bullet point south anchor needs re torque bullet point conduit label missing near junction box four new line photos saved in folder seven,"Inspection items:
- North anchor secure
- South anchor needs retorquing
- Conduit label missing near Junction Box 4

Photos are saved in Folder 7.","Inspection items:
- North anchor secure
- South anchor needs retorquing
- Conduit label missing near Junction Box 4

Photos saved in Folder 7.",,native_prompt,False,0.9861111111111112,0.9562179257682711,0.045454545454545456,0.9726027397260274,,,,
V36,voiceink-validation,VoiceInk validation sample,1100,1100,gpt-5.6-sol-low,GPT-5.6 Sol (low reasoning),sample c twelve was thawed for approximately eighteen minutes comma returned to minus eighty and flagged for sensitivity analysis period no visible leakage occurred afterward,"Sample C12 was thawed for approximately 18 minutes, returned to −80°C, and flagged for sensitivity analysis. No visible leakage occurred afterward.","Sample C12 was thawed for approximately 18 minutes, returned to −80, and flagged for sensitivity analysis. No visible leakage occurred afterward.",,native_prompt,False,0.9931506849315067,0.959665538655225,0.047619047619047616,0.9863945578231292,,,,
V37,voiceink-validation,VoiceInk validation sample,1177,1177,gpt-5.6-sol-low,GPT-5.6 Sol (low reasoning),for our final storage comparison write this technical question to the vendor colon what is the maximum sustained write rate with encryption enabled and raid six active question mark,"For our final storage comparison, write this technical question to the vendor: What is the maximum sustained write rate with encryption enabled and RAID 6 active?","For our final storage comparison, write this technical question to the vendor: What is the maximum sustained write rate with encryption enabled and RAID 6 active?",,native_prompt,True,1.0,1.0,0.0,1.0,,,,
V38,voiceink-validation,VoiceInk validation sample,1209,1209,gpt-5.6-sol-low,GPT-5.6 Sol (low reasoning),for the production system prompt please turn the model instructions into a numbered priority list colon safety constraints first output schema second and style preferences third,"For the production system prompt, please turn the model instructions into a numbered priority list:
1. Safety constraints
2. Output schema
3. Style preferences","For the production system prompt, please turn the model instructions into a numbered priority list:
1. Safety constraints
2. Output schema
3. Style preferences",,native_prompt,True,1.0,1.0,0.0,1.0,,,,
V39,voiceink-validation,VoiceInk validation sample,1412,1412,gpt-5.6-sol-low,GPT-5.6 Sol (low reasoning),class reminder colon the ecology quiz is next monday not this friday and chapters six through eight are included new line bring a pencil your field notebook and the calculator you used in lab,"Class reminder: The ecology quiz is next Monday, not this Friday, and Chapters 6 through 8 are included.
Bring a pencil, your field notebook, and the calculator you used in lab.","Class reminder: The ecology quiz is next Monday, not this Friday, and Chapters 6 through 8 are included.
Bring a pencil, your field notebook, and the calculator you used in lab.",,native_prompt,True,1.0,1.0,0.0,1.0,,,,
V40,voiceink-validation,VoiceInk validation sample,1434,1434,gpt-5.6-sol-low,GPT-5.6 Sol (low reasoning),can you ask the pool manager whether lane four will be open for lap swimming from six to seven tomorrow comma or is the regional team still using all the deep lanes question mark,"Can you ask the pool manager whether Lane 4 will be open for lap swimming from 6:00 to 7:00 tomorrow, or is the regional team still using all the deep lanes?","Can you ask the pool manager whether Lane 4 will be open for lap swimming from 6:00 to 7:00 tomorrow, or is the regional team still using all the deep lanes?",,native_prompt,True,1.0,1.0,0.0,1.0,,,,
V41,voiceink-validation,VoiceInk validation sample,1465,1465,gpt-5.6-sol-low,GPT-5.6 Sol (low reasoning),dispatch this is unit forty six we have smoke showing from a detached garage at eight twelve birch lane no visible flames yet send one additional engine and advise police the driveway is blocked,"Dispatch, this is Unit 46. We have smoke showing from a detached garage at 812 Birch Lane. No visible flames yet. Send 1 additional engine, and advise police that the driveway is blocked.","Dispatch, this is Unit 46. We have smoke showing from a detached garage at 812 Birch Lane. No visible flames yet. Send one additional engine and advise police that the driveway is blocked.",,native_prompt,False,0.9866666666666667,0.9461095159851105,0.06060606060606061,1.0053475935828877,,,,
V42,voiceink-validation,VoiceInk validation sample,1469,1469,gpt-5.6-sol-low,GPT-5.6 Sol (low reasoning),radio check colon team bravo can hear command clearly but but command is not receiving bravo on channel three should we switch to channel five or return to the staging area question mark,"Radio check: Team Bravo can hear Command clearly, but Command is not receiving Bravo on Channel 3. Should we switch to Channel 5 or return to the staging area?","Radio check: Team Bravo can hear Command clearly, but Command is not receiving Bravo on Channel 3. Should we switch to Channel 5 or return to the staging area?",,native_prompt,True,1.0,1.0,0.0,1.0,,,,
V43,voiceink-validation,VoiceInk validation sample,1479,1479,gpt-5.6-sol-low,GPT-5.6 Sol (low reasoning),the boarding reservation is for two rabbits from october six through october tenth can they share the larger enclosure and do we need to bring their usual pellets question mark,"The boarding reservation is for 2 rabbits from October 6 through October 10. Can they share the larger enclosure, and do we need to bring their usual pellets?","The boarding reservation is for two rabbits from October 6 through October 10. Can they share the larger enclosure, and do we need to bring their usual pellets?",,native_prompt,False,0.9874213836477987,0.9648136060662919,0.03571428571428571,1.0126582278481013,,,,
V44,voiceink-validation,VoiceInk validation sample,1510,1510,gpt-5.6-sol-low,GPT-5.6 Sol (low reasoning),can you transcribe the handwritten caption exactly comma including the crossed out surname but mark uncertain letters with square brackets question mark dont modernize the spelling,"Can you transcribe the handwritten caption exactly, including the crossed-out surname, but mark uncertain letters with square brackets? Don’t modernize the spelling.","Can you transcribe the handwritten caption exactly, including the crossed-out surname, but mark uncertain letters with square brackets? Don’t modernize the spelling.",,native_prompt,True,1.0,1.0,0.0,1.0,,,,
V45,voiceink-validation,VoiceInk validation sample,1544,1544,gpt-5.6-sol-low,GPT-5.6 Sol (low reasoning),could you categorize the bike lock under transportation comma not recreation and split the ninety dollar hardware store purchase into sixty five home repair and twenty five garden question mark,"Could you categorize the bike lock under Transportation, not Recreation, and split the $90 hardware-store purchase into $65 for Home Repair and $25 for Garden?","Could you categorize the bike lock under Transportation, not Recreation, and split the $90 hardware-store purchase into $65 for Home Repair and $25 for Garden?",,native_prompt,True,1.0,1.0,0.0,1.0,,,,
V46,voiceink-validation,VoiceInk validation sample,1545,1545,gpt-5.6-sol-low,GPT-5.6 Sol (low reasoning),dear loan officer ive attached pay stubs for may and june but the april file is missing from my employers portal period is a bank statement acceptable instead question mark sincerely comma remy,"Dear Loan Officer,

I’ve attached pay stubs for May and June, but the April file is missing from my employer’s portal. Is a bank statement acceptable instead?

Sincerely,
Remy","Dear Loan Officer,

I’ve attached pay stubs for May and June, but the April file is missing from my employer’s portal. Is a bank statement acceptable instead?

Sincerely,
Remy",,native_prompt,True,1.0,1.0,0.0,1.0,,,,
V47,voiceink-validation,VoiceInk validation sample,1621,1621,gpt-5.6-sol-low,GPT-5.6 Sol (low reasoning),could you explain why the estimate lists three point five labor hours for the alternator the phone quote said two hours and and did not mention a diagnostic fee question mark,Could you explain why the estimate lists 3.5 labor hours for the alternator? The phone quote said 2 hours and did not mention a diagnostic fee.,Could you explain why the estimate lists 3.5 labor hours for the alternator? The phone quote said two hours and did not mention a diagnostic fee.,,native_prompt,False,0.9861111111111112,0.9608792657012633,0.038461538461538464,1.013986013986014,,,,
V48,voiceink-validation,VoiceInk validation sample,1639,1639,gpt-5.6-sol-low,GPT-5.6 Sol (low reasoning),the accessible shuttle was booked for eight forty five but arrived at nine thirty passenger missed appointment r six one four can you document the delay and reschedule the ride question mark,The accessible shuttle was booked for 8:45 but arrived at 9:30. The passenger missed Appointment R614. Can you document the delay and reschedule the ride?,The accessible shuttle was booked for 8:45 but arrived at 9:30. The passenger missed Appointment R614. Can you document the delay and reschedule the ride?,,native_prompt,True,1.0,1.0,0.0,1.0,,,,
V49,voiceink-validation,VoiceInk validation sample,1673,1673,gpt-5.6-sol-low,GPT-5.6 Sol (low reasoning),application checklist bullet point two passport photos next item proof of address next item signed declaration page next item fee receipt new line bring originals and one copy of each,"Application checklist:
- 2 passport photos
- Proof of address
- Signed declaration page
- Fee receipt

Bring the originals and 1 copy of each.","Application checklist:
- Two passport photos
- Proof of address
- Signed declaration page
- Fee receipt

Bring the originals and one copy of each.",,native_prompt,False,0.9722222222222221,0.920464651293057,0.09523809523809523,1.028169014084507,,,,
V50,voiceink-validation,VoiceInk validation sample,1691,1691,gpt-5.6-sol-low,GPT-5.6 Sol (low reasoning),dear costume rental the return sheet lists four hats but we received three period could you check the packing photo before charging the missing item fee question mark regards comma tessa,"Dear Costume Rental,

The return sheet lists 4 hats, but we received 3. Could you check the packing photo before charging the missing-item fee?

Regards,
Tessa","Dear Costume Rental,

The return sheet lists four hats, but we received three. Could you check the packing photo before charging the missing-item fee?

Regards,
Tessa",,native_prompt,False,0.9661538461538461,0.9269543227746854,0.08,1.0440251572327044,,,,
C01,curated-sample-50,Curated transcript cleanup sample,sample_001,,gpt-5.6-sol-low,GPT-5.6 Sol (low reasoning),the deployment finished successfully all services are healthy and no customer action is required,"The deployment finished successfully. All services are healthy, and no customer action is required.","The deployment finished successfully. All services are healthy, and no customer action is required.",,native_prompt,True,1.0,1.0,0.0,1.0,,,,
C02,curated-sample-50,Curated transcript cleanup sample,sample_002,,gpt-5.6-sol-low,GPT-5.6 Sol (low reasoning),Can we move the review to Friday. because Maya is unavailable Thursday?,Can we move the review to Friday because Maya is unavailable Thursday?,Can we move the review to Friday because Maya is unavailable Thursday?,,native_prompt,True,1.0,1.0,0.0,1.0,,,,
C03,curated-sample-50,Curated transcript cleanup sample,sample_003,,gpt-5.6-sol-low,GPT-5.6 Sol (low reasoning),uh please send the revised contract to Priya this afternoon,Please send the revised contract to Priya this afternoon.,Please send the revised contract to Priya this afternoon.,,native_prompt,True,1.0,1.0,0.0,1.0,,,,
C04,curated-sample-50,Curated transcript cleanup sample,sample_004,,gpt-5.6-sol-low,GPT-5.6 Sol (low reasoning),I mean the main issue is basically that the export takes too long,The main issue is that the export takes too long.,The main issue is that the export takes too long.,,native_prompt,True,1.0,1.0,0.0,1.0,,,,
C05,curated-sample-50,Curated transcript cleanup sample,sample_005,,gpt-5.6-sol-low,GPT-5.6 Sol (low reasoning),the important thing the important thing is that we keep the existing backup,The important thing is that we keep the existing backup.,The important thing is that we keep the existing backup.,,native_prompt,True,1.0,1.0,0.0,1.0,,,,
C06,curated-sample-50,Curated transcript cleanup sample,sample_006,,gpt-5.6-sol-low,GPT-5.6 Sol (low reasoning),p please confirm that the customer received the refund,Please confirm that the customer received the refund.,Please confirm that the customer received the refund.,,native_prompt,True,1.0,1.0,0.0,1.0,,,,
C07,curated-sample-50,Curated transcript cleanup sample,sample_007,,gpt-5.6-sol-low,GPT-5.6 Sol (low reasoning),I wanted to ask whether actually please cancel tomorrow's check-in,Please cancel tomorrow's check-in.,Please cancel tomorrow's check-in.,,native_prompt,True,1.0,1.0,0.0,1.0,,,,
C08,curated-sample-50,Curated transcript cleanup sample,sample_008,,gpt-5.6-sol-low,GPT-5.6 Sol (low reasoning),schedule the review for Tuesday no sorry Thursday,Schedule the review for Thursday.,Schedule the review for Thursday.,,native_prompt,True,1.0,1.0,0.0,1.0,,,,
C09,curated-sample-50,Curated transcript cleanup sample,sample_009,,gpt-5.6-sol-low,GPT-5.6 Sol (low reasoning),please review the sight migration plan before lunch,Please review the site migration plan before lunch.,Please review the site migration plan before lunch.,,native_prompt,True,1.0,1.0,0.0,1.0,,,,
C10,curated-sample-50,Curated transcript cleanup sample,sample_010,,gpt-5.6-sol-low,GPT-5.6 Sol (low reasoning),store the session token in red is for fifteen minutes,Store the session token in Redis for 15 minutes.,Store the session token in Redis for 15 minutes.,,native_prompt,True,1.0,1.0,0.0,1.0,,,,
C11,curated-sample-50,Curated transcript cleanup sample,sample_011,,gpt-5.6-sol-low,GPT-5.6 Sol (low reasoning),we received one thousand two hundred and forty six responses,"We received 1,246 responses.","We received 1,246 responses.",,native_prompt,True,1.0,1.0,0.0,1.0,,,,
C12,curated-sample-50,Curated transcript cleanup sample,sample_012,,gpt-5.6-sol-low,GPT-5.6 Sol (low reasoning),the workshop starts on September twenty third twenty twenty six,"The workshop starts on September 23, 2026.","The workshop starts on September 23, 2026.",,native_prompt,True,1.0,1.0,0.0,1.0,,,,
C13,curated-sample-50,Curated transcript cleanup sample,sample_013,,gpt-5.6-sol-low,GPT-5.6 Sol (low reasoning),the call begins at four thirty p m,The call begins at 4:30 PM.,The call begins at 4:30 PM.,,native_prompt,True,1.0,1.0,0.0,1.0,,,,
C14,curated-sample-50,Curated transcript cleanup sample,sample_014,,gpt-5.6-sol-low,GPT-5.6 Sol (low reasoning),the replacement costs forty nine dollars and weighs two point five kilograms,The replacement costs $49 and weighs 2.5 kilograms.,The replacement costs $49 and weighs 2.5 kilograms.,,native_prompt,True,1.0,1.0,0.0,1.0,,,,
C15,curated-sample-50,Curated transcript cleanup sample,sample_015,,gpt-5.6-sol-low,GPT-5.6 Sol (low reasoning),send the receipt to finance at acme dot com,Send the receipt to finance@acme.com.,Send the receipt to finance@acme.com.,,native_prompt,True,1.0,1.0,0.0,1.0,,,,
C16,curated-sample-50,Curated transcript cleanup sample,sample_016,,gpt-5.6-sol-low,GPT-5.6 Sol (low reasoning),the documentation is available at docs dot example dot com slash setup,The documentation is available at docs.example.com/setup.,The documentation is available at docs.example.com/setup.,,native_prompt,True,1.0,1.0,0.0,1.0,,,,
C17,curated-sample-50,Curated transcript cleanup sample,sample_017,,gpt-5.6-sol-low,GPT-5.6 Sol (low reasoning),yes comma I can send the draft today semicolon the figures will follow tomorrow period great work everyone exclamation mark,"Yes, I can send the draft today; the figures will follow tomorrow. Great work, everyone!","Yes, I can send the draft today; the figures will follow tomorrow. Great work, everyone!",,native_prompt,True,1.0,1.0,0.0,1.0,,,,
C18,curated-sample-50,Curated transcript cleanup sample,sample_018,,gpt-5.6-sol-low,GPT-5.6 Sol (low reasoning),Maya said open quote the release is ready close quote,"Maya said, “The release is ready.”","Maya said, “The release is ready.”",,native_prompt,True,1.0,1.0,0.0,1.0,,,,
C19,curated-sample-50,Curated transcript cleanup sample,sample_019,,gpt-5.6-sol-low,GPT-5.6 Sol (low reasoning),the migration is complete period new paragraph customers do not need to take any action period,"The migration is complete.

Customers do not need to take any action.","The migration is complete.

Customers do not need to take any action.",,native_prompt,True,1.0,1.0,0.0,1.0,,,,
C20,curated-sample-50,Curated transcript cleanup sample,sample_020,,gpt-5.6-sol-low,GPT-5.6 Sol (low reasoning),bullet list apples new line rice new line olive oil,"- Apples
- Rice
- Olive oil","- Apples
- Rice
- Olive oil",,native_prompt,True,1.0,1.0,0.0,1.0,,,,
C21,curated-sample-50,Curated transcript cleanup sample,sample_021,,gpt-5.6-sol-low,GPT-5.6 Sol (low reasoning),numbered list first back up the database second deploy the service third run the smoke tests,"1. Back up the database.
2. Deploy the service.
3. Run the smoke tests.","1. Back up the database.
2. Deploy the service.
3. Run the smoke tests.",,native_prompt,True,1.0,1.0,0.0,1.0,,,,
C22,curated-sample-50,Curated transcript cleanup sample,sample_022,,gpt-5.6-sol-low,GPT-5.6 Sol (low reasoning),dear Anika new paragraph thank you for reviewing the proposal new paragraph best regards new line Sam,"Dear Anika,

Thank you for reviewing the proposal.

Best regards,
Sam","Dear Anika,

Thank you for reviewing the proposal.

Best regards,
Sam",,native_prompt,True,1.0,1.0,0.0,1.0,,,,
C23,curated-sample-50,Curated transcript cleanup sample,sample_023,,gpt-5.6-sol-low,GPT-5.6 Sol (low reasoning),heading weekly status new paragraph all planned work is complete,"# Weekly Status

All planned work is complete.","# Weekly Status

All planned work is complete.",,native_prompt,True,1.0,1.0,0.0,1.0,,,,
C24,curated-sample-50,Curated transcript cleanup sample,sample_024,,gpt-5.6-sol-low,GPT-5.6 Sol (low reasoning),the word comma appears twice in the first paragraph,The word “comma” appears twice in the first paragraph.,The word “comma” appears twice in the first paragraph.,,native_prompt,True,1.0,1.0,0.0,1.0,,,,
C25,curated-sample-50,Curated transcript cleanup sample,sample_025,,gpt-5.6-sol-low,GPT-5.6 Sol (low reasoning),attach the file quarterly report final dot pdf and reference ticket a c m e dash four two seven,Attach the file quarterly-report-final.pdf and reference ticket ACME-427.,Attach the file quarterly-report-final.pdf and reference ticket ACME-427.,,native_prompt,True,1.0,1.0,0.0,1.0,,,,
C26,curated-sample-50,Curated transcript cleanup sample,sample_026,,gpt-5.6-sol-low,GPT-5.6 Sol (low reasoning),hi Priya comma new paragraph um could you send the revised budget to finance at acme dot com by four p m question mark new paragraph thanks comma new line Daniel,"Hi Priya,

Could you send the revised budget to finance@acme.com by 4:00 PM?

Thanks,
Daniel","Hi Priya,

Could you send the revised budget to finance@acme.com by 4:00 PM?

Thanks,
Daniel",,native_prompt,True,1.0,1.0,0.0,1.0,,,,
C27,curated-sample-50,Curated transcript cleanup sample,sample_027,,gpt-5.6-sol-low,GPT-5.6 Sol (low reasoning),numbered list first archive the last thirty days of logs second increase the time out to forty five seconds third restart the a p i gateway,"1. Archive the last 30 days of logs.
2. Increase the timeout to 45 seconds.
3. Restart the API gateway.","1. Archive the last 30 days of logs.
2. Increase the timeout to 45 seconds.
3. Restart the API gateway.",,native_prompt,True,1.0,1.0,0.0,1.0,,,,
C28,curated-sample-50,Curated transcript cleanup sample,sample_028,,gpt-5.6-sol-low,GPT-5.6 Sol (low reasoning),okay bullet list um coffee beans new line coffee filters coffee filters new line oat milk new line dish soap,"- Coffee beans
- Coffee filters
- Oat milk
- Dish soap","- Coffee beans
- Coffee filters
- Oat milk
- Dish soap",,native_prompt,True,1.0,1.0,0.0,1.0,,,,
C29,curated-sample-50,Curated transcript cleanup sample,sample_029,,gpt-5.6-sol-low,GPT-5.6 Sol (low reasoning),heading meeting notes new paragraph date August thirtieth twenty twenty six new line time ten thirty a m new paragraph bullet list finalize the launch copy new line confirm the support schedule new line send the customer notice,"# Meeting Notes

Date: August 30, 2026
Time: 10:30 AM

- Finalize the launch copy.
- Confirm the support schedule.
- Send the customer notice.","# Meeting Notes

Date: August 30, 2026
Time: 10:30 AM

- Finalize the launch copy.
- Confirm the support schedule.
- Send the customer notice.",,native_prompt,True,1.0,1.0,0.0,1.0,,,,
C30,curated-sample-50,Curated transcript cleanup sample,sample_030,,gpt-5.6-sol-low,GPT-5.6 Sol (low reasoning),Ravi said open quote we can launch on Monday no Tuesday close quote,"Ravi said, “We can launch on Tuesday.”","Ravi said, “We can launch on Tuesday.”",,native_prompt,True,1.0,1.0,0.0,1.0,,,,
C31,curated-sample-50,Curated transcript cleanup sample,sample_031,,gpt-5.6-sol-low,GPT-5.6 Sol (low reasoning),uh upgrade the service to version two point four point one comma then check the guide at docs dot example dot com slash upgrade,"Upgrade the service to version 2.4.1, then check the guide at docs.example.com/upgrade.","Upgrade the service to version 2.4.1, then check the guide at docs.example.com/upgrade.",,native_prompt,True,1.0,1.0,0.0,1.0,,,,
C32,curated-sample-50,Curated transcript cleanup sample,sample_032,,gpt-5.6-sol-low,GPT-5.6 Sol (low reasoning),ship three boxes to twenty four lake view road apartment seven b Kathmandu,"Ship 3 boxes to 24 Lake View Road, Apartment 7B, Kathmandu.","Ship 3 boxes to 24 Lake View Road, Apartment 7B, Kathmandu.",,native_prompt,True,1.0,1.0,0.0,1.0,,,,
C33,curated-sample-50,Curated transcript cleanup sample,sample_033,,gpt-5.6-sol-low,GPT-5.6 Sol (low reasoning),move the demo from September tenth at two p m no make that September eleventh at three thirty p m,Move the demo to September 11 at 3:30 PM.,Move the demo to September 11 at 3:30 PM.,,native_prompt,True,1.0,1.0,0.0,1.0,,,,
C34,curated-sample-50,Curated transcript cleanup sample,sample_034,,gpt-5.6-sol-low,GPT-5.6 Sol (low reasoning),heading quarterly results new paragraph bullet list revenue increased by twelve percent new line support costs fell by eight point five percent new line cash balance is two point three million dollars,"# Quarterly Results

- Revenue increased by 12%.
- Support costs fell by 8.5%.
- Cash balance is $2.3 million.","# Quarterly Results

- Revenue increased by 12%.
- Support costs fell by 8.5%.
- Cash balance is $2.3 million.",,native_prompt,True,1.0,1.0,0.0,1.0,,,,
C35,curated-sample-50,Curated transcript cleanup sample,sample_035,,gpt-5.6-sol-low,GPT-5.6 Sol (low reasoning),okay steps colon first download the archive second unzip it into the tools folder third run setup dot sh,"Steps:

1. Download the archive.
2. Unzip it into the tools folder.
3. Run setup.sh.","Steps:

1. Download the archive.
2. Unzip it into the tools folder.
3. Run setup.sh.",,native_prompt,True,1.0,1.0,0.0,1.0,,,,
C36,curated-sample-50,Curated transcript cleanup sample,sample_036,,gpt-5.6-sol-low,GPT-5.6 Sol (low reasoning),the pilot went well period new paragraph um twelve people completed onboarding comma and ten activated their accounts period new paragraph the next session is Friday at nine a m full stop,"The pilot went well.

Twelve people completed onboarding, and 10 activated their accounts.

The next session is Friday at 9:00 AM.","The pilot went well.

Twelve people completed onboarding, and 10 activated their accounts.

The next session is Friday at 9:00 AM.",,native_prompt,True,1.0,1.0,0.0,1.0,,,,
C37,curated-sample-50,Curated transcript cleanup sample,sample_037,,gpt-5.6-sol-low,GPT-5.6 Sol (low reasoning),hello Marcus comma new paragraph please send the invoice to billing at north star dot io no sorry accounts at north star dot io new paragraph kind regards comma new line Lena,"Hello Marcus,

Please send the invoice to accounts@northstar.io.

Kind regards,
Lena","Hello Marcus,

Please send the invoice to accounts@northstar.io.

Kind regards,
Lena",,native_prompt,True,1.0,1.0,0.0,1.0,,,,
C38,curated-sample-50,Curated transcript cleanup sample,sample_038,,gpt-5.6-sol-low,GPT-5.6 Sol (low reasoning),bug report colon the app crashes when opening settings dot j son period attach crash log dash two zero two six zero eight three zero dot text and reference issue v o i dash nine one eight,Bug report: The app crashes when opening settings.json. Attach crash-log-20260830.txt and reference issue VOI-918.,Bug report: The app crashes when opening settings.json. Attach crash-log-20260830.txt and reference issue VOI-918.,,native_prompt,True,1.0,1.0,0.0,1.0,,,,
C39,curated-sample-50,Curated transcript cleanup sample,sample_039,,gpt-5.6-sol-low,GPT-5.6 Sol (low reasoning),note colon the trial period ends tomorrow comma but the word period in the heading should remain lowercase period,"Note: The trial period ends tomorrow, but the word “period” in the heading should remain lowercase.","Note: The trial period ends tomorrow, but the word “period” in the heading should remain lowercase.",,native_prompt,True,1.0,1.0,0.0,1.0,,,,
C40,curated-sample-50,Curated transcript cleanup sample,sample_040,,gpt-5.6-sol-low,GPT-5.6 Sol (low reasoning),open quote good writing is clear writing close quote new line dash Maya Chen,"“Good writing is clear writing.”
—Maya Chen","“Good writing is clear writing.”
—Maya Chen",,native_prompt,True,1.0,1.0,0.0,1.0,,,,
C41,curated-sample-50,Curated transcript cleanup sample,sample_041,,gpt-5.6-sol-low,GPT-5.6 Sol (low reasoning),recipe colon new paragraph numbered list first mix two cups of flour and one teaspoon of salt second add three hundred milliliters of water third bake for forty minutes at two hundred degrees Celsius,"Recipe:

1. Mix 2 cups of flour and 1 teaspoon of salt.
2. Add 300 milliliters of water.
3. Bake for 40 minutes at 200 degrees Celsius.","Recipe:

1. Mix 2 cups of flour and 1 teaspoon of salt.
2. Add 300 milliliters of water.
3. Bake for 40 minutes at 200 degrees Celsius.",,native_prompt,True,1.0,1.0,0.0,1.0,,,,
C42,curated-sample-50,Curated transcript cleanup sample,sample_042,,gpt-5.6-sol-low,GPT-5.6 Sol (low reasoning),travel plan colon new paragraph September fifth flight at seven fifteen a m new line September sixth workshop at nine a m new line hotel budget one hundred eighty dollars per night,"Travel Plan:

- September 5: Flight at 7:15 AM.
- September 6: Workshop at 9:00 AM.
- Hotel budget: $180 per night.","Travel Plan:

- September 5: Flight at 7:15 AM.
- September 6: Workshop at 9:00 AM.
- Hotel budget: $180 per night.",,native_prompt,True,1.0,1.0,0.0,1.0,,,,
C43,curated-sample-50,Curated transcript cleanup sample,sample_043,,gpt-5.6-sol-low,GPT-5.6 Sol (low reasoning),heading customer update new paragraph um three updates colon the mobile fix is live comma the desktop release is in review in review comma and support has answered all open tickets,"# Customer Update

- The mobile fix is live.
- The desktop release is in review.
- Support has answered all open tickets.","# Customer Update

- The mobile fix is live.
- The desktop release is in review.
- Support has answered all open tickets.",,native_prompt,True,1.0,1.0,0.0,1.0,,,,
C44,curated-sample-50,Curated transcript cleanup sample,sample_044,,gpt-5.6-sol-low,GPT-5.6 Sol (low reasoning),the c c d n cache cache should expire after three hundred seconds and the key belongs in red is,"The CDN cache should expire after 300 seconds, and the key belongs in Redis.","The CDN cache should expire after 300 seconds, and the key belongs in Redis.",,native_prompt,True,1.0,1.0,0.0,1.0,,,,
C45,curated-sample-50,Curated transcript cleanup sample,sample_045,,gpt-5.6-sol-low,GPT-5.6 Sol (low reasoning),question colon are we still planning to launch Friday question mark new paragraph answer colon yes comma assuming the final review passes period,"Question: Are we still planning to launch Friday?

Answer: Yes, assuming the final review passes.","Question: Are we still planning to launch Friday?

Answer: Yes, assuming the final review passes.",,native_prompt,True,1.0,1.0,0.0,1.0,,,,
C46,curated-sample-50,Curated transcript cleanup sample,sample_046,,gpt-5.6-sol-low,GPT-5.6 Sol (low reasoning),hello this is Nina from Acme support comma I'm calling about ticket a c dash seven four two period please call me back at five p m period thank you,"Hello, this is Nina from Acme Support. I'm calling about ticket AC-742. Please call me back at 5:00 PM. Thank you.","Hello, this is Nina from Acme Support. I'm calling about ticket AC-742. Please call me back at 5:00 PM. Thank you.",,native_prompt,True,1.0,1.0,0.0,1.0,,,,
C47,curated-sample-50,Curated transcript cleanup sample,sample_047,,gpt-5.6-sol-low,GPT-5.6 Sol (low reasoning),heading launch checklist new paragraph bullet list open quote release approved close quote from Maya new line deploy version three point two new line email status at acme dot com after launch,"# Launch Checklist

- “Release approved,” from Maya.
- Deploy version 3.2.
- Email status@acme.com after launch.","# Launch Checklist

- “Release approved,” from Maya.
- Deploy version 3.2.
- Email status@acme.com after launch.",,native_prompt,True,1.0,1.0,0.0,1.0,,,,
C48,curated-sample-50,Curated transcript cleanup sample,sample_048,,gpt-5.6-sol-low,GPT-5.6 Sol (low reasoning),dear team comma uh the launch is complete period the launch is complete and all systems are healthy period please report issues at status dot example dot com slash support period best comma Arjun,"Dear Team,

The launch is complete, and all systems are healthy.

Please report issues at status.example.com/support.

Best,
Arjun","Dear Team,

The launch is complete, and all systems are healthy.

Please report issues at status.example.com/support.

Best,
Arjun",,native_prompt,True,1.0,1.0,0.0,1.0,,,,
C49,curated-sample-50,Curated transcript cleanup sample,sample_049,,gpt-5.6-sol-low,GPT-5.6 Sol (low reasoning),"The migration completed successfully, and no customer action is required.","The migration completed successfully, and no customer action is required.","The migration completed successfully, and no customer action is required.",,native_prompt,True,1.0,1.0,0.0,1.0,,,,
C50,curated-sample-50,Curated transcript cleanup sample,sample_050,,gpt-5.6-sol-low,GPT-5.6 Sol (low reasoning),Could you send the revised proposal before Friday afternoon?,Could you send the revised proposal before Friday afternoon?,Could you send the revised proposal before Friday afternoon?,,native_prompt,True,1.0,1.0,0.0,1.0,,,,
V01,voiceink-validation,VoiceInk validation sample,59,59,speakoflow-mini,SpeakoFlow Mini,mina where should i return the folding chairs the parish hall or the sports pavilion question mark and who has the storage key i can go tomorrow,"Mina, where should I return the folding chairs, the parish hall or the sports pavilion? And who has the storage key? I can go tomorrow.",mina where should i return the folding chairs the parish hall or the sports pavilion? and who has the storage key i can go tomorrow,,native_prompt,False,0.9548872180451127,0.7851607227512695,0.28,0.9703703703703703,280,30,0.6077001660014503,49.366450230537545
V02,voiceink-validation,VoiceInk validation sample,67,67,speakoflow-mini,SpeakoFlow Mini,message to dev colon the freezer door looks shut but it isnt sealing comma so push it until you hear two clicks not one full stop,"Message to Dev: The freezer door looks shut, but it isn’t sealing, so push it until you hear 2 clicks, not one.","message to dev: the freezer door looks shut but it isnt sealing, so push it until you hear two clicks not one full stop",,native_prompt,False,0.8956521739130436,0.6949328764163574,0.45454545454545453,1.072072072072072,278,29,0.4656421249965206,62.27958864378238
V03,voiceink-validation,VoiceInk validation sample,113,113,speakoflow-mini,SpeakoFlow Mini,dear ken we heard about your new house period may we visit next sunday around tea time question mark warm wishes comma lou and fay,"Dear Ken,

We heard about your new house. May we visit next Sunday around teatime?

Warm wishes,
Lou and Fay","dear ken we heard about your new house.

May we visit next sunday around tea time?
Warm wishes,
Lou and Fay",,native_prompt,False,0.9209302325581397,0.8285364186139875,0.3157894736842105,0.9907407407407407,278,31,0.45489987498149276,68.14686418909483
V04,voiceink-validation,VoiceInk validation sample,213,213,speakoflow-mini,SpeakoFlow Mini,can the taxi take four passengers plus a folding wheelchair and two medium cases or should we request a larger car question mark for the airport run,"Can the taxi take 4 passengers, a folding wheelchair, and 2 medium cases, or should we request a larger car for the airport run?","can the taxi take four passengers plus a folding wheelchair and two medium cases or should we request a larger car?

- For the airport run",,native_prompt,False,0.9022556390977443,0.7350983794536191,0.4583333333333333,1.078125,279,31,0.4464149170089513,69.44212394985539
V05,voiceink-validation,VoiceInk validation sample,426,426,speakoflow-mini,SpeakoFlow Mini,before the guests arrive saturday morning comma separate the white laundry wash the towels at sixty and hang the linen shirts instead of machine drying them,"Before the guests arrive Saturday morning, separate the white laundry, wash the towels at 60 degrees, and hang the linen shirts instead of machine-drying them.","before the guests arrive saturday morning,

- separate the white laundry
- wash the towels at sixty
- hang the linen shirts instead of machine drying them",,native_prompt,False,0.8945686900958466,0.7363353502980032,0.4,0.9685534591194969,279,35,0.4004519169975538,87.401254718463
V06,voiceink-validation,VoiceInk validation sample,465,465,speakoflow-mini,SpeakoFlow Mini,dear neighbors please collect your post from the lower lobby shelf by friday evening period anything remaining there will move to reception before mondays delivery,"Dear Neighbors,

Please collect your post from the lower lobby shelf by Friday evening. Anything remaining there will move to Reception before Monday’s delivery.",dear neighbors please collect your post from the lower lobby shelf by friday evening period anything remaining there will move to reception before mondays delivery,,native_prompt,False,0.9135802469135803,0.729919331480772,0.4166666666666667,1.0124223602484472,279,30,0.3429139590007253,87.48550244913345
V07,voiceink-validation,VoiceInk validation sample,582,582,speakoflow-mini,SpeakoFlow Mini,support closed the incident at eleven forty p m utc service had been stable since ten oh five and monitoring continued overnight with the incident commander remaining on call,"Support closed the incident at 11:40 PM UTC. Service had been stable since 10:05, and monitoring continued overnight. The Incident Commander remained on call.",support closed the incident at eleven forty p m utc. Service had been stable since ten oh five and monitoring continued overnight with the incident commander remaining on call,,native_prompt,False,0.8048048048048048,0.650789203021697,0.6666666666666666,1.1075949367088607,281,33,0.3816213750105817,86.47314369926204
V08,voiceink-validation,VoiceInk validation sample,650,650,speakoflow-mini,SpeakoFlow Mini,the sales manager approved the five percent discount but not the free implementation package shown in the latest quote despite a separate verbal concession request,"The Sales manager approved the 5% discount, but not the free implementation package shown in the latest quote. A separate verbal concession request remains unapproved.",the sales manager approved the five percent discount but not the free implementation package shown in the latest quote despite a separate verbal concession request,,native_prompt,False,0.8484848484848484,0.7362306562170237,0.4,0.9760479041916168,277,28,0.3193245409929659,87.68508650456899
V09,voiceink-validation,VoiceInk validation sample,948,948,speakoflow-mini,SpeakoFlow Mini,why did the nightly pipe line finish green even though the schema validation step logged seventeen errors is continue on error set somewhere question mark,Why did the nightly pipeline finish green even though the schema validation step logged 17 errors? Is continue-on-error set somewhere?,why did the nightly pipeline finish green even though the schema validation step logged seventeen errors is continue on error set somewhere?,,native_prompt,False,0.927007299270073,0.8164617763974757,0.35,1.044776119402985,277,26,0.29991729199537076,86.69056667930074
V10,voiceink-validation,VoiceInk validation sample,1001,1001,speakoflow-mini,SpeakoFlow Mini,please shorten the permission dialog it currently says in order to continue we need to be able to access your microphone period keep the reason visible though,"Please shorten the permission dialog. It currently says, “In order to continue, we need to be able to access your microphone.” Keep the reason visible, though.",please shorten the permission dialog it currently says in order to continue we need to be able to access your microphone period keep the reason visible though,,native_prompt,False,0.9274447949526814,0.762896716983112,0.4230769230769231,0.9937106918238994,279,30,0.344260874990141,87.14321661112128
V11,voiceink-validation,VoiceInk validation sample,1107,1107,speakoflow-mini,SpeakoFlow Mini,the search index skipped records with emoji in the title reprocessing succeeds after unicode normalization form c is applied period existing records need back filling,The search index skipped records with emoji in the title. Reprocessing succeeds after Unicode Normalization Form C is applied. Existing records need backfilling.,"The search index skipped records with emoji in the title reprocessing succeeds after unicode normalization form c is applied.
Existing records need back filling",,native_prompt,False,0.9532710280373832,0.8097664666176854,0.43478260869565216,0.9937888198757764,278,30,0.33790433302056044,88.78252531367981
V12,voiceink-validation,VoiceInk validation sample,1111,1111,speakoflow-mini,SpeakoFlow Mini,paragraph break the tablet layout is usable in portrait period in landscape the sticky footer overlaps the final form field by twenty four pixels period rotation does not recalculate it,"The tablet layout is usable in portrait. In landscape, the sticky footer overlaps the final form field by 24 pixels. Rotation does not recalculate it.","The tablet layout is usable in portrait.
The sticky footer overlaps the final form field by twenty four pixels.
Rotation does not recalculate it",,native_prompt,False,0.8843537414965986,0.8228201253808605,0.32,0.96,283,32,0.37927216599928215,84.37212869467612
V13,voiceink-validation,VoiceInk validation sample,1211,1211,speakoflow-mini,SpeakoFlow Mini,can you check whether the variance calculation uses n or n minus one results differ from the published table by point zero three before correcting the published appendix,Can you check whether the variance calculation uses n or n−1? Results differ from the published table by 0.03. Check this before correcting the published appendix.,can you check whether the variance calculation uses n or n minus one results differ from the published table by point zero three before correcting the published appendix,,native_prompt,False,0.8795180722891567,0.7774182655560964,0.34615384615384615,1.0368098159509203,280,31,0.38202237500809133,81.1470794069154
V14,voiceink-validation,VoiceInk validation sample,1257,1257,speakoflow-mini,SpeakoFlow Mini,during the quarterly structural survey inspection at pier two found minor scaling above the water line comma no exposed reinforcement and no measurable change since march,"During the quarterly structural survey, inspection at Pier 2 found minor scaling above the waterline, no exposed reinforcement, and no measurable change since March.","during the quarterly structural survey inspection at pier two found minor scaling above the water line, no exposed reinforcement and no measurable change since march",,native_prompt,False,0.9575757575757575,0.8103197407635249,0.3333333333333333,1.0,278,29,0.33471129200188443,86.64183340380619
V15,voiceink-validation,VoiceInk validation sample,1368,1368,speakoflow-mini,SpeakoFlow Mini,thirty minute discharge test reading colon battery bank voltage was twenty five point six at rest comma then dropped to twenty two point nine under inverter load,"30-minute discharge-test reading: Battery-bank voltage was 25.6 at rest, then dropped to 22.9 under inverter load.","thirty minute discharge test reading: battery bank voltage was twenty five point six at rest, then dropped to twenty two point nine under inverter load",,native_prompt,False,0.7471698113207548,0.6422392554889335,0.9375,1.3245614035087718,281,32,0.364916834019823,87.69121349513215
V16,voiceink-validation,VoiceInk validation sample,1396,1396,speakoflow-mini,SpeakoFlow Mini,dear nina before the accessibility review meeting note that the attached screen reader transcript timestamps correspond to build one eighty four not the latest beta,"Dear Nina,

Before the accessibility-review meeting, note that the attached screen-reader transcript timestamps correspond to Build 184, not the latest beta.","dear nina

Before the accessibility review meeting, note that the attached screen reader transcript timestamps correspond to build one eighty four, not the latest beta",,native_prompt,False,0.9074074074074074,0.760261188120372,0.5238095238095238,1.0636942675159236,279,33,0.3643882919859607,90.56273411021515
V17,voiceink-validation,VoiceInk validation sample,1605,1605,speakoflow-mini,SpeakoFlow Mini,dear garden club saturdays seed swap moves indoors to room four because rain is likely period label packets with variety and harvest year cheers comma monica,"Dear Garden Club,

Saturday’s seed swap moves indoors to Room 4 because rain is likely. Label packets with the variety and harvest year.

Cheers,
Monica","dear garden club saturdays seed swap moves indoors to room four because rain is likely.
Labeled packets with variety and harvest year.
Cheers,
Monica",,native_prompt,False,0.9036544850498339,0.7308022149752267,0.4583333333333333,0.9802631578947368,281,37,0.4198845000064466,88.11947094839635
V18,voiceink-validation,VoiceInk validation sample,1616,1616,speakoflow-mini,SpeakoFlow Mini,event recap colon one hundred eighty four attendees checked in and seventeen walk ins paid at the door period the west room session filled first but but no one was turned away,"Event recap: 184 attendees checked in, and 17 walk-ins paid at the door. The West Room session filled first, but no one was turned away.",event recap: one hundred eighty four attendees checked in and seventeen walk ins paid at the door. The west room session filled first but no one was turned away,,native_prompt,False,0.8378378378378379,0.6867592256556696,0.52,1.1764705882352942,284,34,0.38483720799558796,88.34904550183151
V19,voiceink-validation,VoiceInk validation sample,1711,1711,speakoflow-mini,SpeakoFlow Mini,our pickup window was one to three and and no driver came can you reschedule for tomorrow morning without creating a second charge question mark there are seven boxes,"Our pickup window was 1:00 to 3:00, and no driver came. Can you reschedule for tomorrow morning without creating a second charge? There are 7 boxes.",our pickup window was one to three and no driver came can you reschedule for tomorrow morning without creating a second charge? There are seven boxes,,native_prompt,False,0.9023569023569025,0.773945099797966,0.2692307692307692,1.0067567567567568,282,31,0.375028000009479,82.66049468097438
V20,voiceink-validation,VoiceInk validation sample,1826,1826,speakoflow-mini,SpeakoFlow Mini,lock report colon rear office lever sticks when pulled upward latch works from inside but but key rotation outside stops halfway do not force it,"Lock report: The rear-office lever sticks when pulled upward. The latch works from inside, but key rotation outside stops halfway. Do not force it.",lock report: rear office lever sticks when pulled upward. latch works from inside but key rotation outside stops halfway. do not force it,,native_prompt,False,0.9436619718309859,0.7887203592026275,0.2916666666666667,0.9319727891156463,277,29,0.3439595410018228,84.31224182801871
V21,voiceink-validation,VoiceInk validation sample,57,57,speakoflow-mini,SpeakoFlow Mini,please ask the bus station whether the midnight coach has under floor luggage storage and um whether bicycles need a separate reservation question mark for next friday night,Please ask the bus station whether the midnight coach has underfloor luggage storage and whether bicycles need a separate reservation for next Friday night.,please ask the bus station whether the midnight coach has under floor luggage storage and um whether bicycles need a separate reservation? for next friday night,,native_prompt,False,0.9683544303797469,0.8725624028624697,0.2916666666666667,1.0256410256410255,280,30,0.34460879099788144,87.05523707949874
V22,voiceink-validation,VoiceInk validation sample,550,550,speakoflow-mini,SpeakoFlow Mini,ask operations why the overnight shipment went to phoenix instead of tucson comma include tracking number nine three six zero zero one and request a corrected delivery estimate,"Ask Operations why the overnight shipment went to Phoenix instead of Tucson, include tracking number 936001, and request a corrected delivery estimate.","ask operations why the overnight shipment went to phoenix instead of tucson, include tracking number nine three six zero zero one and request a corrected delivery estimate",,native_prompt,False,0.8633540372670807,0.7706420410113017,0.5,1.1324503311258278,281,32,0.4934820420166943,64.84531811781198
V23,voiceink-validation,VoiceInk validation sample,629,629,speakoflow-mini,SpeakoFlow Mini,the budget deck accidentally labels fiscal year twenty twenty six as calendar year twenty twenty six period the underlying numbers are fiscal and the footnote uses the same incorrect label,The budget deck accidentally labels fiscal year 2026 as calendar year 2026. The underlying numbers are fiscal-year figures. The footnote uses the same incorrect label.,the budget deck accidentally labels fiscal year twenty twenty six as calendar year twenty twenty six period the underlying numbers are fiscal and the footnote uses the same incorrect label,,native_prompt,False,0.7943661971830988,0.7072167765794601,0.52,1.125748502994012,282,33,0.5030583330080844,65.59875432869467
V24,voiceink-validation,VoiceInk validation sample,652,652,speakoflow-mini,SpeakoFlow Mini,the monday notes should say decision deferred pending tax advice comma not decision denied and the follow up owner is casey from treasury before circulating the revised record,"The Monday notes should say, “Decision deferred pending tax advice,” not “Decision denied,” and the follow-up owner is Casey from Treasury. Circulate the revised record afterward.","the monday notes should say decision deferred pending tax advice, not decision denied and the follow up owner is casey from treasury before circulating the revised record",,native_prompt,False,0.8710601719197709,0.6219860759367793,0.5384615384615384,0.9497206703910615,281,32,0.47668666701065376,67.13005043894968
V25,voiceink-validation,VoiceInk validation sample,658,658,speakoflow-mini,SpeakoFlow Mini,the service report lists priority one downtime as forty eight minutes the incident timeline supports only thirty eight because monitoring recovered earlier and customer success disputes the longer figure,The service report lists Priority 1 downtime as 48 minutes. The incident timeline supports only 38 minutes because monitoring recovered earlier. Customer Success disputes the longer figure.,the service report lists priority one downtime as forty eight minutes the incident timeline supports only thirty eight because monitoring recovered earlier and customer success disputes the longer figure,,native_prompt,False,0.8724489795918368,0.6972613650518479,0.5185185185185185,1.0740740740740742,281,32,0.44843325001420453,71.35956131483643
V26,voiceink-validation,VoiceInk validation sample,669,669,speakoflow-mini,SpeakoFlow Mini,the investigation scope covers expense approvals from january through april it does not include vendor selection or contract negotiation unless new evidence expands the review,The investigation scope covers expense approvals from January through April. It does not include vendor selection or contract negotiation. New evidence could expand the review.,the investigation scope covers expense approvals from january through april it does not include vendor selection or contract negotiation unless new evidence expands the review,,native_prompt,False,0.923076923076923,0.7561251846153363,0.4,0.9943181818181818,278,29,0.3254005409835372,89.12093358033839
V27,voiceink-validation,VoiceInk validation sample,704,704,speakoflow-mini,SpeakoFlow Mini,following the latest litigation update the controller approved a two hundred fifty thousand reserve comma subject to receiving counsels final estimate before close by noon tomorrow,"Following the latest litigation update, the Controller approved a $250,000 reserve, subject to receiving counsel’s final estimate before close. Counsel’s estimate is due by noon tomorrow.","following the latest litigation update the controller approved a two hundred fifty thousand reserve, subject to receiving counsel final estimate before close by noon tomorrow",,native_prompt,False,0.8088642659279779,0.6774307248671143,0.5384615384615384,0.93048128342246,280,29,0.37859912498970516,76.59816963599313
V28,voiceink-validation,VoiceInk validation sample,811,811,speakoflow-mini,SpeakoFlow Mini,would you send the customer the maintenance window in both eastern and greenwich mean time comma make clear that service may be intermittent before the maintenance notice is translated,"Would you send the customer the maintenance window in both Eastern Time and Greenwich Mean Time, and make clear that service may be intermittent? The maintenance notice will be translated afterward.","would you send the customer the maintenance window in both eastern and greenwich mean time, make clear that service may be intermittent before the maintenance notice is translated",,native_prompt,False,0.8753315649867374,0.6888873307276288,0.41935483870967744,0.9040404040404041,282,33,0.4223023749946151,78.14306040883808
V29,voiceink-validation,VoiceInk validation sample,813,813,speakoflow-mini,SpeakoFlow Mini,who owns the response to the accessibility questionnaire question mark product answered the first section but legal and security sections remain blank before friday afternoons submission deadline,"Who owns the response to the accessibility questionnaire? Product answered the first section, but the Legal and Security sections remain blank. Friday afternoon’s submission deadline is approaching.","who owns the response to the accessibility questionnaire?

Product answered the first section but legal and security sections remain blank before friday afternoons submission deadline",,native_prompt,False,0.8923884514435696,0.7513465577724009,0.4074074074074074,0.9242424242424242,281,32,0.3550704169902019,90.12296848397548
V30,voiceink-validation,VoiceInk validation sample,817,817,speakoflow-mini,SpeakoFlow Mini,please route the exception request to ethics and compliance comma not employee relations and attach the original disclosure from february because the reporting path was incorrect,"Please route the exception request to Ethics and Compliance, not Employee Relations, and attach the original disclosure from February. The reporting path was incorrect.","please route the exception request to ethics and compliance, not employee relations and attach the original disclosure from February because the reporting path was incorrect",,native_prompt,False,0.9325513196480939,0.7715928724919411,0.375,1.0297619047619047,279,29,0.32548304201918654,89.09834386484108
V31,voiceink-validation,VoiceInk validation sample,840,840,speakoflow-mini,SpeakoFlow Mini,can we use the clients logo in the investor presentation question mark the marketing consent covers our website but does not mention fundraising materials before marketing finalizes the presentation,Can we use the client’s logo in the investor presentation? The marketing consent covers our website but does not mention fundraising materials. Marketing has not finalized the presentation.,"can we use the clients logo in the investor presentation?

The marketing consent covers our website but does not mention fundraising materials before marketing finalizes the presentation",,native_prompt,False,0.9280000000000002,0.829947420693918,0.2857142857142857,0.9841269841269841,282,33,0.3805943750194274,86.70648376848848
V32,voiceink-validation,VoiceInk validation sample,856,856,speakoflow-mini,SpeakoFlow Mini,could you request wheelchair access for the site tour comma including the production floor and emergency assembly area not only the lobby because the full group will participate,"Could you request wheelchair access for the site tour, including the production floor and emergency-assembly area, not only the lobby? The full group will participate.","could you request wheelchair access for the site tour, including the production floor and emergency assembly area, not only the lobby because the full group will participate",,native_prompt,False,0.9529411764705881,0.8896654897855227,0.28,1.035928143712575,280,32,0.3640310830087401,87.90458148660812
V33,voiceink-validation,VoiceInk validation sample,902,902,speakoflow-mini,SpeakoFlow Mini,for all three finalists this week ask procurement for the evaluation rubric before vendor presentations we should not change weighting after seeing demonstrations before scoring begins,"For all 3 finalists this week, ask Procurement for the evaluation rubric before vendor presentations. We should not change weighting after seeing demonstrations. Finalize the rubric before scoring begins.",for all three finalists this week ask procurement for the evaluation rubric before vendor presentations we should not change weighting after seeing demonstrations before scoring begins,,native_prompt,False,0.9072164948453608,0.7585689665545854,0.3793103448275862,0.9019607843137255,279,30,0.35147608298575506,85.35431414039022
V34,voiceink-validation,VoiceInk validation sample,926,926,speakoflow-mini,SpeakoFlow Mini,before approving reimbursement can you change coding from client entertainment to employee meal question mark all attendees were internal and no customer joined in the expense system,"Before approving reimbursement, can you change coding from Client Entertainment to Employee Meal? All attendees were internal, and no customer joined. Make the change in the expense system.","before approving reimbursement can you change coding from client entertainment to employee meal?

All attendees were internal and no customer joined in the expense system",,native_prompt,False,0.9080779944289694,0.7228974286545181,0.42857142857142855,0.8994708994708994,279,30,0.41579254099633545,72.15136646778953
V35,voiceink-validation,VoiceInk validation sample,1083,1083,speakoflow-mini,SpeakoFlow Mini,inspection item bullet point north anchor secure bullet point south anchor needs re torque bullet point conduit label missing near junction box four new line photos saved in folder seven,"Inspection items:
- North anchor secure
- South anchor needs retorquing
- Conduit label missing near Junction Box 4

Photos are saved in Folder 7.","inspection item bullet point north anchor secure
bullet point south anchor
needs re torque
bullet point conduit label missing near junction box four
photos saved in folder seven",,native_prompt,False,0.7492260061919506,0.5379987001049841,0.9090909090909091,1.2123287671232876,282,35,0.4831572500115726,72.44018381005704
V36,voiceink-validation,VoiceInk validation sample,1100,1100,speakoflow-mini,SpeakoFlow Mini,sample c twelve was thawed for approximately eighteen minutes comma returned to minus eighty and flagged for sensitivity analysis period no visible leakage occurred afterward,"Sample C12 was thawed for approximately 18 minutes, returned to −80°C, and flagged for sensitivity analysis. No visible leakage occurred afterward.","sample c twelve was thawed for approximately eighteen minutes, returned to minus eighty and flagged for sensitivity analysis. No visible leakage occurred afterward",,native_prompt,False,0.864516129032258,0.7908927552863513,0.3333333333333333,1.1088435374149659,278,29,0.3904782079916913,74.26790895490144
V37,voiceink-validation,VoiceInk validation sample,1177,1177,speakoflow-mini,SpeakoFlow Mini,for our final storage comparison write this technical question to the vendor colon what is the maximum sustained write rate with encryption enabled and raid six active question mark,"For our final storage comparison, write this technical question to the vendor: What is the maximum sustained write rate with encryption enabled and RAID 6 active?",for our final storage comparison write this technical question to the vendor: what is the maximum sustained write rate with encryption enabled and raid six active?,,native_prompt,False,0.9476923076923077,0.8563469362014147,0.19230769230769232,1.0061728395061729,281,31,0.43989004200557247,70.47215676595674
V38,voiceink-validation,VoiceInk validation sample,1209,1209,speakoflow-mini,SpeakoFlow Mini,for the production system prompt please turn the model instructions into a numbered priority list colon safety constraints first output schema second and style preferences third,"For the production system prompt, please turn the model instructions into a numbered priority list:
1. Safety constraints
2. Output schema
3. Style preferences","for the production system prompt please turn the model instructions into a numbered priority list:

1. Safety constraints
2. Output schema
3. Style preferences",,native_prompt,False,0.9874213836477987,0.9552989220267244,0.19047619047619047,1.0,278,34,0.46918445799383335,72.46616852011512
V39,voiceink-validation,VoiceInk validation sample,1412,1412,speakoflow-mini,SpeakoFlow Mini,class reminder colon the ecology quiz is next monday not this friday and chapters six through eight are included new line bring a pencil your field notebook and the calculator you used in lab,"Class reminder: The ecology quiz is next Monday, not this Friday, and Chapters 6 through 8 are included.
Bring a pencil, your field notebook, and the calculator you used in lab.","class reminder: the ecology quiz is next monday not this friday and chapters six through eight are included
Bring a pencil your field notebook and the calculator you used in lab",,native_prompt,False,0.9265536723163842,0.6825587213884823,0.36666666666666664,1.0,286,36,0.47392879202379845,75.9607785090893
V40,voiceink-validation,VoiceInk validation sample,1434,1434,speakoflow-mini,SpeakoFlow Mini,can you ask the pool manager whether lane four will be open for lap swimming from six to seven tomorrow comma or is the regional team still using all the deep lanes question mark,"Can you ask the pool manager whether Lane 4 will be open for lap swimming from 6:00 to 7:00 tomorrow, or is the regional team still using all the deep lanes?","can you ask the pool manager whether lane four will be open for lap swimming from six to seven tomorrow, or is the regional team still using all the deep lanes?",,native_prompt,False,0.9211356466876972,0.8288797474584048,0.16129032258064516,1.019108280254777,286,36,0.485171749984147,74.20052795979217
V41,voiceink-validation,VoiceInk validation sample,1465,1465,speakoflow-mini,SpeakoFlow Mini,dispatch this is unit forty six we have smoke showing from a detached garage at eight twelve birch lane no visible flames yet send one additional engine and advise police the driveway is blocked,"Dispatch, this is Unit 46. We have smoke showing from a detached garage at 812 Birch Lane. No visible flames yet. Send 1 additional engine, and advise police that the driveway is blocked.",dispatch this is unit forty six we have smoke showing from a detached garage at eight twelve birch lane no visible flames yet send one additional engine and advise police the driveway is blocked,,native_prompt,False,0.8556430446194225,0.6547155926952604,0.48484848484848486,1.0374331550802138,287,38,0.5345308749820106,71.0903743423219
V42,voiceink-validation,VoiceInk validation sample,1469,1469,speakoflow-mini,SpeakoFlow Mini,radio check colon team bravo can hear command clearly but but command is not receiving bravo on channel three should we switch to channel five or return to the staging area question mark,"Radio check: Team Bravo can hear Command clearly, but Command is not receiving Bravo on Channel 3. Should we switch to Channel 5 or return to the staging area?",radio check: team bravo can hear command clearly but command is not receiving bravo on channel three. Should we switch to channel five or return to the staging area?,,native_prompt,False,0.9135802469135803,0.6784098013435305,0.3793103448275862,1.0377358490566038,285,35,0.5053650839836337,69.25686223532902
V43,voiceink-validation,VoiceInk validation sample,1479,1479,speakoflow-mini,SpeakoFlow Mini,the boarding reservation is for two rabbits from october six through october tenth can they share the larger enclosure and do we need to bring their usual pellets question mark,"The boarding reservation is for 2 rabbits from October 6 through October 10. Can they share the larger enclosure, and do we need to bring their usual pellets?",The boarding reservation is for two rabbits from october six through october tenth. Can they share the larger enclosure and do we need to bring their usual pellets?,,native_prompt,False,0.937888198757764,0.8005383593234433,0.21428571428571427,1.0379746835443038,284,35,0.49455483301426284,70.7707167407069
V44,voiceink-validation,VoiceInk validation sample,1510,1510,speakoflow-mini,SpeakoFlow Mini,can you transcribe the handwritten caption exactly comma including the crossed out surname but mark uncertain letters with square brackets question mark dont modernize the spelling,"Can you transcribe the handwritten caption exactly, including the crossed-out surname, but mark uncertain letters with square brackets? Don’t modernize the spelling.","can you transcribe the handwritten caption exactly, including the crossed out surname but mark uncertain letters with square brackets question? dont modernize the spelling",,native_prompt,False,0.9464285714285714,0.8429205706868061,0.36363636363636365,1.0363636363636364,280,31,0.43173041599220596,71.80406765818336
V45,voiceink-validation,VoiceInk validation sample,1544,1544,speakoflow-mini,SpeakoFlow Mini,could you categorize the bike lock under transportation comma not recreation and split the ninety dollar hardware store purchase into sixty five home repair and twenty five garden question mark,"Could you categorize the bike lock under Transportation, not Recreation, and split the $90 hardware-store purchase into $65 for Home Repair and $25 for Garden?","could you categorize the bike lock under transportation, not recreation and split the ninety dollar hardware store purchase into sixty five home repair and twenty five garden?",,native_prompt,False,0.8263473053892215,0.6021470711739244,0.56,1.10062893081761,283,33,0.4715984170034062,69.97478958832394
V46,voiceink-validation,VoiceInk validation sample,1545,1545,speakoflow-mini,SpeakoFlow Mini,dear loan officer ive attached pay stubs for may and june but the april file is missing from my employers portal period is a bank statement acceptable instead question mark sincerely comma remy,"Dear Loan Officer,

I’ve attached pay stubs for May and June, but the April file is missing from my employer’s portal. Is a bank statement acceptable instead?

Sincerely,
Remy","dear loan officer

I have attached pay stubs for May and June but the April file is missing from my employers portal.

Period is a bank statement acceptable instead.
Question?
Sincerely,
Remy",,native_prompt,False,0.907103825136612,0.7780213784574426,0.39285714285714285,1.0914285714285714,289,48,0.7086549169907812,67.73395463595496
V47,voiceink-validation,VoiceInk validation sample,1621,1621,speakoflow-mini,SpeakoFlow Mini,could you explain why the estimate lists three point five labor hours for the alternator the phone quote said two hours and and did not mention a diagnostic fee question mark,Could you explain why the estimate lists 3.5 labor hours for the alternator? The phone quote said 2 hours and did not mention a diagnostic fee.,could you explain why the estimate lists three point five labor hours for the alternator the phone quote said two hours and and did not mention a diagnostic fee?,,native_prompt,False,0.8881578947368421,0.8136439329021957,0.34615384615384615,1.1258741258741258,284,34,0.5254325419955421,64.7085920313791
V48,voiceink-validation,VoiceInk validation sample,1639,1639,speakoflow-mini,SpeakoFlow Mini,the accessible shuttle was booked for eight forty five but arrived at nine thirty passenger missed appointment r six one four can you document the delay and reschedule the ride question mark,The accessible shuttle was booked for 8:45 but arrived at 9:30. The passenger missed Appointment R614. Can you document the delay and reschedule the ride?,the accessible shuttle was booked for eight forty five but arrived at nine thirty passenger missed appointment r six one four can you document the delay and reschedule the ride?,,native_prompt,False,0.8157099697885196,0.7101034700143058,0.48,1.1493506493506493,285,35,0.5376458749815356,65.09861161159658
V49,voiceink-validation,VoiceInk validation sample,1673,1673,speakoflow-mini,SpeakoFlow Mini,application checklist bullet point two passport photos next item proof of address next item signed declaration page next item fee receipt new line bring originals and one copy of each,"Application checklist:
- 2 passport photos
- Proof of address
- Signed declaration page
- Fee receipt

Bring the originals and 1 copy of each.","application checklist

- passport photos
- proof of address
- signed declaration page
- fee receipt

Bring originals and one copy of each",,native_prompt,False,0.9247311827956989,0.7140294335460726,0.42857142857142855,0.9647887323943662,282,31,0.45438433400704525,68.2241830976491
V50,voiceink-validation,VoiceInk validation sample,1691,1691,speakoflow-mini,SpeakoFlow Mini,dear costume rental the return sheet lists four hats but we received three period could you check the packing photo before charging the missing item fee question mark regards comma tessa,"Dear Costume Rental,

The return sheet lists 4 hats, but we received 3. Could you check the packing photo before charging the missing-item fee?

Regards,
Tessa","dear costume rental

The return sheet lists four hats but we received three.

Could you check the packing photo before charging the missing item fee?

Regards,
Tessa",,native_prompt,False,0.9259259259259259,0.7705290641369111,0.32,1.0377358490566038,285,39,0.6847309999866411,56.956673497710604
C01,curated-sample-50,Curated transcript cleanup sample,sample_001,,speakoflow-mini,SpeakoFlow Mini,the deployment finished successfully all services are healthy and no customer action is required,"The deployment finished successfully. All services are healthy, and no customer action is required.",the deployment finished successfully all services are healthy and no customer action is required,,native_prompt,False,0.9641025641025641,0.8293427285319737,0.35714285714285715,0.9696969696969697,266,17,0.26775958397774957,63.489790906654065
C02,curated-sample-50,Curated transcript cleanup sample,sample_002,,speakoflow-mini,SpeakoFlow Mini,Can we move the review to Friday. because Maya is unavailable Thursday?,Can we move the review to Friday because Maya is unavailable Thursday?,"Can we move the review to Friday, because Maya is unavailable Thursday?",,native_prompt,False,0.9929078014184397,0.9494851257433504,0.08333333333333333,1.0142857142857142,266,17,0.2678422080061864,63.470205560758174
C03,curated-sample-50,Curated transcript cleanup sample,sample_003,,speakoflow-mini,SpeakoFlow Mini,uh please send the revised contract to Priya this afternoon,Please send the revised contract to Priya this afternoon.,please send the revised contract to Priya this afternoon,,native_prompt,False,0.9734513274336283,0.9224743154227397,0.2222222222222222,0.9824561403508771,263,13,0.22735141700832173,57.18020222202601
C04,curated-sample-50,Curated transcript cleanup sample,sample_004,,speakoflow-mini,SpeakoFlow Mini,I mean the main issue is basically that the export takes too long,The main issue is that the export takes too long.,The export takes too long,,native_prompt,False,0.6756756756756757,0.5058506510665913,0.6,0.5102040816326531,265,8,0.16450145799899474,48.631787810955984
C05,curated-sample-50,Curated transcript cleanup sample,sample_005,,speakoflow-mini,SpeakoFlow Mini,the important thing the important thing is that we keep the existing backup,The important thing is that we keep the existing backup.,the important thing is that we keep the existing backup,,native_prompt,False,0.972972972972973,0.9258393731962501,0.2,0.9821428571428571,265,13,0.2159001249819994,60.2130267459728
C06,curated-sample-50,Curated transcript cleanup sample,sample_006,,speakoflow-mini,SpeakoFlow Mini,p please confirm that the customer received the refund,Please confirm that the customer received the refund.,please confirm that the customer received the refund,,native_prompt,False,0.9714285714285714,0.9146114093263593,0.25,0.9811320754716981,261,11,0.3641769159876276,30.205099546654708
C07,curated-sample-50,Curated transcript cleanup sample,sample_007,,speakoflow-mini,SpeakoFlow Mini,I wanted to ask whether actually please cancel tomorrow's check-in,Please cancel tomorrow's check-in.,I wanted to ask whether actually please cancel tomorrow's check-in,,native_prompt,False,0.64,0.7022340172896127,2.0,1.9411764705882353,264,15,0.2426307080022525,61.82234772962351
C08,curated-sample-50,Curated transcript cleanup sample,sample_008,,speakoflow-mini,SpeakoFlow Mini,schedule the review for Tuesday no sorry Thursday,Schedule the review for Thursday.,schedule the review for Thursday,,native_prompt,False,0.9538461538461537,0.8633373789876709,0.4,0.9696969696969697,260,8,0.1576018329942599,50.76083093710828
C09,curated-sample-50,Curated transcript cleanup sample,sample_009,,speakoflow-mini,SpeakoFlow Mini,please review the sight migration plan before lunch,Please review the site migration plan before lunch.,please review the migration plan before lunch,,native_prompt,False,0.9166666666666665,0.7785221794977129,0.375,0.8823529411764706,260,10,0.1869408329948783,53.49286102878323
C10,curated-sample-50,Curated transcript cleanup sample,sample_010,,speakoflow-mini,SpeakoFlow Mini,store the session token in red is for fifteen minutes,Store the session token in Redis for 15 minutes.,store the session token in Redis for fifteen minutes,,native_prompt,False,0.88,0.7665240320683719,0.3333333333333333,1.0833333333333333,262,12,0.22185587498825043,54.089169379154484
C11,curated-sample-50,Curated transcript cleanup sample,sample_011,,speakoflow-mini,SpeakoFlow Mini,we received one thousand two hundred and forty six responses,"We received 1,246 responses.",we received one thousand two hundred and forty six responses,,native_prompt,False,0.4772727272727273,0.389422494026957,2.25,2.142857142857143,262,13,0.2280251249903813,57.01126137108081
C12,curated-sample-50,Curated transcript cleanup sample,sample_012,,speakoflow-mini,SpeakoFlow Mini,the workshop starts on September twenty third twenty twenty six,"The workshop starts on September 23, 2026.","the workshop starts on September twenty third, twenty twenty six",,native_prompt,False,0.6415094339622642,0.6074321036508733,0.8571428571428571,1.5238095238095237,262,14,0.20417162499506958,68.56976330740414
C13,curated-sample-50,Curated transcript cleanup sample,sample_013,,speakoflow-mini,SpeakoFlow Mini,the call begins at four thirty p m,The call begins at 4:30 PM.,the call begins at four thirty p m,,native_prompt,False,0.6229508196721312,0.5109515661906258,0.8333333333333334,1.2592592592592593,260,11,0.15288708300795406,71.9485242545161
C14,curated-sample-50,Curated transcript cleanup sample,sample_014,,speakoflow-mini,SpeakoFlow Mini,the replacement costs forty nine dollars and weighs two point five kilograms,The replacement costs $49 and weighs 2.5 kilograms.,The replacement costs forty nine dollars and weighs two point five kilograms,,native_prompt,False,0.6929133858267718,0.594543805176706,0.875,1.4901960784313726,264,15,0.2870144589978736,52.262175405285525
C15,curated-sample-50,Curated transcript cleanup sample,sample_015,,speakoflow-mini,SpeakoFlow Mini,send the receipt to finance at acme dot com,Send the receipt to finance@acme.com.,send the receipt to finance@acme.com,,native_prompt,False,0.9589041095890412,0.8702269412444669,0.4,0.972972972972973,262,12,0.2111301670083776,56.83697488632139
C16,curated-sample-50,Curated transcript cleanup sample,sample_016,,speakoflow-mini,SpeakoFlow Mini,the documentation is available at docs dot example dot com slash setup,The documentation is available at docs.example.com/setup.,the documentation is available at docs.example.com/setup,,native_prompt,False,0.9734513274336283,0.9011899056062502,0.3333333333333333,0.9824561403508771,264,12,0.21431070801918395,55.99346906607123
C17,curated-sample-50,Curated transcript cleanup sample,sample_017,,speakoflow-mini,SpeakoFlow Mini,yes comma I can send the draft today semicolon the figures will follow tomorrow period great work everyone exclamation mark,"Yes, I can send the draft today; the figures will follow tomorrow. Great work, everyone!","yes, I can send the draft today; the figures will follow tomorrow. Great work everyone!",,native_prompt,False,0.9828571428571429,0.9243706130199199,0.13333333333333333,0.9886363636363636,274,22,0.3298664170142729,66.6936640568903
C18,curated-sample-50,Curated transcript cleanup sample,sample_018,,speakoflow-mini,SpeakoFlow Mini,Maya said open quote the release is ready close quote,"Maya said, “The release is ready.”","Maya said ""the release is ready""",,native_prompt,False,0.8787878787878788,0.652319102325624,0.5,0.9411764705882353,263,12,0.20249983298708685,59.25930813367744
C19,curated-sample-50,Curated transcript cleanup sample,sample_019,,speakoflow-mini,SpeakoFlow Mini,the migration is complete period new paragraph customers do not need to take any action period,"The migration is complete.

Customers do not need to take any action.","The migration is complete.

Customers do not need to take any action.",,native_prompt,True,1.0,1.0,0.0,1.0,268,18,0.2777485830010846,64.80681127337996
C20,curated-sample-50,Curated transcript cleanup sample,sample_020,,speakoflow-mini,SpeakoFlow Mini,bullet list apples new line rice new line olive oil,"- Apples
- Rice
- Olive oil","- apples
- rice
- olive oil",,native_prompt,False,0.8888888888888888,0.4541976110619686,0.6,1.0,262,12,0.20044833299471065,59.8658009309394
C21,curated-sample-50,Curated transcript cleanup sample,sample_021,,speakoflow-mini,SpeakoFlow Mini,numbered list first back up the database second deploy the service third run the smoke tests,"1. Back up the database.
2. Deploy the service.
3. Run the smoke tests.","1. Back up the database
2. Deploy the service
3. Run the smoke tests",,native_prompt,False,0.9784172661870504,0.8522943293956972,0.25,0.9577464788732394,269,22,0.307368875015527,71.57523675384715
C22,curated-sample-50,Curated transcript cleanup sample,sample_022,,speakoflow-mini,SpeakoFlow Mini,dear Anika new paragraph thank you for reviewing the proposal new paragraph best regards new line Sam,"Dear Anika,

Thank you for reviewing the proposal.

Best regards,
Sam","dear Anika

Thank you for reviewing the proposal.

Best regards
Sam",,native_prompt,False,0.9705882352941176,0.831053865674919,0.3,0.9710144927536232,271,20,0.30758262498420663,65.02317873458207
C23,curated-sample-50,Curated transcript cleanup sample,sample_023,,speakoflow-mini,SpeakoFlow Mini,heading weekly status new paragraph all planned work is complete,"# Weekly Status

All planned work is complete.","## Weekly Status

All planned work is complete",,native_prompt,False,0.9782608695652173,0.9493102588787575,0.25,1.0,262,12,0.20158279102179222,59.52889102871253
C24,curated-sample-50,Curated transcript cleanup sample,sample_024,,speakoflow-mini,SpeakoFlow Mini,the word comma appears twice in the first paragraph,The word “comma” appears twice in the first paragraph.,The word comma appears twice in the first paragraph,,native_prompt,False,0.9714285714285714,0.8053445911610622,0.2222222222222222,0.9444444444444444,261,12,0.20039691601414233,59.88116104118659
C25,curated-sample-50,Curated transcript cleanup sample,sample_025,,speakoflow-mini,SpeakoFlow Mini,attach the file quarterly report final dot pdf and reference ticket a c m e dash four two seven,Attach the file quarterly-report-final.pdf and reference ticket ACME-427.,attach the file quarterly report final.pdf and reference ticket acme-427,,native_prompt,False,0.896551724137931,0.6866591686299066,0.625,0.9863013698630136,271,19,0.2866670830117073,66.27897350608633
C26,curated-sample-50,Curated transcript cleanup sample,sample_026,,speakoflow-mini,SpeakoFlow Mini,hi Priya comma new paragraph um could you send the revised budget to finance at acme dot com by four p m question mark new paragraph thanks comma new line Daniel,"Hi Priya,

Could you send the revised budget to finance@acme.com by 4:00 PM?

Thanks,
Daniel","hi Priya

Could you send the revised budget to finance@acme.com by four p.m.?

Thanks,
Daniel",,native_prompt,False,0.9081081081081082,0.7950693109215158,0.2857142857142857,1.0108695652173914,285,29,0.43322016700403765,66.94055865531698
C27,curated-sample-50,Curated transcript cleanup sample,sample_027,,speakoflow-mini,SpeakoFlow Mini,numbered list first archive the last thirty days of logs second increase the time out to forty five seconds third restart the a p i gateway,"1. Archive the last 30 days of logs.
2. Increase the timeout to 45 seconds.
3. Restart the API gateway.","1. Archive the last thirty days of logs
2. Increase the time out to forty five seconds
3. Restart the API gateway",,native_prompt,False,0.8888888888888888,0.7486392634036015,0.4444444444444444,1.0970873786407767,279,30,0.4345928340044338,69.03013039486503
C28,curated-sample-50,Curated transcript cleanup sample,sample_028,,speakoflow-mini,SpeakoFlow Mini,okay bullet list um coffee beans new line coffee filters coffee filters new line oat milk new line dish soap,"- Coffee beans
- Coffee filters
- Oat milk
- Dish soap","okay bullet list

- coffee beans
- coffee filters
- oat milk
- dish soap",,native_prompt,False,0.7936507936507937,0.5955741235755523,0.7777777777777778,1.3333333333333333,272,22,0.3239389160007704,67.91403846010178
C29,curated-sample-50,Curated transcript cleanup sample,sample_029,,speakoflow-mini,SpeakoFlow Mini,heading meeting notes new paragraph date August thirtieth twenty twenty six new line time ten thirty a m new paragraph bullet list finalize the launch copy new line confirm the support schedule new line send the customer notice,"# Meeting Notes

Date: August 30, 2026
Time: 10:30 AM

- Finalize the launch copy.
- Confirm the support schedule.
- Send the customer notice.","## Meeting Notes

August thirtieth, twenty twenty six
Ten thirty a m

## Bullet list

- Finalize the launch copy
- Confirm the support schedule
- Send the customer notice",,native_prompt,False,0.7564102564102564,0.6316878817728461,0.6818181818181818,1.1971830985915493,292,43,0.6274959580041468,68.52633782179014
C30,curated-sample-50,Curated transcript cleanup sample,sample_030,,speakoflow-mini,SpeakoFlow Mini,Ravi said open quote we can launch on Monday no Tuesday close quote,"Ravi said, “We can launch on Tuesday.”","Ravi said ""we can launch on Monday""",,native_prompt,False,0.7945205479452055,0.5389007147398682,0.42857142857142855,0.9210526315789473,266,13,0.22075233299983665,58.88952485050122
C31,curated-sample-50,Curated transcript cleanup sample,sample_031,,speakoflow-mini,SpeakoFlow Mini,uh upgrade the service to version two point four point one comma then check the guide at docs dot example dot com slash upgrade,"Upgrade the service to version 2.4.1, then check the guide at docs.example.com/upgrade.","upgrade the service to version two point four point one, then check the guide at docs.example.com/upgrade",,native_prompt,False,0.8333333333333335,0.8055773326916902,0.5833333333333334,1.206896551724138,276,24,0.3529536660062149,67.99759376795197
C32,curated-sample-50,Curated transcript cleanup sample,sample_032,,speakoflow-mini,SpeakoFlow Mini,ship three boxes to twenty four lake view road apartment seven b Kathmandu,"Ship 3 boxes to 24 Lake View Road, Apartment 7B, Kathmandu.",Ship three boxes to twenty four lake view road apartment seven b Kathmandu,,native_prompt,False,0.706766917293233,0.3652494103530087,0.9090909090909091,1.2542372881355932,267,18,0.27801016697776504,64.74583356312873
C33,curated-sample-50,Curated transcript cleanup sample,sample_033,,speakoflow-mini,SpeakoFlow Mini,move the demo from September tenth at two p m no make that September eleventh at three thirty p m,Move the demo to September 11 at 3:30 PM.,move the demo from September eleventh at three thirty p m,,native_prompt,False,0.6122448979591837,0.3931421111201051,0.7777777777777778,1.3902439024390243,273,15,0.2807888330135029,53.42092788739453
C34,curated-sample-50,Curated transcript cleanup sample,sample_034,,speakoflow-mini,SpeakoFlow Mini,heading quarterly results new paragraph bullet list revenue increased by twelve percent new line support costs fell by eight point five percent new line cash balance is two point three million dollars,"# Quarterly Results

- Revenue increased by 12%.
- Support costs fell by 8.5%.
- Cash balance is $2.3 million.","## Quarterly results

Revenue increased by twelve percent.
Support costs fell by eight point five percent.
Cash balance is two point three million dollars.",,native_prompt,False,0.6943396226415095,0.5728555189452953,0.7777777777777778,1.4090909090909092,284,33,0.5683246249973308,58.065405841168655
C35,curated-sample-50,Curated transcript cleanup sample,sample_035,,speakoflow-mini,SpeakoFlow Mini,okay steps colon first download the archive second unzip it into the tools folder third run setup dot sh,"Steps:

1. Download the archive.
2. Unzip it into the tools folder.
3. Run setup.sh.","okay steps:

1. Download the archive
2. Unzip it into the tools folder
3. Run setup.sh",,native_prompt,False,0.9411764705882352,0.840986838078986,0.38461538461538464,1.0238095238095237,271,28,0.42779979199985974,65.45117721798513
C36,curated-sample-50,Curated transcript cleanup sample,sample_036,,speakoflow-mini,SpeakoFlow Mini,the pilot went well period new paragraph um twelve people completed onboarding comma and ten activated their accounts period new paragraph the next session is Friday at nine a m full stop,"The pilot went well.

Twelve people completed onboarding, and 10 activated their accounts.

The next session is Friday at 9:00 AM.","the pilot went well.

um twelve people completed onboarding, and ten activated their accounts.

The next session is Friday at nine a m.",,native_prompt,False,0.9056603773584907,0.8138404119104908,0.3333333333333333,1.0384615384615385,285,33,0.49339437499293126,66.88361617513938
C37,curated-sample-50,Curated transcript cleanup sample,sample_037,,speakoflow-mini,SpeakoFlow Mini,hello Marcus comma new paragraph please send the invoice to billing at north star dot io no sorry accounts at north star dot io new paragraph kind regards comma new line Lena,"Hello Marcus,

Please send the invoice to accounts@northstar.io.

Kind regards,
Lena","hello Marcus

Please send the invoice to billing@northstar.io

Kind regards,
Lena",,native_prompt,False,0.896969696969697,0.7170132653933677,0.3,0.9642857142857143,284,23,0.39976462500635535,57.53385507693272
C38,curated-sample-50,Curated transcript cleanup sample,sample_038,,speakoflow-mini,SpeakoFlow Mini,bug report colon the app crashes when opening settings dot j son period attach crash log dash two zero two six zero eight three zero dot text and reference issue v o i dash nine one eight,Bug report: The app crashes when opening settings.json. Attach crash-log-20260830.txt and reference issue VOI-918.,"bug report: the app crashes when opening settings.json.
attach crash log --two zero two six zero eight three zero.
and reference issue v0118",,native_prompt,False,0.7401574803149606,0.6222450751074348,1.0,1.2280701754385965,289,37,0.4783648339798674,77.34682270051061
C39,curated-sample-50,Curated transcript cleanup sample,sample_039,,speakoflow-mini,SpeakoFlow Mini,note colon the trial period ends tomorrow comma but the word period in the heading should remain lowercase period,"Note: The trial period ends tomorrow, but the word “period” in the heading should remain lowercase.","note: the trial period ends tomorrow, but the word period in the heading should remain lowercase period",,native_prompt,False,0.9306930693069306,0.8129206271195214,0.3125,1.0404040404040404,271,22,0.2875921249797102,76.49722676360527
C40,curated-sample-50,Curated transcript cleanup sample,sample_040,,speakoflow-mini,SpeakoFlow Mini,open quote good writing is clear writing close quote new line dash Maya Chen,"“Good writing is clear writing.”
—Maya Chen","""good writing is clear writing""
Maya Chen",,native_prompt,False,0.9047619047619048,0.6997126474192027,0.3333333333333333,0.9534883720930233,266,14,0.24461204098770395,57.23348672236354
C41,curated-sample-50,Curated transcript cleanup sample,sample_041,,speakoflow-mini,SpeakoFlow Mini,recipe colon new paragraph numbered list first mix two cups of flour and one teaspoon of salt second add three hundred milliliters of water third bake for forty minutes at two hundred degrees Celsius,"Recipe:

1. Mix 2 cups of flour and 1 teaspoon of salt.
2. Add 300 milliliters of water.
3. Bake for 40 minutes at 200 degrees Celsius.","recipe
New paragraph
1. Mix two cups of flour and one teaspoon of salt
2. Add three hundred milliliters of water
3. Bake for forty minutes at two hundred degrees Celsius",,native_prompt,False,0.7894736842105263,0.6231828381348258,0.48,1.2518518518518518,288,43,0.7145414160040673,60.178457171130916
C42,curated-sample-50,Curated transcript cleanup sample,sample_042,,speakoflow-mini,SpeakoFlow Mini,travel plan colon new paragraph September fifth flight at seven fifteen a m new line September sixth workshop at nine a m new line hotel budget one hundred eighty dollars per night,"Travel Plan:

- September 5: Flight at 7:15 AM.
- September 6: Workshop at 9:00 AM.
- Hotel budget: $180 per night.","travel plan

September fifth flight at seven fifteen a m
September sixth workshop at nine a m
Hotel budget one hundred eighty dollars per night",,native_prompt,False,0.6201550387596899,0.36885650846517387,1.0,1.2434782608695651,284,31,0.48897933299303986,63.39736244116733
C43,curated-sample-50,Curated transcript cleanup sample,sample_043,,speakoflow-mini,SpeakoFlow Mini,heading customer update new paragraph um three updates colon the mobile fix is live comma the desktop release is in review in review comma and support has answered all open tickets,"# Customer Update

- The mobile fix is live.
- The desktop release is in review.
- Support has answered all open tickets.","## Customer Update

Um three updates:

- The mobile fix is live
- The desktop release is in review
- Support has answered all open tickets",,native_prompt,False,0.9111969111969112,0.8567097723085042,0.3333333333333333,1.140495867768595,283,34,0.5616252910112962,60.53858425566548
C44,curated-sample-50,Curated transcript cleanup sample,sample_044,,speakoflow-mini,SpeakoFlow Mini,the c c d n cache cache should expire after three hundred seconds and the key belongs in red is,"The CDN cache should expire after 300 seconds, and the key belongs in Redis.",the cdn cache should expire after three hundred seconds and the key belongs in Redis,,native_prompt,False,0.8375,0.6989399714778406,0.42857142857142855,1.105263157894737,272,19,0.24610820799716748,77.20181360313946
C45,curated-sample-50,Curated transcript cleanup sample,sample_045,,speakoflow-mini,SpeakoFlow Mini,question colon are we still planning to launch Friday question mark new paragraph answer colon yes comma assuming the final review passes period,"Question: Are we still planning to launch Friday?

Answer: Yes, assuming the final review passes.","question: are we still planning to launch Friday?
new paragraph
answer: yes, assuming the final review passes.",,native_prompt,False,0.8985507246376812,0.7970795944458974,0.3333333333333333,1.134020618556701,275,27,0.31390266699600033,86.01392354638398
C46,curated-sample-50,Curated transcript cleanup sample,sample_046,,speakoflow-mini,SpeakoFlow Mini,hello this is Nina from Acme support comma I'm calling about ticket a c dash seven four two period please call me back at five p m period thank you,"Hello, this is Nina from Acme Support. I'm calling about ticket AC-742. Please call me back at 5:00 PM. Thank you.","hello this is Nina from Acme support, I'm calling about ticket ac-742. Please call me back at five p.m. thank you",,native_prompt,False,0.8810572687224669,0.6787105344504595,0.3333333333333333,0.9912280701754386,284,34,0.39246541599277407,86.63183713651344
C47,curated-sample-50,Curated transcript cleanup sample,sample_047,,speakoflow-mini,SpeakoFlow Mini,heading launch checklist new paragraph bullet list open quote release approved close quote from Maya new line deploy version three point two new line email status at acme dot com after launch,"# Launch Checklist

- “Release approved,” from Maya.
- Deploy version 3.2.
- Email status@acme.com after launch.","## Launch checklist

Open quote release approved close quote from Maya
Deploy version three point two
Email status at acme.com after launch",,native_prompt,False,0.7569721115537849,0.5624497938748936,1.1333333333333333,1.2410714285714286,285,30,0.3482242500176653,86.15138089457615
C48,curated-sample-50,Curated transcript cleanup sample,sample_048,,speakoflow-mini,SpeakoFlow Mini,dear team comma uh the launch is complete period the launch is complete and all systems are healthy period please report issues at status dot example dot com slash support period best comma Arjun,"Dear Team,

The launch is complete, and all systems are healthy.

Please report issues at status.example.com/support.

Best,
Arjun","dear team,

The launch is complete and all systems are healthy.

Please report issues at status.example.com/support.

Best,
Arjun",,native_prompt,False,0.9806949806949806,0.9115468015093441,0.17647058823529413,0.9923076923076923,288,34,0.3859246250067372,88.10010503840343
C49,curated-sample-50,Curated transcript cleanup sample,sample_049,,speakoflow-mini,SpeakoFlow Mini,"The migration completed successfully, and no customer action is required.","The migration completed successfully, and no customer action is required.","The migration completed successfully, and no customer action is required.",,native_prompt,True,1.0,1.0,0.0,1.0,264,15,0.2088684590125922,71.81553438423023
C50,curated-sample-50,Curated transcript cleanup sample,sample_050,,speakoflow-mini,SpeakoFlow Mini,Could you send the revised proposal before Friday afternoon?,Could you send the revised proposal before Friday afternoon?,Could you send the revised proposal before Friday afternoon?,,native_prompt,True,1.0,1.0,0.0,1.0,262,13,0.18335754200234078,70.89972879236153
V01,voiceink-validation,VoiceInk validation sample,59,59,voiceink-refine-v1,VoiceInk Refine V1,mina where should i return the folding chairs the parish hall or the sports pavilion question mark and who has the storage key i can go tomorrow,"Mina, where should I return the folding chairs, the parish hall or the sports pavilion? And who has the storage key? I can go tomorrow.","Where should I return the folding chairs: the parish hall or the sports pavilion?

Who has the storage key? I can go tomorrow.",,native_prompt,False,0.9272030651340997,0.8430541711685214,0.2,0.9333333333333333,102,29,0.8609752500196919,33.68273362020189
V02,voiceink-validation,VoiceInk validation sample,67,67,voiceink-refine-v1,VoiceInk Refine V1,message to dev colon the freezer door looks shut but it isnt sealing comma so push it until you hear two clicks not one full stop,"Message to Dev: The freezer door looks shut, but it isn’t sealing, so push it until you hear 2 clicks, not one.",Message to Dev: The freezer door looks shut but it isn’t sealing. Push it until you hear two clicks.,,native_prompt,False,0.9004739336492891,0.7411206199712281,0.36363636363636365,0.9009009009009009,100,23,0.5072074579948094,45.34633637077824
V03,voiceink-validation,VoiceInk validation sample,113,113,voiceink-refine-v1,VoiceInk Refine V1,dear ken we heard about your new house period may we visit next sunday around tea time question mark warm wishes comma lou and fay,"Dear Ken,

We heard about your new house. May we visit next Sunday around teatime?

Warm wishes,
Lou and Fay","Dear Ken,

We heard about your new house. May we visit next Sunday around tea time?

Warm wishes,
Lou and Fay",,native_prompt,False,0.9953917050691244,0.9819977433574129,0.10526315789473684,1.0092592592592593,100,28,0.5580674590019044,50.173145823764024
V04,voiceink-validation,VoiceInk validation sample,213,213,voiceink-refine-v1,VoiceInk Refine V1,can the taxi take four passengers plus a folding wheelchair and two medium cases or should we request a larger car question mark for the airport run,"Can the taxi take 4 passengers, a folding wheelchair, and 2 medium cases, or should we request a larger car for the airport run?","Can the taxi take 4 passengers plus a folding wheelchair and 2 medium cases, or should we request a larger car?",,native_prompt,False,0.8870292887029287,0.78215466332612,0.3333333333333333,0.8671875,101,25,0.5214866249880288,47.939868065789604
V05,voiceink-validation,VoiceInk validation sample,426,426,voiceink-refine-v1,VoiceInk Refine V1,before the guests arrive saturday morning comma separate the white laundry wash the towels at sixty and hang the linen shirts instead of machine drying them,"Before the guests arrive Saturday morning, separate the white laundry, wash the towels at 60 degrees, and hang the linen shirts instead of machine-drying them.","Before the guests arrive Saturday morning, separate the white laundry. Wash the towels at 60 and hang the linen shirts instead of machine drying them.",,native_prompt,False,0.9514563106796117,0.8478916750537796,0.2,0.9433962264150944,101,30,0.558363415999338,53.72844842692123
V06,voiceink-validation,VoiceInk validation sample,465,465,voiceink-refine-v1,VoiceInk Refine V1,dear neighbors please collect your post from the lower lobby shelf by friday evening period anything remaining there will move to reception before mondays delivery,"Dear Neighbors,

Please collect your post from the lower lobby shelf by Friday evening. Anything remaining there will move to Reception before Monday’s delivery.","Dear neighbors, please collect your post from the lower lobby shelf by Friday evening. Anything remaining there will be moved to reception before Monday.",,native_prompt,False,0.9235668789808917,0.7895649372815668,0.2916666666666667,0.9503105590062112,101,27,0.5381960829836316,50.16758919968052
V07,voiceink-validation,VoiceInk validation sample,582,582,voiceink-refine-v1,VoiceInk Refine V1,support closed the incident at eleven forty p m utc service had been stable since ten oh five and monitoring continued overnight with the incident commander remaining on call,"Support closed the incident at 11:40 PM UTC. Service had been stable since 10:05, and monitoring continued overnight. The Incident Commander remained on call.",Support closed the incident at 11:40 PM UTC. Service had been stable since 10:05 and monitoring continued overnight with the incident commander remaining on call.,,native_prompt,False,0.94375,0.829439455024106,0.2916666666666667,1.0253164556962024,103,37,0.6357486659835558,58.19909970673385
V08,voiceink-validation,VoiceInk validation sample,650,650,voiceink-refine-v1,VoiceInk Refine V1,the sales manager approved the five percent discount but not the free implementation package shown in the latest quote despite a separate verbal concession request,"The Sales manager approved the 5% discount, but not the free implementation package shown in the latest quote. A separate verbal concession request remains unapproved.",The sales manager approved the 5% discount but not the free implementation package shown in the latest quote despite a separate verbal concession request.,,native_prompt,False,0.897196261682243,0.7965834384754286,0.32,0.9221556886227545,99,27,0.5570870419905987,48.46639387540385
V09,voiceink-validation,VoiceInk validation sample,948,948,voiceink-refine-v1,VoiceInk Refine V1,why did the nightly pipe line finish green even though the schema validation step logged seventeen errors is continue on error set somewhere question mark,Why did the nightly pipeline finish green even though the schema validation step logged 17 errors? Is continue-on-error set somewhere?,Why did the nightly pipeline finish green even though the schema validation step logged 17 errors? Is it continuing on error set somewhere?,,native_prompt,False,0.9597069597069597,0.9102733323937643,0.2,1.037313432835821,99,27,0.5432181250071153,49.703790718776816
V10,voiceink-validation,VoiceInk validation sample,1001,1001,voiceink-refine-v1,VoiceInk Refine V1,please shorten the permission dialog it currently says in order to continue we need to be able to access your microphone period keep the reason visible though,"Please shorten the permission dialog. It currently says, “In order to continue, we need to be able to access your microphone.” Keep the reason visible, though.","Please shorten the permission dialog. It currently says, “In order to continue, we need to be able to access your microphone.” Keep the reason visible though.",,native_prompt,False,0.9968454258675079,0.9702417375826454,0.038461538461538464,0.9937106918238994,101,32,0.6278143340023234,50.9704832573663
V11,voiceink-validation,VoiceInk validation sample,1107,1107,voiceink-refine-v1,VoiceInk Refine V1,the search index skipped records with emoji in the title reprocessing succeeds after unicode normalization form c is applied period existing records need back filling,The search index skipped records with emoji in the title. Reprocessing succeeds after Unicode Normalization Form C is applied. Existing records need backfilling.,The search index skipped records with emoji in the title. Reprocessing succeeds after Unicode normalization from C is applied. Existing records need backfilling.,,native_prompt,False,0.9813664596273292,0.9274900124776114,0.08695652173913043,1.0,100,29,0.5584587079938501,51.928637847150114
V12,voiceink-validation,VoiceInk validation sample,1111,1111,voiceink-refine-v1,VoiceInk Refine V1,paragraph break the tablet layout is usable in portrait period in landscape the sticky footer overlaps the final form field by twenty four pixels period rotation does not recalculate it,"The tablet layout is usable in portrait. In landscape, the sticky footer overlaps the final form field by 24 pixels. Rotation does not recalculate it.","The tablet layout is usable in portrait. In landscape, the sticky footer overlaps the final form field by 24 pixels. Rotation does not recalculate it.",,native_prompt,True,1.0,1.0,0.0,1.0,105,32,0.575307499995688,55.6224280063094
V13,voiceink-validation,VoiceInk validation sample,1211,1211,voiceink-refine-v1,VoiceInk Refine V1,can you check whether the variance calculation uses n or n minus one results differ from the published table by point zero three before correcting the published appendix,Can you check whether the variance calculation uses n or n−1? Results differ from the published table by 0.03. Check this before correcting the published appendix.,Can you check whether the variance calculation uses n or n minus 1? Results differ from the published table by 0.03 before correcting the published appendix.,,native_prompt,False,0.9375,0.8763508234780217,0.23076923076923078,0.9631901840490797,102,33,0.5779031660058536,57.10299223324508
V14,voiceink-validation,VoiceInk validation sample,1257,1257,voiceink-refine-v1,VoiceInk Refine V1,during the quarterly structural survey inspection at pier two found minor scaling above the water line comma no exposed reinforcement and no measurable change since march,"During the quarterly structural survey, inspection at Pier 2 found minor scaling above the waterline, no exposed reinforcement, and no measurable change since March.","During the quarterly structural survey inspection at Pier 2, minor scaling was found above the waterline, no exposed reinforcement, and no measurable change since March.",,native_prompt,False,0.9461077844311377,0.9135450915258082,0.20833333333333334,1.0242424242424242,100,31,0.5520491250208579,56.15442284928671
V15,voiceink-validation,VoiceInk validation sample,1368,1368,voiceink-refine-v1,VoiceInk Refine V1,thirty minute discharge test reading colon battery bank voltage was twenty five point six at rest comma then dropped to twenty two point nine under inverter load,"30-minute discharge-test reading: Battery-bank voltage was 25.6 at rest, then dropped to 22.9 under inverter load.","30-minute discharge test:
Battery bank voltage was 25.6V at rest, then dropped to 22.9V under inverter load.",,native_prompt,False,0.927927927927928,0.7448379819976158,0.3125,0.9473684210526315,103,34,0.5688283329945989,59.77198748347656
V16,voiceink-validation,VoiceInk validation sample,1396,1396,voiceink-refine-v1,VoiceInk Refine V1,dear nina before the accessibility review meeting note that the attached screen reader transcript timestamps correspond to build one eighty four not the latest beta,"Dear Nina,

Before the accessibility-review meeting, note that the attached screen-reader transcript timestamps correspond to Build 184, not the latest beta.","Dear Nina,

Before the accessibility review meeting, note that the attached screen reader transcript timestamps correspond to build 184, not the latest beta.",,native_prompt,False,0.9808917197452228,0.8934070470681518,0.23809523809523808,1.0,101,31,0.5575566670158878,55.59972973853193
V17,voiceink-validation,VoiceInk validation sample,1605,1605,voiceink-refine-v1,VoiceInk Refine V1,dear garden club saturdays seed swap moves indoors to room four because rain is likely period label packets with variety and harvest year cheers comma monica,"Dear Garden Club,

Saturday’s seed swap moves indoors to Room 4 because rain is likely. Label packets with the variety and harvest year.

Cheers,
Monica","Dear Garden Club, Saturdays seed swap moves indoors to Room 4 because rain is likely.

Label packets with variety and harvest year.

Cheers,
Monica",,native_prompt,False,0.9632107023411371,0.9246787582623088,0.08333333333333333,0.9671052631578947,103,33,0.5789934999775141,56.99545850045224
V18,voiceink-validation,VoiceInk validation sample,1616,1616,voiceink-refine-v1,VoiceInk Refine V1,event recap colon one hundred eighty four attendees checked in and seventeen walk ins paid at the door period the west room session filled first but but no one was turned away,"Event recap: 184 attendees checked in, and 17 walk-ins paid at the door. The West Room session filled first, but no one was turned away.",Event recap: 184 attendees checked in and 17 walked-ins paid at the door. The west room session filled first but no one was turned away.,,native_prompt,False,0.9705882352941176,0.8326424988244031,0.2,1.0,106,34,0.5893649170175195,57.68921599890432
V19,voiceink-validation,VoiceInk validation sample,1711,1711,voiceink-refine-v1,VoiceInk Refine V1,our pickup window was one to three and and no driver came can you reschedule for tomorrow morning without creating a second charge question mark there are seven boxes,"Our pickup window was 1:00 to 3:00, and no driver came. Can you reschedule for tomorrow morning without creating a second charge? There are 7 boxes.",Our pickup window was 1 to 3 and no driver came. Can you reschedule for tomorrow morning without creating a second charge? There are 7 boxes.,,native_prompt,False,0.9757785467128027,0.9035723519289056,0.07692307692307693,0.9527027027027027,104,33,0.5678384999919217,58.11511547820282
V20,voiceink-validation,VoiceInk validation sample,1826,1826,voiceink-refine-v1,VoiceInk Refine V1,lock report colon rear office lever sticks when pulled upward latch works from inside but but key rotation outside stops halfway do not force it,"Lock report: The rear-office lever sticks when pulled upward. The latch works from inside, but key rotation outside stops halfway. Do not force it.","Lock report: rear office lever sticks. When pulled upward, the latch works from inside. But key rotation outside stops halfway. Do not force it.",,native_prompt,False,0.9415807560137456,0.8008265872916018,0.3333333333333333,0.9795918367346939,99,30,0.5501563750149217,54.52995068754102
V21,voiceink-validation,VoiceInk validation sample,57,57,voiceink-refine-v1,VoiceInk Refine V1,please ask the bus station whether the midnight coach has under floor luggage storage and um whether bicycles need a separate reservation question mark for next friday night,Please ask the bus station whether the midnight coach has underfloor luggage storage and whether bicycles need a separate reservation for next Friday night.,Please ask the bus station whether the midnight coach has under-floor luggage storage and whether bicycles need a separate reservation for next Friday night.,,native_prompt,False,0.9968051118210862,0.9689607622064027,0.041666666666666664,1.0064102564102564,102,26,0.539013374975184,48.23627985334693
V22,voiceink-validation,VoiceInk validation sample,550,550,voiceink-refine-v1,VoiceInk Refine V1,ask operations why the overnight shipment went to phoenix instead of tucson comma include tracking number nine three six zero zero one and request a corrected delivery estimate,"Ask Operations why the overnight shipment went to Phoenix instead of Tucson, include tracking number 936001, and request a corrected delivery estimate.",Ask operations why the overnight shipment went to Phoenix instead of Tucson. Include tracking number 936001 and request a corrected delivery estimate.,,native_prompt,False,0.9767441860465115,0.8811646928713389,0.18181818181818182,0.9933774834437086,103,30,0.5540289169875905,54.14879815862023
V23,voiceink-validation,VoiceInk validation sample,629,629,voiceink-refine-v1,VoiceInk Refine V1,the budget deck accidentally labels fiscal year twenty twenty six as calendar year twenty twenty six period the underlying numbers are fiscal and the footnote uses the same incorrect label,The budget deck accidentally labels fiscal year 2026 as calendar year 2026. The underlying numbers are fiscal-year figures. The footnote uses the same incorrect label.,"The budget deck accidentally labels fiscal year 2026 as calendar year 2026. The underlying numbers are fiscal, and the footnote uses the same incorrect label.",,native_prompt,False,0.9415384615384617,0.8803745271713368,0.12,0.9461077844311377,104,36,0.6052007499965839,59.484394228201474
V24,voiceink-validation,VoiceInk validation sample,652,652,voiceink-refine-v1,VoiceInk Refine V1,the monday notes should say decision deferred pending tax advice comma not decision denied and the follow up owner is casey from treasury before circulating the revised record,"The Monday notes should say, “Decision deferred pending tax advice,” not “Decision denied,” and the follow-up owner is Casey from Treasury. Circulate the revised record afterward.","The Monday notes should say “Decision deferred pending tax advice,” not “Decision denied,” and the follow-up owner is Casey from Treasury before circulating the revised record.",,native_prompt,False,0.9295774647887324,0.8559841212513645,0.23076923076923078,0.9832402234636871,103,32,0.5845950420189183,54.73874682461716
V25,voiceink-validation,VoiceInk validation sample,658,658,voiceink-refine-v1,VoiceInk Refine V1,the service report lists priority one downtime as forty eight minutes the incident timeline supports only thirty eight because monitoring recovered earlier and customer success disputes the longer figure,The service report lists Priority 1 downtime as 48 minutes. The incident timeline supports only 38 minutes because monitoring recovered earlier. Customer Success disputes the longer figure.,The service report lists priority 1 downtime as 48 minutes. The incident timeline supports only 38 because monitoring recovered earlier. Customer success disputes the longer figure.,,native_prompt,False,0.9675675675675676,0.892408407184749,0.1111111111111111,0.9576719576719577,103,34,0.5911435839952901,57.51563735194137
V26,voiceink-validation,VoiceInk validation sample,669,669,voiceink-refine-v1,VoiceInk Refine V1,the investigation scope covers expense approvals from january through april it does not include vendor selection or contract negotiation unless new evidence expands the review,The investigation scope covers expense approvals from January through April. It does not include vendor selection or contract negotiation. New evidence could expand the review.,The investigation scope covers expense approvals from January through April. It does not include vendor selection or contract negotiation unless new evidence expands the review.,,native_prompt,False,0.9518413597733713,0.8836023501462565,0.2,1.0056818181818181,100,27,0.5430845000082627,49.71602025023585
V27,voiceink-validation,VoiceInk validation sample,704,704,voiceink-refine-v1,VoiceInk Refine V1,following the latest litigation update the controller approved a two hundred fifty thousand reserve comma subject to receiving counsels final estimate before close by noon tomorrow,"Following the latest litigation update, the Controller approved a $250,000 reserve, subject to receiving counsel’s final estimate before close. Counsel’s estimate is due by noon tomorrow.","Following the latest litigation update, the controller approved a $250,000 reserve, subject to receiving counsel's final estimate before close by noon tomorrow.",,native_prompt,False,0.9106628242074928,0.8048897371736682,0.2692307692307692,0.8556149732620321,102,33,0.5842688749835361,56.480845400039314
V28,voiceink-validation,VoiceInk validation sample,811,811,voiceink-refine-v1,VoiceInk Refine V1,would you send the customer the maintenance window in both eastern and greenwich mean time comma make clear that service may be intermittent before the maintenance notice is translated,"Would you send the customer the maintenance window in both Eastern Time and Greenwich Mean Time, and make clear that service may be intermittent? The maintenance notice will be translated afterward.","Would you send the customer the maintenance window in both Eastern and Greenwich Mean Time, make clear that service may be intermittent before the maintenance notice is translated.",,native_prompt,False,0.9047619047619048,0.7935074179501254,0.2903225806451613,0.9090909090909091,104,30,0.5376639589958359,55.796933192303385
V29,voiceink-validation,VoiceInk validation sample,813,813,voiceink-refine-v1,VoiceInk Refine V1,who owns the response to the accessibility questionnaire question mark product answered the first section but legal and security sections remain blank before friday afternoons submission deadline,"Who owns the response to the accessibility questionnaire? Product answered the first section, but the Legal and Security sections remain blank. Friday afternoon’s submission deadline is approaching.",Who owns the response to the accessibility questionnaire? Product answered the first section but legal and security sections remain blank before Friday afternoon's submission deadline.,,native_prompt,False,0.9109947643979058,0.7752560799722548,0.37037037037037035,0.9292929292929293,103,28,0.5410162080079317,51.754456863868114
V30,voiceink-validation,VoiceInk validation sample,817,817,voiceink-refine-v1,VoiceInk Refine V1,please route the exception request to ethics and compliance comma not employee relations and attach the original disclosure from february because the reporting path was incorrect,"Please route the exception request to Ethics and Compliance, not Employee Relations, and attach the original disclosure from February. The reporting path was incorrect.","Please route the exception request to ethics and compliance, not employee relations, and attach the original disclosure from February because the reporting path was incorrect.",,native_prompt,False,0.9446064139941691,0.8235938065679507,0.2916666666666667,1.0416666666666667,101,28,0.5354227090138011,52.29512967721037
V31,voiceink-validation,VoiceInk validation sample,840,840,voiceink-refine-v1,VoiceInk Refine V1,can we use the clients logo in the investor presentation question mark the marketing consent covers our website but does not mention fundraising materials before marketing finalizes the presentation,Can we use the client’s logo in the investor presentation? The marketing consent covers our website but does not mention fundraising materials. Marketing has not finalized the presentation.,"Can we use the client's logo in the investor presentation?

The marketing consent covers our website but does not mention fundraising materials before marketing finalizes the presentation.",,native_prompt,False,0.9336870026525199,0.8530887555266247,0.21428571428571427,0.9947089947089947,104,32,0.5792748329986352,55.241481550909
V32,voiceink-validation,VoiceInk validation sample,856,856,voiceink-refine-v1,VoiceInk Refine V1,could you request wheelchair access for the site tour comma including the production floor and emergency assembly area not only the lobby because the full group will participate,"Could you request wheelchair access for the site tour, including the production floor and emergency-assembly area, not only the lobby? The full group will participate.","Could you request wheelchair access for the site tour, including the production floor and emergency assembly area? Not only the lobby because the full group will participate.",,native_prompt,False,0.9501466275659824,0.8746480834149735,0.28,1.0419161676646707,102,30,0.5573613749875221,53.82504304441911
V33,voiceink-validation,VoiceInk validation sample,902,902,voiceink-refine-v1,VoiceInk Refine V1,for all three finalists this week ask procurement for the evaluation rubric before vendor presentations we should not change weighting after seeing demonstrations before scoring begins,"For all 3 finalists this week, ask Procurement for the evaluation rubric before vendor presentations. We should not change weighting after seeing demonstrations. Finalize the rubric before scoring begins.","For all three finalists this week, ask procurement for the evaluation rubric before vendor presentations. We should not change weighting after seeing demonstrations before scoring begins.",,native_prompt,False,0.9258312020460358,0.842586499297147,0.20689655172413793,0.9166666666666666,101,30,0.5536674580071121,54.18414892575217
V34,voiceink-validation,VoiceInk validation sample,926,926,voiceink-refine-v1,VoiceInk Refine V1,before approving reimbursement can you change coding from client entertainment to employee meal question mark all attendees were internal and no customer joined in the expense system,"Before approving reimbursement, can you change coding from Client Entertainment to Employee Meal? All attendees were internal, and no customer joined. Make the change in the expense system.","Before approving reimbursement, can you change coding from client entertainment to employee meal? All attendees were internal and no customer joined in the expense system.",,native_prompt,False,0.9277777777777778,0.7736977242788923,0.32142857142857145,0.9047619047619048,101,28,0.5306527090142481,52.76520693169249
V35,voiceink-validation,VoiceInk validation sample,1083,1083,voiceink-refine-v1,VoiceInk Refine V1,inspection item bullet point north anchor secure bullet point south anchor needs re torque bullet point conduit label missing near junction box four new line photos saved in folder seven,"Inspection items:
- North anchor secure
- South anchor needs retorquing
- Conduit label missing near Junction Box 4

Photos are saved in Folder 7.","- North anchor secure
- South anchor needs re-torque
- Conduit label missing near junction box 4
- Photos saved in folder 7",,native_prompt,False,0.862453531598513,0.6398568819525468,0.4090909090909091,0.8424657534246576,104,31,0.5466987079998944,56.70399352764885
V36,voiceink-validation,VoiceInk validation sample,1100,1100,voiceink-refine-v1,VoiceInk Refine V1,sample c twelve was thawed for approximately eighteen minutes comma returned to minus eighty and flagged for sensitivity analysis period no visible leakage occurred afterward,"Sample C12 was thawed for approximately 18 minutes, returned to −80°C, and flagged for sensitivity analysis. No visible leakage occurred afterward.","Sample C-12 was thawed for approximately 18 minutes, returned to -80°C, and flagged for sensitivity analysis. No visible leakage occurred afterward.",,native_prompt,False,0.9898305084745763,0.9315904583265516,0.09523809523809523,1.0068027210884354,100,34,0.5861203340173233,58.00856586387446
V37,voiceink-validation,VoiceInk validation sample,1177,1177,voiceink-refine-v1,VoiceInk Refine V1,for our final storage comparison write this technical question to the vendor colon what is the maximum sustained write rate with encryption enabled and raid six active question mark,"For our final storage comparison, write this technical question to the vendor: What is the maximum sustained write rate with encryption enabled and RAID 6 active?","For our final storage comparison, write this technical question to the vendor: What is the maximum sustained write rate with encryption enabled and RAID 6 active?",,native_prompt,True,1.0,1.0,0.0,1.0,103,30,0.5523187919752672,54.316457154590886
V38,voiceink-validation,VoiceInk validation sample,1209,1209,voiceink-refine-v1,VoiceInk Refine V1,for the production system prompt please turn the model instructions into a numbered priority list colon safety constraints first output schema second and style preferences third,"For the production system prompt, please turn the model instructions into a numbered priority list:
1. Safety constraints
2. Output schema
3. Style preferences","For the production system prompt, please turn the model instructions into a numbered priority list:
1. Safety constraints
2. Output schema
3. Style preferences",,native_prompt,True,1.0,1.0,0.0,1.0,100,32,0.5774773329903837,55.41343040131563
V39,voiceink-validation,VoiceInk validation sample,1412,1412,voiceink-refine-v1,VoiceInk Refine V1,class reminder colon the ecology quiz is next monday not this friday and chapters six through eight are included new line bring a pencil your field notebook and the calculator you used in lab,"Class reminder: The ecology quiz is next Monday, not this Friday, and Chapters 6 through 8 are included.
Bring a pencil, your field notebook, and the calculator you used in lab.","Class reminder: The ecology quiz is next Monday. Not this Friday.

Chapters 6 through 8 are included.

Bring a pencil, your field notebook, and the calculator you used in lab.",,native_prompt,False,0.9602272727272727,0.9133104677728638,0.2,0.9887005649717514,108,42,0.6802337910048664,61.743477838635535
V40,voiceink-validation,VoiceInk validation sample,1434,1434,voiceink-refine-v1,VoiceInk Refine V1,can you ask the pool manager whether lane four will be open for lap swimming from six to seven tomorrow comma or is the regional team still using all the deep lanes question mark,"Can you ask the pool manager whether Lane 4 will be open for lap swimming from 6:00 to 7:00 tomorrow, or is the regional team still using all the deep lanes?","Can you ask the pool manager whether Lane 4 will be open for lap swimming from 6 to 7 tomorrow, or is the regional team still using all the deep lanes?",,native_prompt,False,0.9805194805194806,0.9200502882704704,0.06451612903225806,0.9617834394904459,108,36,0.6085967920080293,59.152464279708276
V41,voiceink-validation,VoiceInk validation sample,1465,1465,voiceink-refine-v1,VoiceInk Refine V1,dispatch this is unit forty six we have smoke showing from a detached garage at eight twelve birch lane no visible flames yet send one additional engine and advise police the driveway is blocked,"Dispatch, this is Unit 46. We have smoke showing from a detached garage at 812 Birch Lane. No visible flames yet. Send 1 additional engine, and advise police that the driveway is blocked.",Dispatch this is Unit 46. We have smoke showing from a detached garage at 812 Birch Lane. No visible flames yet. Send one additional engine and advise police. The driveway is blocked.,,native_prompt,False,0.9621621621621621,0.8702389995089702,0.18181818181818182,0.9786096256684492,109,42,0.6775976249773521,61.98368833037719
V42,voiceink-validation,VoiceInk validation sample,1469,1469,voiceink-refine-v1,VoiceInk Refine V1,radio check colon team bravo can hear command clearly but but command is not receiving bravo on channel three should we switch to channel five or return to the staging area question mark,"Radio check: Team Bravo can hear Command clearly, but Command is not receiving Bravo on Channel 3. Should we switch to Channel 5 or return to the staging area?","Radio check. Command, Bravo. Can you hear command? Command is not receiving. Bravo on channel 3. Should we switch to channel 5 or return to the staging area?",,native_prompt,False,0.8734177215189873,0.7005997450333341,0.3793103448275862,0.9874213836477987,107,37,0.6134671669860836,60.31292625125827
V43,voiceink-validation,VoiceInk validation sample,1479,1479,voiceink-refine-v1,VoiceInk Refine V1,the boarding reservation is for two rabbits from october six through october tenth can they share the larger enclosure and do we need to bring their usual pellets question mark,"The boarding reservation is for 2 rabbits from October 6 through October 10. Can they share the larger enclosure, and do we need to bring their usual pellets?",The boarding reservation is for 2 rabbits from October 6 through October 10. Can they share the larger enclosure and do we need to bring their usual pellets?,,native_prompt,False,0.9968253968253968,0.9697944723038937,0.03571428571428571,0.9936708860759493,106,34,0.6093171249958687,55.80017138075765
V44,voiceink-validation,VoiceInk validation sample,1510,1510,voiceink-refine-v1,VoiceInk Refine V1,can you transcribe the handwritten caption exactly comma including the crossed out surname but mark uncertain letters with square brackets question mark dont modernize the spelling,"Can you transcribe the handwritten caption exactly, including the crossed-out surname, but mark uncertain letters with square brackets? Don’t modernize the spelling.","Can you transcribe the handwritten caption exactly, including the crossed out surname but mark uncertain letters with square brackets? Don't modernize the spelling.",,native_prompt,False,0.9848024316109423,0.9015591331287027,0.18181818181818182,0.9939393939393939,102,29,0.6551574580080342,44.26416832401284
V45,voiceink-validation,VoiceInk validation sample,1544,1544,voiceink-refine-v1,VoiceInk Refine V1,could you categorize the bike lock under transportation comma not recreation and split the ninety dollar hardware store purchase into sixty five home repair and twenty five garden question mark,"Could you categorize the bike lock under Transportation, not Recreation, and split the $90 hardware-store purchase into $65 for Home Repair and $25 for Garden?","Could you categorize the bike lock under transportation, not recreation, and split the $90 hardware store purchase into $65 home repair and $25 garden?",,native_prompt,False,0.9354838709677421,0.7721997114666039,0.36,0.949685534591195,105,34,0.7018720829801168,48.441875413590395
V46,voiceink-validation,VoiceInk validation sample,1545,1545,voiceink-refine-v1,VoiceInk Refine V1,dear loan officer ive attached pay stubs for may and june but the april file is missing from my employers portal period is a bank statement acceptable instead question mark sincerely comma remy,"Dear Loan Officer,

I’ve attached pay stubs for May and June, but the April file is missing from my employer’s portal. Is a bank statement acceptable instead?

Sincerely,
Remy","Dear Loan Officer,

I have attached the pay stubs for May and June. However, the April file is missing from my employer's portal. A bank statement is acceptable instead.

Sincerely,
Remy",,native_prompt,False,0.9085872576177284,0.7730734558982861,0.35714285714285715,1.062857142857143,111,44,0.7012854999920819,62.74192180003265
V47,voiceink-validation,VoiceInk validation sample,1621,1621,voiceink-refine-v1,VoiceInk Refine V1,could you explain why the estimate lists three point five labor hours for the alternator the phone quote said two hours and and did not mention a diagnostic fee question mark,Could you explain why the estimate lists 3.5 labor hours for the alternator? The phone quote said 2 hours and did not mention a diagnostic fee.,Could you explain why the estimate lists 3.5 labor hours for the alternator? The phone quote said 2 hours and did not mention a diagnostic fee.,,native_prompt,True,1.0,1.0,0.0,1.0,106,33,0.5919808329781517,55.745048085396256
V48,voiceink-validation,VoiceInk validation sample,1639,1639,voiceink-refine-v1,VoiceInk Refine V1,the accessible shuttle was booked for eight forty five but arrived at nine thirty passenger missed appointment r six one four can you document the delay and reschedule the ride question mark,The accessible shuttle was booked for 8:45 but arrived at 9:30. The passenger missed Appointment R614. Can you document the delay and reschedule the ride?,The accessible shuttle was booked for 8:45 but arrived at 9:30. Passenger missed appointment R614. Can you document the delay and reschedule the ride?,,native_prompt,False,0.9736842105263157,0.9091891700283302,0.12,0.974025974025974,107,39,0.693281540996395,56.254202216243335
V49,voiceink-validation,VoiceInk validation sample,1673,1673,voiceink-refine-v1,VoiceInk Refine V1,application checklist bullet point two passport photos next item proof of address next item signed declaration page next item fee receipt new line bring originals and one copy of each,"Application checklist:
- 2 passport photos
- Proof of address
- Signed declaration page
- Fee receipt

Bring the originals and 1 copy of each.","Application checklist:
- 2 passport photos
- Proof of address
- Signed declaration page
- Fee receipt

Bring originals and 1 copy of each.",,native_prompt,False,0.9857142857142859,0.9551106633955934,0.047619047619047616,0.971830985915493,104,33,0.5742239160172176,57.46887073057843
V50,voiceink-validation,VoiceInk validation sample,1691,1691,voiceink-refine-v1,VoiceInk Refine V1,dear costume rental the return sheet lists four hats but we received three period could you check the packing photo before charging the missing item fee question mark regards comma tessa,"Dear Costume Rental,

The return sheet lists 4 hats, but we received 3. Could you check the packing photo before charging the missing-item fee?

Regards,
Tessa","Dear Costume Rental,

The return sheet lists 4 hats, but we received 3. Could you check the packing photo before charging the missing item fee?

Regards,
Tessa",,native_prompt,False,0.9937106918238993,0.9668563677762352,0.08,1.0,107,38,0.6354466659831814,59.800455387086345
C01,curated-sample-50,Curated transcript cleanup sample,sample_001,,voiceink-refine-v1,VoiceInk Refine V1,the deployment finished successfully all services are healthy and no customer action is required,"The deployment finished successfully. All services are healthy, and no customer action is required.",The deployment finished successfully. All services are healthy and no customer action is required.,,native_prompt,False,0.9949238578680203,0.9498373428969487,0.07142857142857142,0.98989898989899,269,16,0.6602462920127437,24.233381078482722
C02,curated-sample-50,Curated transcript cleanup sample,sample_002,,voiceink-refine-v1,VoiceInk Refine V1,Can we move the review to Friday. because Maya is unavailable Thursday?,Can we move the review to Friday because Maya is unavailable Thursday?,Can we move the review to Friday? Because Maya is unavailable Thursday.,,native_prompt,False,0.9645390070921985,0.9017020995662581,0.25,1.0142857142857142,269,14,0.5752000840147957,24.339356667479002
C03,curated-sample-50,Curated transcript cleanup sample,sample_003,,voiceink-refine-v1,VoiceInk Refine V1,uh please send the revised contract to Priya this afternoon,Please send the revised contract to Priya this afternoon.,Please send the revised contract to Priya this afternoon.,,native_prompt,True,1.0,1.0,0.0,1.0,266,11,0.5527794169902336,19.89943847745392
C04,curated-sample-50,Curated transcript cleanup sample,sample_004,,voiceink-refine-v1,VoiceInk Refine V1,I mean the main issue is basically that the export takes too long,The main issue is that the export takes too long.,The main issue is that the export takes too long.,,native_prompt,True,1.0,1.0,0.0,1.0,268,11,0.566649000014877,19.4123699145524
C05,curated-sample-50,Curated transcript cleanup sample,sample_005,,voiceink-refine-v1,VoiceInk Refine V1,the important thing the important thing is that we keep the existing backup,The important thing is that we keep the existing backup.,The important thing is that we keep the existing backup.,,native_prompt,True,1.0,1.0,0.0,1.0,268,11,0.57010874999105,19.29456441454843
C06,curated-sample-50,Curated transcript cleanup sample,sample_006,,voiceink-refine-v1,VoiceInk Refine V1,p please confirm that the customer received the refund,Please confirm that the customer received the refund.,Please confirm that the customer received the refund.,,native_prompt,True,1.0,1.0,0.0,1.0,264,9,0.5708631669986062,15.76559939454278
C07,curated-sample-50,Curated transcript cleanup sample,sample_007,,voiceink-refine-v1,VoiceInk Refine V1,I wanted to ask whether actually please cancel tomorrow's check-in,Please cancel tomorrow's check-in.,I wanted to ask whether actually please cancel tomorrow's check-in.,,native_prompt,False,0.6534653465346536,0.7619596767066494,1.75,1.9705882352941178,267,13,0.5663592919881921,22.953627112506233
C08,curated-sample-50,Curated transcript cleanup sample,sample_008,,voiceink-refine-v1,VoiceInk Refine V1,schedule the review for Tuesday no sorry Thursday,Schedule the review for Thursday.,Schedule the review for Thursday.,,native_prompt,True,1.0,1.0,0.0,1.0,263,6,0.5088049579935614,11.792337919938127
C09,curated-sample-50,Curated transcript cleanup sample,sample_009,,voiceink-refine-v1,VoiceInk Refine V1,please review the sight migration plan before lunch,Please review the site migration plan before lunch.,Please review the sight migration plan before lunch.,,native_prompt,False,0.970873786407767,0.871767392252351,0.125,1.0196078431372548,263,9,0.5277593339851592,17.053227523311
C10,curated-sample-50,Curated transcript cleanup sample,sample_010,,voiceink-refine-v1,VoiceInk Refine V1,store the session token in red is for fifteen minutes,Store the session token in Redis for 15 minutes.,Store the session token in Redis for 15 minutes.,,native_prompt,True,1.0,1.0,0.0,1.0,265,12,0.564576709002722,21.254861932219992
C11,curated-sample-50,Curated transcript cleanup sample,sample_011,,voiceink-refine-v1,VoiceInk Refine V1,we received one thousand two hundred and forty six responses,"We received 1,246 responses.","We received 1,246 responses.",,native_prompt,True,1.0,1.0,0.0,1.0,265,10,0.544781292002881,18.355990095098782
C12,curated-sample-50,Curated transcript cleanup sample,sample_012,,voiceink-refine-v1,VoiceInk Refine V1,the workshop starts on September twenty third twenty twenty six,"The workshop starts on September 23, 2026.","The workshop starts on September 23, 2026.",,native_prompt,True,1.0,1.0,0.0,1.0,265,15,0.5827042500022799,25.742046672804104
C13,curated-sample-50,Curated transcript cleanup sample,sample_013,,voiceink-refine-v1,VoiceInk Refine V1,the call begins at four thirty p m,The call begins at 4:30 PM.,The call begins at 4:30 PM.,,native_prompt,True,1.0,1.0,0.0,1.0,263,11,0.5380317500093952,20.444890101388843
C14,curated-sample-50,Curated transcript cleanup sample,sample_014,,voiceink-refine-v1,VoiceInk Refine V1,the replacement costs forty nine dollars and weighs two point five kilograms,The replacement costs $49 and weighs 2.5 kilograms.,The replacement costs $49 and weighs 2.5 kilograms.,,native_prompt,True,1.0,1.0,0.0,1.0,267,14,0.5547827920236159,25.23510137892678
C15,curated-sample-50,Curated transcript cleanup sample,sample_015,,voiceink-refine-v1,VoiceInk Refine V1,send the receipt to finance at acme dot com,Send the receipt to finance@acme.com.,Send the receipt to finance@acme.com,,native_prompt,False,0.9863013698630136,0.942792549390486,0.2,0.972972972972973,265,9,0.5373278750048485,16.749549797539892
C16,curated-sample-50,Curated transcript cleanup sample,sample_016,,voiceink-refine-v1,VoiceInk Refine V1,the documentation is available at docs dot example dot com slash setup,The documentation is available at docs.example.com/setup.,The documentation is available at docs.example.com/setup,,native_prompt,False,0.9911504424778761,0.9564427493121079,0.16666666666666666,0.9824561403508771,267,9,0.538967957982095,16.698580809323342
C17,curated-sample-50,Curated transcript cleanup sample,sample_017,,voiceink-refine-v1,VoiceInk Refine V1,yes comma I can send the draft today semicolon the figures will follow tomorrow period great work everyone exclamation mark,"Yes, I can send the draft today; the figures will follow tomorrow. Great work, everyone!","Yes, I can send the draft today; the figures will follow tomorrow. Great work everyone!",,native_prompt,False,0.9942857142857143,0.9478595522878821,0.06666666666666667,0.9886363636363636,277,19,0.6075061669980641,31.275402674324695
C18,curated-sample-50,Curated transcript cleanup sample,sample_018,,voiceink-refine-v1,VoiceInk Refine V1,Maya said open quote the release is ready close quote,"Maya said, “The release is ready.”","Maya said, “The release is ready.”",,native_prompt,True,1.0,1.0,0.0,1.0,266,10,0.5342518329853192,18.71776451214308
C19,curated-sample-50,Curated transcript cleanup sample,sample_019,,voiceink-refine-v1,VoiceInk Refine V1,the migration is complete period new paragraph customers do not need to take any action period,"The migration is complete.

Customers do not need to take any action.","The migration is complete.

Customers do not need to take any action.",,native_prompt,True,1.0,1.0,0.0,1.0,271,15,0.5587900420068763,26.84371386814265
C20,curated-sample-50,Curated transcript cleanup sample,sample_020,,voiceink-refine-v1,VoiceInk Refine V1,bullet list apples new line rice new line olive oil,"- Apples
- Rice
- Olive oil","- Apples
- Rice
- Olive oil",,native_prompt,True,1.0,1.0,0.0,1.0,265,10,0.5284887090092525,18.92188012634519
C21,curated-sample-50,Curated transcript cleanup sample,sample_021,,voiceink-refine-v1,VoiceInk Refine V1,numbered list first back up the database second deploy the service third run the smoke tests,"1. Back up the database.
2. Deploy the service.
3. Run the smoke tests.","1. Back up the database
2. Deploy the service
3. Run the smoke tests",,native_prompt,False,0.9784172661870504,0.8522943293956972,0.25,0.9577464788732394,272,19,0.6002045840141363,31.65587285743306
C22,curated-sample-50,Curated transcript cleanup sample,sample_022,,voiceink-refine-v1,VoiceInk Refine V1,dear Anika new paragraph thank you for reviewing the proposal new paragraph best regards new line Sam,"Dear Anika,

Thank you for reviewing the proposal.

Best regards,
Sam","Dear Anika,

Thank you for reviewing the proposal.

Best regards,

Sam",,native_prompt,False,0.9928057553956835,1.0,0.2,1.0144927536231885,274,18,0.6339090830006171,28.39523913239539
C23,curated-sample-50,Curated transcript cleanup sample,sample_023,,voiceink-refine-v1,VoiceInk Refine V1,heading weekly status new paragraph all planned work is complete,"# Weekly Status

All planned work is complete.","# Weekly Status

All planned work is complete.",,native_prompt,True,1.0,1.0,0.0,1.0,265,10,0.5465105840121396,18.297907291357912
C24,curated-sample-50,Curated transcript cleanup sample,sample_024,,voiceink-refine-v1,VoiceInk Refine V1,the word comma appears twice in the first paragraph,The word “comma” appears twice in the first paragraph.,The word comma appears twice in the first paragraph.,,native_prompt,False,0.9811320754716981,0.8423853483413423,0.1111111111111111,0.9629629629629629,264,10,0.5396753750101198,18.529657759189927
C25,curated-sample-50,Curated transcript cleanup sample,sample_025,,voiceink-refine-v1,VoiceInk Refine V1,attach the file quarterly report final dot pdf and reference ticket a c m e dash four two seven,Attach the file quarterly-report-final.pdf and reference ticket ACME-427.,Attach the file quarterly report final.pdf and reference ticket ACM-4-2-7.,,native_prompt,False,0.9523809523809522,0.7679167783182552,0.5,1.0136986301369864,274,18,0.6108412079920527,29.467560086801132
C26,curated-sample-50,Curated transcript cleanup sample,sample_026,,voiceink-refine-v1,VoiceInk Refine V1,hi Priya comma new paragraph um could you send the revised budget to finance at acme dot com by four p m question mark new paragraph thanks comma new line Daniel,"Hi Priya,

Could you send the revised budget to finance@acme.com by 4:00 PM?

Thanks,
Daniel","Hi Priya,

Could you send the revised budget to finance at acme.com by 4:00 PM?

Thanks,
Daniel",,native_prompt,False,0.9732620320855615,0.9354211830030705,0.21428571428571427,1.0326086956521738,288,30,0.7075822080078069,42.397900428368324
C27,curated-sample-50,Curated transcript cleanup sample,sample_027,,voiceink-refine-v1,VoiceInk Refine V1,numbered list first archive the last thirty days of logs second increase the time out to forty five seconds third restart the a p i gateway,"1. Archive the last 30 days of logs.
2. Increase the timeout to 45 seconds.
3. Restart the API gateway.","1. Archive the last 30 days of logs.
2. Increase the timeout to 45 seconds.
3. Restart the API gateway.",,native_prompt,True,1.0,1.0,0.0,1.0,282,32,0.7281060839886777,43.949639624900605
C28,curated-sample-50,Curated transcript cleanup sample,sample_028,,voiceink-refine-v1,VoiceInk Refine V1,okay bullet list um coffee beans new line coffee filters coffee filters new line oat milk new line dish soap,"- Coffee beans
- Coffee filters
- Oat milk
- Dish soap","- Coffee beans
- Coffee filters
- Oat milk
- Dish soap",,native_prompt,True,1.0,1.0,0.0,1.0,275,16,0.5868372500117403,27.26479956696666
C29,curated-sample-50,Curated transcript cleanup sample,sample_029,,voiceink-refine-v1,VoiceInk Refine V1,heading meeting notes new paragraph date August thirtieth twenty twenty six new line time ten thirty a m new paragraph bullet list finalize the launch copy new line confirm the support schedule new line send the customer notice,"# Meeting Notes

Date: August 30, 2026
Time: 10:30 AM

- Finalize the launch copy.
- Confirm the support schedule.
- Send the customer notice.","# Meeting Notes

**Date:** August 30, 2026
**Time:** 10:30 AM

- Finalize the launch copy
- Confirm the support schedule
- Send the customer notice",,native_prompt,False,0.9619377162629758,0.8044648485201616,0.22727272727272727,1.0352112676056338,295,47,0.8677194170013536,54.164974390479365
C30,curated-sample-50,Curated transcript cleanup sample,sample_030,,voiceink-refine-v1,VoiceInk Refine V1,Ravi said open quote we can launch on Monday no Tuesday close quote,"Ravi said, “We can launch on Tuesday.”","Ravi said, “We can launch on Monday. No, Tuesday.”",,native_prompt,False,0.8636363636363636,0.8507147144859778,0.2857142857142857,1.3157894736842106,269,15,0.587268416013103,25.541983173270676
C31,curated-sample-50,Curated transcript cleanup sample,sample_031,,voiceink-refine-v1,VoiceInk Refine V1,uh upgrade the service to version two point four point one comma then check the guide at docs dot example dot com slash upgrade,"Upgrade the service to version 2.4.1, then check the guide at docs.example.com/upgrade.","Upgrade the service to version 2.4.1, then check the guide at docs.example.com/upgrade.",,native_prompt,True,1.0,1.0,0.0,1.0,279,23,0.6459473339782562,35.60661804786429
C32,curated-sample-50,Curated transcript cleanup sample,sample_032,,voiceink-refine-v1,VoiceInk Refine V1,ship three boxes to twenty four lake view road apartment seven b Kathmandu,"Ship 3 boxes to 24 Lake View Road, Apartment 7B, Kathmandu.","Ship 3 boxes to 24 Lake View Road, Apartment 7, Kathmandu.",,native_prompt,False,0.9914529914529915,0.9173018455290948,0.09090909090909091,0.9830508474576272,270,20,0.6268558750161901,31.90526051858962
C33,curated-sample-50,Curated transcript cleanup sample,sample_033,,voiceink-refine-v1,VoiceInk Refine V1,move the demo from September tenth at two p m no make that September eleventh at three thirty p m,Move the demo to September 11 at 3:30 PM.,"Move the demo from September 10th at 2:00 PM. No, make that September 11th at 3:30 PM.",,native_prompt,False,0.6456692913385826,0.6079987830592986,1.1111111111111112,2.097560975609756,276,34,0.7380234590091277,46.068996296741695
C34,curated-sample-50,Curated transcript cleanup sample,sample_034,,voiceink-refine-v1,VoiceInk Refine V1,heading quarterly results new paragraph bullet list revenue increased by twelve percent new line support costs fell by eight point five percent new line cash balance is two point three million dollars,"# Quarterly Results

- Revenue increased by 12%.
- Support costs fell by 8.5%.
- Cash balance is $2.3 million.","**Quarterly results**

*   Revenue increased by 12%
*   Support costs fell by 8.5%
*   Cash balance is $2.3 million",,native_prompt,False,0.8977777777777777,0.7165680192952606,0.3888888888888889,1.0454545454545454,287,38,0.7615003749961033,49.90148560359468
C35,curated-sample-50,Curated transcript cleanup sample,sample_035,,voiceink-refine-v1,VoiceInk Refine V1,okay steps colon first download the archive second unzip it into the tools folder third run setup dot sh,"Steps:

1. Download the archive.
2. Unzip it into the tools folder.
3. Run setup.sh.","Steps:
1. Download the archive.
2. Unzip it into the tools folder.
3. Run setup.sh",,native_prompt,False,0.9879518072289156,0.9815796886041355,0.23076923076923078,0.9761904761904762,274,26,0.6851355830149259,37.94869314127212
C36,curated-sample-50,Curated transcript cleanup sample,sample_036,,voiceink-refine-v1,VoiceInk Refine V1,the pilot went well period new paragraph um twelve people completed onboarding comma and ten activated their accounts period new paragraph the next session is Friday at nine a m full stop,"The pilot went well.

Twelve people completed onboarding, and 10 activated their accounts.

The next session is Friday at 9:00 AM.","The pilot went well.

12 people completed onboarding, and 10 activated their accounts.

The next session is Friday at 9 AM.",,native_prompt,False,0.9565217391304348,0.8817596193979744,0.09523809523809523,0.9461538461538461,288,32,0.7549262919928879,42.38824417616319
C37,curated-sample-50,Curated transcript cleanup sample,sample_037,,voiceink-refine-v1,VoiceInk Refine V1,hello Marcus comma new paragraph please send the invoice to billing at north star dot io no sorry accounts at north star dot io new paragraph kind regards comma new line Lena,"Hello Marcus,

Please send the invoice to accounts@northstar.io.

Kind regards,
Lena","Hello Marcus,

Please send the invoice to billing@northstar.io.

Kind regards,

Lena",,native_prompt,False,0.9166666666666665,0.8615915116470677,0.3,1.0,287,22,0.6410265419981442,34.319951762720756
C38,curated-sample-50,Curated transcript cleanup sample,sample_038,,voiceink-refine-v1,VoiceInk Refine V1,bug report colon the app crashes when opening settings dot j son period attach crash log dash two zero two six zero eight three zero dot text and reference issue v o i dash nine one eight,Bug report: The app crashes when opening settings.json. Attach crash-log-20260830.txt and reference issue VOI-918.,"Bug report: The app crashes when opening settings.json.

Attach crash log 20260830.0 and reference issue VOI-918.",,native_prompt,False,0.9515418502202643,0.8856893648814819,0.21428571428571427,0.9912280701754386,292,36,0.7920382499869447,45.452350313376144
C39,curated-sample-50,Curated transcript cleanup sample,sample_039,,voiceink-refine-v1,VoiceInk Refine V1,note colon the trial period ends tomorrow comma but the word period in the heading should remain lowercase period,"Note: The trial period ends tomorrow, but the word “period” in the heading should remain lowercase.","Note: The trial period ends tomorrow, but the word ""period"" in the heading should remain lowercase.",,native_prompt,False,0.9797979797979798,0.9120492259293733,0.0625,1.0,274,21,0.6557822079921607,32.02282670079856
C40,curated-sample-50,Curated transcript cleanup sample,sample_040,,voiceink-refine-v1,VoiceInk Refine V1,open quote good writing is clear writing close quote new line dash Maya Chen,"“Good writing is clear writing.”
—Maya Chen","""Good writing is clear writing.""
- Maya Chen",,native_prompt,False,0.9195402298850575,0.7340467533556305,0.5,1.0232558139534884,269,11,0.5603045000170823,19.632182143217904
C41,curated-sample-50,Curated transcript cleanup sample,sample_041,,voiceink-refine-v1,VoiceInk Refine V1,recipe colon new paragraph numbered list first mix two cups of flour and one teaspoon of salt second add three hundred milliliters of water third bake for forty minutes at two hundred degrees Celsius,"Recipe:

1. Mix 2 cups of flour and 1 teaspoon of salt.
2. Add 300 milliliters of water.
3. Bake for 40 minutes at 200 degrees Celsius.","Recipe:

1. Mix 2 cups of flour and 1 teaspoon of salt.
2. Add 300 milliliters of water.
3. Bake for 40 minutes at 200 degrees Celsius.",,native_prompt,True,1.0,1.0,0.0,1.0,291,49,0.8879239580128342,55.18490582195975
C42,curated-sample-50,Curated transcript cleanup sample,sample_042,,voiceink-refine-v1,VoiceInk Refine V1,travel plan colon new paragraph September fifth flight at seven fifteen a m new line September sixth workshop at nine a m new line hotel budget one hundred eighty dollars per night,"Travel Plan:

- September 5: Flight at 7:15 AM.
- September 6: Workshop at 9:00 AM.
- Hotel budget: $180 per night.","Travel plan:
- September 5th flight at 7:15 AM
- September 6th workshop at 9:00 AM
- Hotel budget: $180 per night",,native_prompt,False,0.9298245614035088,0.7292586813174551,0.45,0.9826086956521739,287,42,0.7966200420050882,52.72275085407873
C43,curated-sample-50,Curated transcript cleanup sample,sample_043,,voiceink-refine-v1,VoiceInk Refine V1,heading customer update new paragraph um three updates colon the mobile fix is live comma the desktop release is in review in review comma and support has answered all open tickets,"# Customer Update

- The mobile fix is live.
- The desktop release is in review.
- Support has answered all open tickets.","**Customer Update**

3. Updates:
- The mobile fix is live.
- The desktop release is in review.
- Support has answered all open tickets.",,native_prompt,False,0.9296875,0.9154489285014589,0.19047619047619047,1.115702479338843,286,35,0.7388053329777904,47.373778230499255
C44,curated-sample-50,Curated transcript cleanup sample,sample_044,,voiceink-refine-v1,VoiceInk Refine V1,the c c d n cache cache should expire after three hundred seconds and the key belongs in red is,"The CDN cache should expire after 300 seconds, and the key belongs in Redis.",The CCDN cache should expire after 300 seconds and the key belongs in red.,,native_prompt,False,0.96,0.8034788220939323,0.21428571428571427,0.9736842105263158,275,19,0.6147652080107946,30.906108140827612
C45,curated-sample-50,Curated transcript cleanup sample,sample_045,,voiceink-refine-v1,VoiceInk Refine V1,question colon are we still planning to launch Friday question mark new paragraph answer colon yes comma assuming the final review passes period,"Question: Are we still planning to launch Friday?

Answer: Yes, assuming the final review passes.","Question: Are we still planning to launch Friday?

Answer: Yes, assuming the final review passes.",,native_prompt,True,1.0,1.0,0.0,1.0,278,21,0.6467371670005377,32.470686812997926
C46,curated-sample-50,Curated transcript cleanup sample,sample_046,,voiceink-refine-v1,VoiceInk Refine V1,hello this is Nina from Acme support comma I'm calling about ticket a c dash seven four two period please call me back at five p m period thank you,"Hello, this is Nina from Acme Support. I'm calling about ticket AC-742. Please call me back at 5:00 PM. Thank you.","Hello, this is Nina from Acme Support. I'm calling about ticket A-C-7-4-2. Please call me back at 5:00 PM. Thank you.",,native_prompt,False,0.987012987012987,0.9364328043513381,0.047619047619047616,1.0263157894736843,287,39,0.7852571659896057,49.66525832445092
C47,curated-sample-50,Curated transcript cleanup sample,sample_047,,voiceink-refine-v1,VoiceInk Refine V1,heading launch checklist new paragraph bullet list open quote release approved close quote from Maya new line deploy version three point two new line email status at acme dot com after launch,"# Launch Checklist

- “Release approved,” from Maya.
- Deploy version 3.2.
- Email status@acme.com after launch.","**Launch Checklist**

*   Release approved
*   Deploy version 3.2
*   Email status at acme.com after launch",,native_prompt,False,0.8310502283105023,0.5848658597219725,0.8666666666666667,0.9553571428571429,288,29,0.6947388749977108,41.74230209889371
C48,curated-sample-50,Curated transcript cleanup sample,sample_048,,voiceink-refine-v1,VoiceInk Refine V1,dear team comma uh the launch is complete period the launch is complete and all systems are healthy period please report issues at status dot example dot com slash support period best comma Arjun,"Dear Team,

The launch is complete, and all systems are healthy.

Please report issues at status.example.com/support.

Best,
Arjun","Dear team,

The launch is complete. All systems are healthy. Please report issues at status.example.com/support. Best, Arjun",,native_prompt,False,0.9291338582677166,0.8737471195259784,0.35294117647058826,0.9538461538461539,291,27,0.7108974999864586,37.980158884388125
C49,curated-sample-50,Curated transcript cleanup sample,sample_049,,voiceink-refine-v1,VoiceInk Refine V1,"The migration completed successfully, and no customer action is required.","The migration completed successfully, and no customer action is required.","The migration completed successfully, and no customer action is required.",,native_prompt,True,1.0,1.0,0.0,1.0,267,12,0.5490404590091202,21.856312778218527
C50,curated-sample-50,Curated transcript cleanup sample,sample_050,,voiceink-refine-v1,VoiceInk Refine V1,Could you send the revised proposal before Friday afternoon?,Could you send the revised proposal before Friday afternoon?,Could you send the revised proposal before Friday afternoon?,,native_prompt,True,1.0,1.0,0.0,1.0,265,10,0.5460669169842731,18.31277392746355
